product_id,product_name,brand_name,loves_count,rating,reviews,price_usd,primary_category,secondary_category,tertiary_category,limited_edition,new,online_only,sephora_exclusive,Review_Count,Consumer_Rating,Recommendation_Rate,Positive_Share,Negative_Share,Avg_Helpfulness,Love_Index,Review_Index,Attention_Index,Rating_Index,Recommendation_Index,Experience_Index,Consumer_Signal
P439055,GENIUS Sleeping Collagen Moisturizer,Algenist,33910,4.5413,1321.0,98.0,Skincare,Moisturizers,Moisturizers,0,0,0,1,1321.0,4.541256623769871,0.9205147615442847,0.9053747161241483,0.04996214988644966,0.7540757542302371,0.7389215162840364,0.8868126001067805,0.7980779498131341,0.8853141559424678,0.9205147615442847,0.8988834216502649,HERO PRODUCT
P421277,GENIUS Liquid Collagen Serum,Algenist,67870,4.0259,1159.0,115.0,Skincare,Treatments,Face Serums,0,0,0,1,1159.0,4.0258843830888695,0.7628774422735346,0.7446074201898188,0.1898188093183779,0.717287188916261,0.8798718633208756,0.8691938067271756,0.8756006406833956,0.7564710957722174,0.7628774422735346,0.7566134483852527,HYPE GAP
P467602,Triple Algae Eye Renewal Balm Eye Cream,Algenist,17890,4.5306,1142.0,68.0,Skincare,Eye Care,Eye Creams & Treatments,0,0,0,1,1142.0,4.530647985989492,0.9387040280210157,0.9150612959719789,0.021015761821366025,0.7238111500085497,0.5696743192738921,0.8673251468232782,0.6887346502936466,0.882661996497373,0.9387040280210157,0.9043345008756567,HERO PRODUCT
P432045,GENIUS Liquid Collagen Lip Treatment,Algenist,44448,3.8721,649.0,29.0,Skincare,Lip Balms & Treatments,,0,0,0,1,649.0,3.87211093990755,0.7134052388289677,0.7057010785824345,0.23112480739599384,0.7503251304171678,0.805125467164976,0.7626801922050187,0.7881473571809932,0.7180277349768875,0.7134052388289677,0.7147919876733436,HYPE GAP
P311143,SUBLIME DEFENSE Ultra Lightweight UV Defense Fluid SPF 50,Algenist,27278,4.4134,508.0,28.0,Skincare,Sunscreen,Face Sunscreen,0,0,0,0,508.0,4.413385826771654,0.8146551724137931,0.8287401574803149,0.08858267716535433,0.8702005832984641,0.6849973304858515,0.6994127068873465,0.6907634810464496,0.8533464566929134,0.8146551724137931,0.8380481265272877,HYPE GAP
P384537,GENIUS Ultimate Anti-Aging Cream,Algenist,19733,4.2525,503.0,112.0,Skincare,Moisturizers,Moisturizers,0,0,0,0,503.0,4.252485089463221,0.7621951219512195,0.7912524850894632,0.12127236580516898,0.7287504828708955,0.596369460758142,0.696476241324079,0.6364121729845169,0.8131212723658052,0.7621951219512195,0.7945631091499783,HYPE GAP
P388200,GENIUS Ultimate Anti-Aging Melting Cleanser,Algenist,9314,4.0569,334.0,38.0,Skincare,Cleansers,Face Wash & Cleansers,0,0,0,0,334.0,4.0568862275449105,0.7592592592592593,0.7395209580838323,0.18862275449101795,0.7647669486050467,0.34970635344367323,0.5691404164442072,0.4374799786438868,0.7642215568862276,0.7592592592592593,0.7590277777777779,LOW TRACTION
P296413,Gentle Rejuvenating Cleanser,Algenist,7681,4.2689,264.0,28.0,Skincare,Cleansers,Face Wash & Cleansers,0,0,0,0,264.0,4.268939393939394,0.7068965517241379,0.7954545454545454,0.09848484848484848,0.8380657424877959,0.28990923651895356,0.50427122263748,0.3756540309663642,0.8172348484848484,0.7068965517241379,0.7808663140020898,LOW TRACTION
P500716,10 Day Results Kit,Algenist,3206,4.8023,258.0,88.0,Skincare,Value & Gift Sets,,0,0,0,1,258.0,4.8023255813953485,0.9806201550387597,0.9806201550387597,0.007751937984496124,0.6315789457998777,0.10464495461825948,0.4986652429257875,0.26225306994127073,0.9505813953488371,0.9806201550387597,0.9640988372093023,HIDDEN GEM
P379907,Advanced Anti-Aging Repairing Oil,Algenist,10676,4.4531,245.0,82.0,Skincare,Moisturizers,Face Oils,0,0,0,0,245.0,4.453061224489796,0.9655172413793104,0.8693877551020408,0.10204081632653061,0.82619380024927,0.397757608115323,0.4845168179391351,0.43246129204484784,0.8632653061224489,0.9655172413793104,0.8948592540464462,HIDDEN GEM
P296415,Overnight Restorative Cream,Algenist,10578,4.3808,239.0,94.0,Skincare,Moisturizers,Moisturizers,0,0,0,0,239.0,4.380753138075314,0.68,0.8326359832635983,0.100418410041841,0.7765523242205381,0.39508809396689804,0.4751735184196476,0.4271222637479979,0.8451882845188285,0.68,0.7937489539748954,LOW TRACTION
P392945,GENIUS Ultimate Anti-Aging Vitamin C+ Serum,Algenist,10068,3.9825,229.0,118.0,Skincare,Treatments,Face Serums,0,0,0,0,229.0,3.982532751091703,0.7291666666666666,0.7248908296943232,0.1965065502183406,0.7529508464590267,0.37640149492792313,0.46769887880405764,0.41292044847837694,0.7456331877729258,0.7291666666666666,0.7375818777292577,LOW TRACTION
P282935,Regenerative Anti-Aging Moisturizer,Algenist,6807,4.2715,221.0,94.0,Skincare,Moisturizers,Moisturizers,0,0,0,0,221.0,4.271493212669683,0.5833333333333334,0.8099547511312217,0.13122171945701358,0.7978911517197604,0.25573945541911375,0.4575547250400427,0.33646556326748533,0.8178733031674208,0.5833333333333334,0.7463235294117647,LOW TRACTION
P474809,Blue Algae Vitamin C Skinclarity Brightening Serum,Algenist,6040,4.6087,207.0,72.0,Skincare,Treatments,Face Serums,0,0,0,1,207.0,4.608695652173913,0.9178743961352657,0.9033816425120773,0.033816425120772944,0.594837043234097,0.22317138280832888,0.44340630005339027,0.31126534970635344,0.9021739130434783,0.9178743961352657,0.9070652173913044,HIDDEN GEM
P416552,POWER Recharging Night Pressed Serum,Algenist,10859,4.3854,205.0,95.0,Skincare,Treatments,Face Serums,0,0,0,1,205.0,4.385365853658537,0.8375,0.8390243902439024,0.1024390243902439,0.7748187364557305,0.402028830752803,0.4394020288307528,0.4169781099839829,0.8463414634146342,0.8375,0.8425914634146342,HIDDEN GEM
P471000,Algae Niacinamide Moisture Veil,Algenist,4845,4.6982,169.0,65.0,Skincare,Moisturizers,Moisturizers,0,0,0,1,169.0,4.6982248520710055,0.9349112426035503,0.9467455621301775,0.023668639053254437,0.8036474958688271,0.16924719701014415,0.3825413774693006,0.2545648691938068,0.9245562130177514,0.9349112426035503,0.930991124260355,HIDDEN GEM
P480274,GENIUS Liquid Skin Resurfacing 2% BHA Toner,Algenist,4693,4.7939,165.0,40.0,Skincare,Cleansers,Toners,0,0,0,1,165.0,4.793939393939394,0.9878787878787879,0.9878787878787879,0.006060606060606061,0.6219464045889834,0.1628403630539242,0.3742658836091831,0.24741057127602778,0.9484848484848485,0.9878787878787879,0.9662121212121213,HIDDEN GEM
P453818,GENIUS Collagen Calming Relief,Algenist,11763,4.464,125.0,58.0,Skincare,Moisturizers,Moisturizers,0,0,0,1,125.0,4.464,0.912,0.864,0.056,0.8920267548443924,0.42765616657768285,0.30512546716497596,0.3786438868126001,0.8660000000000001,0.912,0.8795000000000002,HIDDEN GEM
P442859,ALIVE Prebiotic Balancing Mask,Algenist,14367,4.3729,118.0,38.0,Skincare,Masks,Face Masks,0,0,0,1,118.0,4.372881355932203,0.8389830508474576,0.8389830508474576,0.11864406779661017,0.7767711481168157,0.49172450613988256,0.2936465563267485,0.412493326214629,0.8432203389830508,0.8389830508474576,0.841313559322034,HIDDEN GEM
P388262,GENIUS Ultimate Anti-Aging Eye Cream,Algenist,6866,3.7759,116.0,74.0,Skincare,Eye Care,Eye Creams & Treatments,0,0,0,0,116.0,3.7758620689655173,0.717948717948718,0.6293103448275862,0.27586206896551724,0.7894651153177585,0.2589428723972237,0.29017618793379607,0.27143619861185264,0.6939655172413793,0.717948717948718,0.691462201591512,LOW TRACTION
P457694,Blue Algae Vitamin C Dark Spot Correcting Peel,Algenist,11488,4.213,108.0,85.0,Skincare,Treatments,Facial Peels,0,0,0,1,108.0,4.212962962962963,0.8240740740740741,0.8055555555555556,0.12037037037037036,0.7874999352863856,0.4196476241324079,0.27549386011745863,0.3619861185264282,0.8032407407407407,0.8240740740740741,0.809837962962963,LOW TRACTION
P447504,AA (Alguronic Acid) Barrier Serum,Algenist,3877,3.97,100.0,85.0,Skincare,Treatments,Face Serums,0,0,0,1,100.0,3.97,0.74,0.74,0.19,0.7388141956380618,0.13240790176187933,0.2586759209823812,0.18291510945008008,0.7425,0.74,0.741375,LOW TRACTION
P404169,POWER Advanced Wrinkle Fighter 360° Eye Serum,Algenist,9082,4.023,87.0,70.0,Skincare,Eye Care,Eye Creams & Treatments,0,0,0,1,88.0,4.034090909090909,0.7380952380952381,0.7613636363636364,0.20454545454545456,0.7369207771385418,0.3427656166577683,0.23117992525360384,0.29813134009610254,0.7585227272727273,0.7380952380952381,0.7528206168831169,LOW TRACTION
P404168,POWER Advanced Wrinkle Fighter Moisturizer,Algenist,5169,4.1818,77.0,85.0,Skincare,Moisturizers,Moisturizers,0,0,0,1,77.0,4.181818181818182,0.6785714285714286,0.7662337662337663,0.16883116883116883,0.769544443971402,0.1825947677522691,0.201815269620929,0.19028296849973306,0.7954545454545454,0.6785714285714286,0.7560064935064934,LOW TRACTION
P433469,ELEVATE Advanced Retinol Serum,Algenist,5451,4.1026,39.0,98.0,Skincare,Treatments,Face Serums,0,0,0,0,39.0,4.102564102564102,0.7692307692307693,0.7692307692307693,0.23076923076923078,0.764195967661707,0.196476241324079,0.07100907634810465,0.14628937533368924,0.7756410256410255,0.7692307692307693,0.7727564102564103,LOW TRACTION
P420638,ELEVATE Advanced Lift Contouring Cream,Algenist,3317,4.3243,37.0,96.0,Skincare,Moisturizers,Moisturizers,0,0,0,0,37.0,4.324324324324325,0.7857142857142857,0.7837837837837838,0.05405405405405406,0.8161389714962727,0.11105178857447945,0.0605979711692472,0.09087026161238654,0.8310810810810811,0.7857142857142857,0.8103764478764479,LOW TRACTION
P456990,Mini GENIUS Liquid Collagen,Algenist,8900,3.4412,34.0,25.0,Skincare,Mini Size,,0,0,0,1,35.0,3.4,0.5428571428571428,0.5142857142857142,0.2571428571428571,0.7839460905422183,0.3342231713828083,0.04965296316070475,0.2203950880939669,0.6,0.5428571428571428,0.5700000000000001,LOW TRACTION
P410809,ELEVATE Firming & Lifting Contouring Eye Cream,Algenist,1957,3.2581,31.0,72.0,Skincare,Eye Care,Eye Creams & Treatments,0,0,0,0,31.0,3.2580645161290325,0.5294117647058824,0.5161290322580645,0.3870967741935484,0.7405042315904911,0.0597971169247197,0.03310197544046983,0.04911906033101975,0.5645161290322581,0.5294117647058824,0.5467267552182163,LOW TRACTION
P442860,ALIVE Prebiotic Balancing Moisturizer SPF 15,Algenist,1897,3.2,30.0,40.0,Skincare,Moisturizers,Moisturizers,0,0,0,1,30.0,3.2,0.5333333333333333,0.4666666666666667,0.36666666666666664,0.8118927941240114,0.05659369994660972,0.027762947143619862,0.045061398825413775,0.55,0.5333333333333333,0.5325,LOW TRACTION
P440949,Liquid Gold Exfoliating Treatment with Glycolic acid,Alpha-H,18300,4.5093,915.0,56.0,Skincare,Treatments,Face Serums,0,0,1,0,915.0,4.509289617486338,0.921311475409836,0.892896174863388,0.03715846994535519,0.784674008108089,0.5776828617191672,0.816871329418046,0.6733582487987186,0.8773224043715846,0.921311475409836,0.8928551912568305,HERO PRODUCT
P442540,Vitamin A Serum with 0.5% Retinol,Alpha-H,7074,4.3579,95.0,65.0,Skincare,Treatments,Face Serums,0,0,1,0,95.0,4.3578947368421055,0.8736842105263158,0.8631578947368421,0.042105263157894736,0.7961522025474603,0.26748531767218364,0.24853176721836626,0.2599038974906567,0.8394736842105264,0.8736842105263158,0.8532894736842106,HIDDEN GEM
P442539,Vitamin B Serum with 5% Niacinamide and Peptides,Alpha-H,6331,4.2619,84.0,65.0,Skincare,Treatments,Face Serums,0,0,1,0,84.0,4.261904761904762,0.8809523809523809,0.8571428571428571,0.07142857142857142,0.762729153323632,0.2381206620395088,0.22156967431927388,0.23150026695141482,0.8154761904761905,0.8809523809523809,0.8413690476190476,HIDDEN GEM
P442546,Balancing Cleanser,Alpha-H,3612,4.5455,77.0,38.0,Skincare,Cleansers,Face Wash & Cleansers,0,0,1,0,77.0,4.545454545454546,0.935064935064935,0.8831168831168831,0.03896103896103896,0.9233551965632909,0.12279765082754938,0.201815269620929,0.15440469834490123,0.8863636363636365,0.935064935064935,0.9004870129870131,HIDDEN GEM
P442548,Mini Liquid Gold Exfoliating Treatment with Glycolic Acid,Alpha-H,11971,4.0,34.0,22.0,Skincare,Mini Size,,0,0,1,0,34.0,4.0,0.7058823529411765,0.7352941176470589,0.17647058823529413,0.7796846159240779,0.43566470902295784,0.04591564335290977,0.2797650827549386,0.75,0.7058823529411765,0.7345588235294118,LOW TRACTION
P455237,Melt Moisturizer with Bakuchiol and Squalane,alpyn beauty,17458,4.514,465.0,60.0,Skincare,Moisturizers,Moisturizers,0,0,0,0,465.0,4.513978494623656,0.8946236559139785,0.8881720430107527,0.07526881720430108,0.6729925445235166,0.5589962626801922,0.6695141484249867,0.60320341697811,0.8784946236559139,0.8946236559139785,0.884784946236559,HERO PRODUCT
P465741,Wild Huckleberry 8-Acid Polishing Peel Mask,alpyn beauty,28060,4.6801,347.0,56.0,Skincare,Masks,Face Masks,0,0,0,0,349.0,4.681948424068768,0.9398280802292264,0.9255014326647565,0.02865329512893983,0.7555136968286091,0.6935397757608115,0.5822210357714895,0.6490122797650827,0.920487106017192,0.9398280802292264,0.9270415472779371,HERO PRODUCT
P472302,Wild Nettle & Niacinamide Instant Firming Serum,alpyn beauty,12209,4.7631,287.0,58.0,Skincare,Treatments,Face Serums,0,0,0,0,288.0,4.756944444444445,0.9583333333333334,0.9583333333333334,0.024305555555555556,0.8648105332355821,0.4426054458088628,0.5277629471436198,0.4766684463427656,0.9392361111111112,0.9583333333333334,0.9478298611111111,HIDDEN GEM
P455613,Line-Filling Eye Cream with Bakuchiol and Caffeine,alpyn beauty,12740,4.3206,262.0,62.0,Skincare,Eye Care,Eye Creams & Treatments,0,0,0,0,262.0,4.320610687022901,0.816793893129771,0.8282442748091603,0.12595419847328243,0.7182147918995154,0.4591564335290977,0.5029364655632674,0.47666844634276556,0.8301526717557253,0.816793893129771,0.8258587786259542,LOW TRACTION
P503197,Juneberry & Collagen Hydrating Cold Cream Cleanser,alpyn beauty,5754,4.895,238.0,39.0,Skincare,Cleansers,Face Wash & Cleansers,0,0,0,0,240.0,4.879166666666666,0.9708333333333333,0.9791666666666666,0.0125,0.9379099761738496,0.21462893753336892,0.4765082754938601,0.31938067271756543,0.9697916666666666,0.9708333333333333,0.9715104166666667,HIDDEN GEM
P477492,Triple Vitamin C Brightening Bounce Cream Moisturizer,alpyn beauty,7730,4.5422,225.0,49.0,Skincare,Moisturizers,Moisturizers,0,0,1,0,225.0,4.542222222222223,0.9244444444444444,0.9111111111111111,0.05333333333333334,0.8148919746745378,0.2920448478376935,0.4610250934329952,0.3596369460758142,0.8855555555555557,0.9244444444444444,0.9010555555555557,HIDDEN GEM
P455614,Creamy Bubbling Cleanser with Vitamin C & AHAs,alpyn beauty,13297,4.3832,167.0,36.0,Skincare,Cleansers,Face Wash & Cleansers,0,0,1,0,167.0,4.383233532934132,0.8502994011976048,0.8323353293413174,0.12574850299401197,0.8017825844133792,0.4687666844634277,0.3785371062466631,0.43267485317672183,0.845808383233533,0.8502994011976048,0.8451347305389223,HIDDEN GEM
P455612,Vitamin C & Bearberry Instant Glow Serum,alpyn beauty,10316,4.503,167.0,59.0,Skincare,Treatments,Face Serums,0,0,1,0,167.0,4.502994011976048,0.8802395209580839,0.8622754491017964,0.04790419161676647,0.7291451025315944,0.38547784303256805,0.3785371062466631,0.382701548318206,0.875748502994012,0.8802395209580839,0.8750748502994011,HIDDEN GEM
P483643,Willow & Sweet Agave Plumping Lip Mask,alpyn beauty,12568,4.5405,148.0,28.0,Skincare,Lip Balms & Treatments,,0,0,1,0,148.0,4.54054054054054,0.8851351351351351,0.8918918918918919,0.060810810810810814,0.9038030614978388,0.45114789108382275,0.34543513080619326,0.40886278697277095,0.8851351351351351,0.8851351351351351,0.8861486486486486,HIDDEN GEM
P505338,Pore Perfecting Liquid Exfoliator with 2% BHA + Borage,alpyn beauty,654,4.9231,91.0,39.0,Skincare,Cleansers,Exfoliators,0,1,0,0,100.0,4.93,1.0,1.0,0.0,0.4105741015889428,0.014949279231179925,0.2586759209823812,0.11243993593166043,0.9824999999999999,1.0,0.9903750000000001,HIDDEN GEM
P481058,Mini Melt Moisturizer with Bakuchiol and Squalane,alpyn beauty,7054,4.5806,31.0,25.0,Skincare,Moisturizers,Moisturizers,0,0,0,1,31.0,4.580645161290323,0.9032258064516129,0.8387096774193549,0.03225806451612903,0.9155443686026113,0.2656166577682862,0.03310197544046983,0.17261078483715964,0.8951612903225807,0.9032258064516129,0.8891129032258065,HIDDEN GEM
P449150,Hydrating Oil,Anastasia Beverly Hills,4568,4.5556,27.0,45.0,Skincare,Moisturizers,Face Oils,0,0,0,0,27.0,4.555555555555555,0.8888888888888888,0.8888888888888888,0.07407407407407407,0.8149613468692853,0.15723438334223172,0.012813667912439935,0.099466097170315,0.8888888888888888,0.8888888888888888,0.8888888888888888,HIDDEN GEM
P470506,The Cream Cleansing Gel with TFC8 Gentle Cleanser,Augustinus Bader,4123,4.4826,661.0,70.0,Skincare,Cleansers,Face Wash & Cleansers,0,0,0,0,661.0,4.482602118003026,0.9107413010590015,0.8819969742813918,0.036308623298033284,0.7390543746056958,0.1404164442071543,0.7677522690870262,0.3913507741591031,0.8706505295007565,0.9107413010590015,0.8843797276853254,HIDDEN GEM
P470509,The Rich Cream with TFC8 Face Moisturizer,Augustinus Bader,16116,4.2312,493.0,290.0,Skincare,Moisturizers,Moisturizers,0,0,0,0,493.0,4.231237322515213,0.821501014198783,0.8073022312373225,0.11156186612576065,0.6918136831481903,0.5296316070475173,0.689535504538174,0.59359316604378,0.8078093306288032,0.821501014198783,0.8118407707910751,HYPE GAP
P470507,The Cream with TFC8 Face Moisturizer,Augustinus Bader,11428,4.3605,430.0,180.0,Skincare,Moisturizers,Moisturizers,0,0,0,0,430.0,4.3604651162790695,0.8604651162790697,0.8534883720930233,0.07906976744186046,0.6931528223340522,0.4180459156433529,0.6422851041110518,0.5077415910304325,0.8401162790697674,0.8604651162790697,0.8482267441860465,HERO PRODUCT
P500420,The Light Cream,Augustinus Bader,1389,4.3196,194.0,180.0,Skincare,Moisturizers,Moisturizers,0,0,0,0,195.0,4.323076923076923,0.8923076923076924,0.8666666666666667,0.035897435897435895,0.8509999990463257,0.03683929524826481,0.42605445808862785,0.19252536038441004,0.8307692307692307,0.8923076923076924,0.8546153846153847,HIDDEN GEM
P482510,The Ultimate Soothing Cream,Augustinus Bader,1933,4.65,100.0,290.0,Skincare,Moisturizers,Moisturizers,0,0,0,0,100.0,4.67,0.94,0.93,0.02,0.8642119522704634,0.05819540843566471,0.2586759209823812,0.1383876134543513,0.9175,0.94,0.9261249999999999,HIDDEN GEM
P475907,The Serum with  TFC8,Augustinus Bader,2556,3.9877,81.0,390.0,Skincare,Treatments,Face Serums,0,0,0,0,82.0,3.9634146341463414,0.7439024390243902,0.7195121951219512,0.08536585365853659,0.7181324492330137,0.0784837159636946,0.21569674319273893,0.13336892685531235,0.7408536585365854,0.7439024390243902,0.7385670731707317,LOW TRACTION
P475906,The Eye Cream with  TFC8,Augustinus Bader,2922,4.2267,75.0,220.0,Skincare,Eye Care,Eye Creams & Treatments,0,0,0,0,75.0,4.226666666666667,0.8133333333333334,0.7866666666666666,0.08,0.5791720813461418,0.09396689802455953,0.19220501868659903,0.13326214628937533,0.8066666666666666,0.8133333333333334,0.8056666666666666,LOW TRACTION
P503926,The Face Cream Mask,Augustinus Bader,684,4.375,48.0,215.0,Skincare,Masks,Face Masks,0,0,0,0,77.0,4.415584415584416,0.8701298701298701,0.8571428571428571,0.012987012987012988,0.7857142857142857,0.015483182060864922,0.201815269620929,0.09001601708489056,0.8538961038961039,0.8701298701298701,0.8592532467532468,HIDDEN GEM
P470510,Mini The Rich Cream with TFC8 Face Moisturizer,Augustinus Bader,10759,3.6875,32.0,92.0,Skincare,Mini Size,,0,0,0,0,32.0,3.6875,0.59375,0.59375,0.21875,0.6803534213573702,0.399359316604378,0.037907100907634814,0.2547784303256807,0.671875,0.59375,0.6367187500000001,LOW TRACTION
P460779,Skinlongevity Long Life Herb Anti-Aging Face Serum,bareMinerals,7614,4.4339,3727.0,65.0,Skincare,Treatments,Face Serums,0,0,0,0,3727.0,4.433861014220553,0.9313120472229676,0.8940166353635632,0.019855111349610946,0.7449162731063552,0.28777362520021355,0.9823812066203951,0.5656166577682862,0.8584652535551383,0.9313120472229676,0.8856519989267507,HERO PRODUCT
P438637,Bright Eyes Collagen-Infused Brightening Colloidal Silver Eye Masks,BeautyBio,16264,4.0594,202.0,40.0,Skincare,Eye Care,Eye Masks,0,0,1,0,202.0,4.0594059405940595,0.7871287128712872,0.7722772277227723,0.15841584158415842,0.7442225269722135,0.5344367325146824,0.4364655632674853,0.49524826481580353,0.7648514851485149,0.7871287128712872,0.7726485148514851,HYPE GAP
P455623,The ZenBubble Gel Cream,BeautyBio,5539,4.4063,192.0,69.0,Skincare,Moisturizers,Moisturizers,0,0,0,0,193.0,4.404145077720207,0.8808290155440415,0.8497409326424871,0.07772020725388601,0.8207847093102298,0.20501868659903896,0.4217832354511479,0.29172450613988254,0.8510362694300517,0.8808290155440415,0.859779792746114,HIDDEN GEM
P472448,Glass & Gloss 2-Step Facial Retexturizing & Brightening Treatment,BeautyBio,4079,4.6354,181.0,69.0,Skincare,Treatments,Facial Peels,0,0,1,0,181.0,4.6353591160221,0.9613259668508287,0.9337016574585635,0.011049723756906077,0.5913432885048001,0.1382808328884143,0.4022957821676455,0.2438868126001068,0.9088397790055249,0.9613259668508287,0.9283149171270719,HIDDEN GEM
P477961,Get That Glow - GloPRO Facial Microneedling Discovery Set,BeautyBio,5836,4.7229,166.0,199.0,Skincare,Value & Gift Sets,,0,0,0,1,166.0,4.72289156626506,0.9457831325301205,0.9397590361445783,0.012048192771084338,0.7246529726187388,0.2167645488521089,0.3761345435130806,0.2805125467164976,0.9307228915662651,0.9457831325301205,0.9365963855421688,HIDDEN GEM
P438643,The Balance pH Balancing Gel Cleanser,BeautyBio,10844,4.4713,87.0,39.0,Skincare,Cleansers,Face Wash & Cleansers,0,0,0,0,87.0,4.471264367816092,0.8505747126436781,0.8620689655172413,0.10344827586206896,0.8084047192335129,0.400961025093433,0.22851041110517886,0.3319807794981313,0.867816091954023,0.8505747126436781,0.8617816091954023,HIDDEN GEM
P438628,Contouring + De-Puffing Rose Quartz Roller,BeautyBio,18126,4.5833,84.0,65.0,Skincare,Wellness,Facial Rollers,0,0,0,0,84.0,4.583333333333333,0.8928571428571429,0.8809523809523809,0.09523809523809523,0.7945519436195673,0.5739455419113721,0.22156967431927388,0.43299519487453286,0.8958333333333333,0.8928571428571429,0.8927083333333333,HIDDEN GEM
P438635,The Pout Sparkling Rosé Hyaluronic Acid Collagen Plumping Lip Serum,BeautyBio,15560,3.4268,82.0,39.0,Skincare,Lip Balms & Treatments,,0,0,1,0,82.0,3.426829268292683,0.5853658536585366,0.5487804878048781,0.35365853658536583,0.7096824239939451,0.5205552589428724,0.21569674319273893,0.398611852642819,0.6067073170731707,0.5853658536585366,0.5916158536585365,LOW TRACTION
P481060,The Eyelighter Concentrate,BeautyBio,6812,4.6909,55.0,58.0,Skincare,Eye Care,Eye Creams & Treatments,0,0,0,0,55.0,4.6909090909090905,0.9454545454545454,0.9636363636363636,0.03636363636363636,0.9032412049946962,0.2562733582487987,0.13294180459156432,0.20694073678590494,0.9227272727272726,0.9454545454545454,0.9356818181818181,HIDDEN GEM
P438648,The Quench Quadralipid Rapid Recovery Facial Moisturizer,BeautyBio,5300,3.8462,39.0,129.0,Skincare,Moisturizers,Moisturizers,0,0,0,0,39.0,3.8461538461538463,0.6410256410256411,0.6410256410256411,0.23076923076923078,0.7890256485518288,0.18900160170848906,0.07100907634810465,0.14180459156433528,0.7115384615384616,0.6410256410256411,0.6798076923076923,LOW TRACTION
P503562,GLOfacial Hydro-Infusion Pore Cleansing + Blue LED Clarifying Tool,BeautyBio,7799,4.1212,33.0,199.0,Skincare,Value & Gift Sets,,0,0,1,0,34.0,4.029411764705882,0.7941176470588235,0.7647058823529411,0.23529411764705882,0.7982489038258791,0.2968499733048585,0.04591564335290977,0.196476241324079,0.7573529411764706,0.7941176470588235,0.7694852941176471,LOW TRACTION
P394639,The True Cream Aqua Bomb,belif,265050,4.4841,7292.0,38.0,Skincare,Moisturizers,Moisturizers,0,0,0,0,7294.0,4.483685220729367,0.897691500524659,0.8774335069920483,0.06471072114066356,0.7912613798468027,0.9861185264281901,0.997330485851575,0.990603310197544,0.8709213051823417,0.897691500524659,0.879929194056493,HERO PRODUCT
P394624,The True Cream Moisturizing Bomb,belif,151868,4.5631,4523.0,38.0,Skincare,Moisturizers,Moisturizers,0,0,0,0,4526.0,4.563411400795404,0.9258855585831063,0.9041095890410958,0.04838709677419355,0.8099730074445834,0.9636946075814202,0.9890549919914575,0.9738387613454351,0.8908528501988511,0.9258855585831063,0.9033511735404645,HERO PRODUCT
P422905,Moisturizing Eye Bomb with Squalane,belif,101158,4.4641,2965.0,48.0,Skincare,Eye Care,Eye Creams & Treatments,0,0,0,0,2966.0,4.464261631827377,0.9022252191503709,0.8823331085637222,0.05394470667565745,0.7619037254407792,0.9311265349706354,0.9717031500266952,0.9473571809930592,0.8660654079568442,0.9022252191503709,0.8793535064059339,HERO PRODUCT
P475908,Aqua Bomb Overnight Lip Mask,belif,13764,4.4068,1964.0,22.0,Skincare,Lip Balms & Treatments,,0,0,0,1,1965.0,4.407124681933842,0.8839694656488549,0.8580152671755725,0.0371501272264631,0.795666312771057,0.4810464495461826,0.9375333689268553,0.6636412172984517,0.8517811704834606,0.8839694656488549,0.8623727735368958,HERO PRODUCT
P462336,Aqua Bomb Cleansing Balm,belif,14738,4.4598,1331.0,38.0,Skincare,Cleansers,Face Wash & Cleansers,0,0,0,0,1331.0,4.459804658151765,0.9158527422990232,0.9068369646882044,0.03155522163786627,0.7517967572567439,0.4997330485851575,0.888147357180993,0.6550987720234918,0.8649511645379413,0.9158527422990232,0.8865045078888053,HERO PRODUCT
P471535,Aqua Bomb Brightening Vitamin C Cream,belif,19491,4.4992,1242.0,45.0,Skincare,Moisturizers,Moisturizers,0,0,0,1,1242.0,4.499194847020934,0.927536231884058,0.9017713365539453,0.027375201288244767,0.6325692238091533,0.5915643352909771,0.8820074746396156,0.7077415910304325,0.8747987117552336,0.927536231884058,0.8946658615136878,HERO PRODUCT
P449175,Aqua Bomb Hydrating Toner,belif,24132,4.361,1050.0,30.0,Skincare,Cleansers,Toners,0,0,0,0,1050.0,4.360952380952381,0.8933333333333333,0.8647619047619047,0.05238095238095238,0.7806229394890608,0.6524292578750668,0.8515750133475708,0.7320875600640684,0.8402380952380952,0.8933333333333333,0.859845238095238,HERO PRODUCT
P433443,Aqua Bomb Sleeping Mask,belif,47248,4.5147,985.0,38.0,Skincare,Moisturizers,Night Creams,0,0,0,0,988.0,4.516194331983805,0.895748987854251,0.8937246963562753,0.06072874493927125,0.744826560187405,0.8174052322477309,0.8366257341163909,0.8250934329951949,0.8790485829959513,0.895748987854251,0.8862601214574899,HERO PRODUCT
P444057,Aqua Bomb Jelly Cleanser,belif,17087,4.2943,683.0,30.0,Skincare,Cleansers,Face Wash & Cleansers,0,0,0,0,684.0,4.293859649122807,0.8698830409356725,0.8347953216374269,0.06432748538011696,0.6867889654223281,0.5509877202349173,0.7730912973838762,0.6398291510945009,0.8234649122807018,0.8698830409356725,0.8390899122807018,HERO PRODUCT
P500019,The True Cream - Aqua Bomb Sunscreen Broad Spectrum SPF 50,belif,11146,4.5248,423.0,38.0,Skincare,Sunscreen,Face Sunscreen,0,0,0,0,423.0,4.524822695035461,0.9456264775413712,0.8959810874704491,0.009456264775413711,0.8208197267218069,0.40950347036839296,0.6364121729845168,0.5002669514148425,0.8812056737588652,0.9456264775413712,0.9027482269503546,HERO PRODUCT
P435801,Aqua Bomb Mist,belif,12101,4.1042,48.0,38.0,Skincare,Moisturizers,Mists & Essences,0,0,0,0,48.0,4.104166666666667,0.7916666666666666,0.7708333333333334,0.1875,0.8544561471790075,0.4394020288307528,0.10838227442605446,0.30699412706887347,0.7760416666666667,0.7916666666666666,0.7799479166666666,LOW TRACTION
P505031,The POREfessional Smooth Sip Lightweight Gel-Cream Moisturizer,Benefit Cosmetics,736,4.5975,718.0,44.0,Skincare,Moisturizers,Moisturizers,0,1,0,0,718.0,4.5974930362116995,0.935933147632312,0.9094707520891365,0.020891364902506964,0.45454545454545453,0.016550987720234916,0.7837693539775761,0.3234383342231714,0.8993732590529249,0.935933147632312,0.9118558495821727,HIDDEN GEM
P505023,The POREfessional Deep Retreat Pore-Clearing Clay Mask,Benefit Cosmetics,1773,4.766,705.0,39.0,Skincare,Masks,Face Masks,0,1,0,0,707.0,4.765205091937765,0.9801980198019802,0.9688826025459689,0.007072135785007072,0.6942857205867767,0.05178857447944474,0.7778964228510411,0.3422317138280833,0.9413012729844412,0.9801980198019802,0.9571074964639321,HIDDEN GEM
P505009,The POREfessional Tight ’n Toned Pore-Refining AHA+PHA Toner,Benefit Cosmetics,629,4.6464,676.0,34.0,Skincare,Cleansers,Toners,0,1,0,0,700.0,4.6414285714285715,0.9457142857142857,0.9271428571428572,0.017142857142857144,0.6,0.013347570742124934,0.7752269087026161,0.3180993059263214,0.9103571428571429,0.9457142857142857,0.9234821428571429,HIDDEN GEM
P505024,The POREfessional Get Unblocked Makeup-Removing Cleansing Oil,Benefit Cosmetics,770,4.6723,476.0,39.0,Skincare,Cleansers,Face Wash & Cleansers,0,1,0,0,477.0,4.672955974842767,0.949685534591195,0.9475890985324947,0.023060796645702306,0.35714285714285715,0.017084890549919914,0.6775226908702616,0.2812600106780566,0.9182389937106918,0.949685534591195,0.9320754716981132,HIDDEN GEM
P505054,The POREfessional Speedy Smooth Mask,Benefit Cosmetics,1024,4.7134,471.0,39.0,Skincare,Masks,Face Masks,0,1,0,0,471.0,4.713375796178344,0.970276008492569,0.9617834394904459,0.014861995753715499,1.0,0.023491724506139882,0.6729845168179391,0.28328884143085964,0.928343949044586,0.970276008492569,0.94593949044586,HIDDEN GEM
P505020,The POREfessional Good Cleanup Foaming Cleanser,Benefit Cosmetics,429,4.6212,462.0,29.0,Skincare,Cleansers,Face Wash & Cleansers,0,1,0,0,463.0,4.622030237580994,0.9524838012958964,0.9395248380129589,0.02159827213822894,1.0,0.011211959423384944,0.6687132941804591,0.2742124933262146,0.9055075593952484,0.9524838012958964,0.9247030237580993,HIDDEN GEM
P433887,Squalane + Omega Repair Deep Hydration Moisturizer,Biossance,76514,4.2101,2089.0,60.0,Skincare,Moisturizers,Moisturizers,0,0,0,1,2096.0,4.208492366412214,0.8125,0.7977099236641222,0.10925572519083969,0.7951108324098044,0.9022957821676455,0.9439402028830752,0.9189535504538173,0.8021230916030535,0.8125,0.8045741889312977,HYPE GAP
P416563,Squalane + Vitamin C Rose Firming Oil,Biossance,167407,4.3483,1470.0,74.0,Skincare,Moisturizers,Face Oils,0,0,0,1,1472.0,4.349184782608695,0.84375,0.8403532608695652,0.09986413043478261,0.8215623915235738,0.9668980245595301,0.9044313934863855,0.9419113721302723,0.8372961956521738,0.84375,0.8396908967391303,HERO PRODUCT
P447210,Squalane + Marine Algae Firming & Lifting Eye Cream,Biossance,92333,4.1436,1010.0,56.0,Skincare,Eye Care,Eye Creams & Treatments,0,0,0,1,1013.0,4.142152023692004,0.7956564659427443,0.769990128331688,0.12833168805528133,0.7863984320987791,0.9209823812066203,0.8430325680726107,0.8898024559530165,0.785538005923001,0.7956564659427443,0.7862413622902271,HYPE GAP
P453224,Squalane + 10% Lactic Acid Resurfacing Serum,Biossance,72034,4.3965,966.0,65.0,Skincare,Treatments,Face Serums,0,0,0,1,966.0,4.39648033126294,0.8643892339544513,0.8581780538302277,0.07867494824016563,0.7863006862087383,0.8884143085958356,0.8307528029898559,0.8653497063534437,0.849120082815735,0.8643892339544513,0.8550595238095238,HERO PRODUCT
P416561,Squalane + Probiotic Balancing Gel Moisturizer,Biossance,58788,4.0924,714.0,54.0,Skincare,Moisturizers,Moisturizers,0,0,0,1,714.0,4.092436974789916,0.7594202898550725,0.7366946778711485,0.15826330532212884,0.8151947319211446,0.8569140416444208,0.7810998398291511,0.8265883609183129,0.7731092436974789,0.7594202898550725,0.7635403726708074,HYPE GAP
P416562,Squalane + Peptide Brightening & De-Puffing Eye Gel,Biossance,59273,3.6371,653.0,56.0,Skincare,Eye Care,Eye Creams & Treatments,0,0,0,1,653.0,3.637059724349158,0.6053097345132743,0.5773353751914242,0.2679938744257274,0.8067950986686253,0.8590496529631607,0.7642819006940736,0.8211425520555259,0.6592649310872895,0.6053097345132743,0.6307889387307052,HYPE GAP
P456410,Squalane + Zinc Sheer Mineral Sunscreen SPF 30 PA +++,Biossance,54584,3.8812,648.0,34.0,Skincare,Sunscreen,Face Sunscreen,0,0,0,1,653.0,3.86676875957121,0.6845329249617151,0.663093415007657,0.20673813169984687,0.8631119323133234,0.8392952482648158,0.7642819006940736,0.809289909236519,0.7166921898928025,0.6845329249617151,0.6990045941807045,HYPE GAP
P416560,Squalane + Antioxidant Makeup Removing Cleansing Oil,Biossance,51767,4.0203,639.0,32.0,Skincare,Cleansers,Face Wash & Cleansers,0,0,0,1,639.0,4.020344287949921,0.7345575959933222,0.7151799687010955,0.17214397496087636,0.8297687857788815,0.8323545114789108,0.7608115323011212,0.803737319807795,0.7550860719874803,0.7345575959933222,0.7429416136962752,HYPE GAP
P467110,Squalane + 10% Vitamin C Dark Spot Serum,Biossance,44580,4.3465,635.0,65.0,Skincare,Treatments,Face Serums,0,0,0,1,636.0,4.341194968553459,0.8694968553459119,0.8443396226415094,0.07547169811320754,0.7359280963134658,0.8056593699946609,0.7597437266417512,0.787293112653497,0.8352987421383649,0.8694968553459119,0.8469143081761006,HERO PRODUCT
P471003,Squalane + BHA Pore-Minimizing Toner,Biossance,52399,4.4309,608.0,30.0,Skincare,Cleansers,Toners,0,0,0,1,610.0,4.4295081967213115,0.9016393442622951,0.8688524590163934,0.05901639344262295,0.7706532081211108,0.8339562199679659,0.7439935931660437,0.797971169247197,0.8573770491803279,0.9016393442622951,0.8723770491803278,HERO PRODUCT
P474304,Squalane + Amino Aloe Gentle Pore-Minimizing Cleanser,Biossance,39366,4.4072,528.0,28.0,Skincare,Cleansers,Face Wash & Cleansers,0,0,0,0,529.0,4.408317580340265,0.8979206049149339,0.8733459357277883,0.07372400756143667,0.7973557582019635,0.7709556860651361,0.7122263747997865,0.7474639615589962,0.8520793950850662,0.8979206049149339,0.8690217391304348,HERO PRODUCT
P479304,Squalane + Copper Peptide Rapid Plumping Serum,Biossance,47526,4.4721,519.0,68.0,Skincare,Treatments,Face Serums,0,0,0,1,520.0,4.4653846153846155,0.875,0.8673076923076923,0.05576923076923077,0.7556450006208921,0.8184730379071009,0.7068873465029365,0.7738387613454352,0.8663461538461539,0.875,0.8690865384615385,HERO PRODUCT
P416564,100% Sugarcane Squalane Oil,Biossance,69489,4.5336,476.0,34.0,Skincare,Moisturizers,Face Oils,0,0,0,1,477.0,4.534591194968553,0.8686131386861314,0.8679245283018868,0.06918238993710692,0.8349810594333968,0.8852108916177256,0.6775226908702616,0.80213561131874,0.8836477987421383,0.8686131386861314,0.8767789101592985,HERO PRODUCT
P503642,Squalane + Vitamin C Rose Brightening Moisturizer,Biossance,11500,4.4234,333.0,56.0,Skincare,Moisturizers,Moisturizers,0,0,0,1,335.0,4.414925373134328,0.9194029850746268,0.8805970149253731,0.04477611940298507,0.8186076306661622,0.4201815269620929,0.5702082221035771,0.4801922050186866,0.853731343283582,0.9194029850746268,0.8774626865671642,HIDDEN GEM
P469439,Squalane+ Rose Vegan Lip Balm,Biossance,29662,3.8809,277.0,16.0,Skincare,Lip Balms & Treatments,,0,0,0,1,278.0,3.870503597122302,0.6906474820143885,0.6726618705035972,0.21223021582733814,0.7568862195611,0.7074212493326215,0.5197544046983449,0.6323545114789109,0.7176258992805755,0.6906474820143885,0.7027877697841727,HYPE GAP
P462829,Squalane + Elderberry Nourishing Jelly Cleanser,Biossance,21228,3.6441,236.0,28.0,Skincare,Cleansers,Face Wash & Cleansers,0,0,0,1,237.0,3.6413502109704643,0.6244725738396625,0.6160337552742616,0.2742616033755274,0.7245566614326977,0.615056059797117,0.47143619861185265,0.5576081153230112,0.6603375527426161,0.6244725738396625,0.642932489451477,HYPE GAP
P501213,Squalane + Retinol Night Serum,Biossance,12007,4.4742,213.0,72.0,Skincare,Treatments,Face Serums,0,0,0,1,216.0,4.467592592592593,0.9398148148148148,0.9212962962962963,0.023148148148148147,0.7736633209460372,0.4361986118526428,0.45168179391350777,0.44239188467698876,0.8668981481481481,0.9398148148148148,0.8969328703703704,HIDDEN GEM
P480278,Rapid Radiance Set,Biossance,55347,4.1324,136.0,35.0,Skincare,Value & Gift Sets,,0,0,0,1,138.0,4.115942028985507,0.7681159420289855,0.7536231884057971,0.15942028985507245,0.6783389995886585,0.8467698878804057,0.32995194874532835,0.6400427122263748,0.7789855072463767,0.7681159420289855,0.7719202898550724,HYPE GAP
P429659,Squalane + Hyaluronic Toning Mist,Biossance,28719,4.2551,98.0,32.0,Skincare,Moisturizers,Mists & Essences,0,0,0,1,98.0,4.255102040816326,0.8061224489795918,0.8163265306122449,0.10204081632653061,0.8710249267126384,0.6999466097170315,0.25253603844100375,0.5209823812066204,0.8137755102040816,0.8061224489795918,0.8118622448979592,HYPE GAP
P484033,Mini Squalane + Vitamin C Rose Firming Oil,Biossance,22591,4.15,40.0,40.0,Skincare,Moisturizers,Face Oils,0,0,0,0,40.0,4.15,0.775,0.775,0.175,0.8269485549794303,0.6342765616657768,0.07528029898558462,0.41067805659369994,0.7875000000000001,0.775,0.7818750000000001,LOW TRACTION
P480280,Mini Squalane + Omega Repair Deep Hydration Moisturizer,Biossance,14541,3.2333,30.0,20.0,Skincare,Moisturizers,Moisturizers,0,0,0,1,31.0,3.2580645161290325,0.5806451612903226,0.5161290322580645,0.3870967741935484,0.7563213380674522,0.4954618259476775,0.03310197544046983,0.31051788574479444,0.5645161290322581,0.5806451612903226,0.5620967741935484,LOW TRACTION
P270594,Vitamin Enriched Face Base Priming Moisturizer,Bobbi Brown,171118,4.6058,3440.0,66.0,Skincare,Moisturizers,Moisturizers,0,0,0,0,3441.0,4.605928509154316,0.9369872005251066,0.916884626562046,0.04155768671897704,0.8037756323544164,0.9679658302189001,0.9807794981313401,0.9730912973838761,0.9014821272885789,0.9369872005251066,0.9144440241505574,HERO PRODUCT
P270544,Hydrating Eye Cream,Bobbi Brown,21441,4.099,404.0,58.0,Skincare,Eye Care,Eye Creams & Treatments,0,0,0,0,404.0,4.099009900990099,0.8412698412698413,0.7648514851485149,0.12623762376237624,0.8164395801201983,0.6179925253603844,0.6243993593166044,0.6205552589428724,0.7747524752475248,0.8412698412698413,0.7932225365393681,HYPE GAP
P462339,Vitamin Enriched Eye Base,Bobbi Brown,24532,4.639,241.0,58.0,Skincare,Eye Care,Eye Creams & Treatments,0,0,0,0,241.0,4.639004149377594,0.9087136929460581,0.9087136929460581,0.04564315352697095,0.707093727152059,0.6567004805125467,0.4789108382274426,0.585584623598505,0.9097510373443984,0.9087136929460581,0.9092842323651453,HERO PRODUCT
P270543,Hydrating Face Cream Moisturizer,Bobbi Brown,14373,4.2188,224.0,66.0,Skincare,Moisturizers,Moisturizers,0,0,0,0,224.0,4.21875,0.8852459016393442,0.7857142857142857,0.12053571428571429,0.8101099862479696,0.4922584089695675,0.4602242391884677,0.47944474105712764,0.8046875,0.8852459016393442,0.8260090383489462,LOW TRACTION
P392648,Extra Illuminating Moisture Balm,Bobbi Brown,10298,3.3697,165.0,74.0,Skincare,Moisturizers,Moisturizers,0,0,0,0,165.0,3.3696969696969696,0.5310344827586206,0.49696969696969695,0.32727272727272727,0.740765201535664,0.3833422317138281,0.3742658836091831,0.3797116924719701,0.5924242424242424,0.5310344827586206,0.5596891327063741,LOW TRACTION
P446518,Soothing Face Cleanser Oil,Bobbi Brown,10137,4.4063,32.0,53.0,Skincare,Cleansers,Face Wash & Cleansers,0,0,1,0,32.0,4.40625,0.8125,0.8125,0.125,0.8565303856326688,0.37800320341697813,0.037907100907634814,0.2419647624132408,0.8515625,0.8125,0.833984375,LOW TRACTION
P468634,Vitamin Enriched Face Base Jumbo,Bobbi Brown,17355,4.84,25.0,99.0,Skincare,Moisturizers,Moisturizers,0,0,0,0,26.0,4.846153846153846,1.0,0.9615384615384616,0.0,0.8821800975572496,0.5579284570208222,0.007741591030432461,0.3378537106246663,0.9615384615384615,1.0,0.973076923076923,HIDDEN GEM
P481408,The Canopy Humidifier Starter Set,CANOPY,7559,4.4412,68.0,150.0,Skincare,High Tech Tools,Anti-Aging,0,0,1,1,69.0,4.449275362318841,0.855072463768116,0.8115942028985508,0.10144927536231885,0.8385891083162278,0.28483715963694606,0.17538707955152164,0.24105712760277626,0.8623188405797102,0.855072463768116,0.852536231884058,HIDDEN GEM
P481817,"Beauty Elixir Prep, Set, Glow Face Mist",Caudalie,39840,4.2396,3405.0,49.0,Skincare,Moisturizers,Mists & Essences,0,0,0,0,3408.0,4.240316901408451,0.7834394904458599,0.8060446009389671,0.11473004694835681,0.7350202131092101,0.7730912973838762,0.9797116924719701,0.8557394554191138,0.8100792253521127,0.7834394904458599,0.8014821112182651,HYPE GAP
P94421,Vinoperfect Radiance Dark Spot Serum Vitamin C Alternative,Caudalie,166423,4.2442,2911.0,82.0,Skincare,Treatments,Face Serums,0,0,0,0,2914.0,4.24468085106383,0.8407185628742515,0.8054221002059025,0.1262868908716541,0.7490061065414515,0.9663641217298452,0.9679658302189001,0.9670048051254672,0.8111702127659575,0.8407185628742515,0.8191725009144375,HYPE GAP
P472454,Vinosource-Hydra Moisturizing Sorbet,Caudalie,9188,4.2202,1962.0,38.0,Skincare,Moisturizers,Moisturizers,0,0,0,0,1962.0,4.220183486238532,0.8382867132867133,0.7996941896024465,0.10805300713557595,0.7880225499270797,0.3459690336358783,0.9369994660971703,0.582381206620395,0.8050458715596329,0.8382867132867133,0.8142153717841791,HYPE GAP
P12045,Grape Water Moisturizing Face Mist,Caudalie,140024,4.4431,1686.0,12.0,Skincare,Moisturizers,Mists & Essences,0,0,0,0,1687.0,4.443390634262004,0.8717948717948718,0.8636633076467102,0.07231772377000593,0.7780238028859504,0.9594233849439402,0.9233849439402029,0.9450080085424453,0.8608476585655009,0.8717948717948718,0.8645541698964936,HERO PRODUCT
P474938,Vinopure Natural Salicylic Acid Pore Minimizing Serum,Caudalie,31478,4.3375,1360.0,52.0,Skincare,Treatments,Face Serums,0,0,0,0,1361.0,4.337986774430566,0.8537839823659075,0.8368846436443791,0.10874357090374724,0.7541625094275142,0.7213027229044314,0.8926855312333155,0.789855846235985,0.8344966936076414,0.8537839823659075,0.840641072740632,HERO PRODUCT
P395615,Pore Minimizing Instant Detox Mask,Caudalie,185939,4.5015,1029.0,42.0,Skincare,Masks,Face Masks,0,0,0,0,1040.0,4.503846153846154,0.9029535864978903,0.8836538461538461,0.07115384615384615,0.767824102027111,0.9733048585157501,0.8483715963694608,0.9233315536572344,0.8759615384615385,0.9029535864978903,0.8852129990262902,HERO PRODUCT
P474937,Vinopure Pore Purifying Gel Cleanser,Caudalie,30905,4.4615,949.0,30.0,Skincare,Cleansers,Face Wash & Cleansers,0,0,0,0,949.0,4.461538461538462,0.8914646996838778,0.8735511064278187,0.07481559536354057,0.7598257901722111,0.7170315002669514,0.8259476775226908,0.7605979711692472,0.8653846153846154,0.8914646996838778,0.8744336143308746,HERO PRODUCT
P471226,Vinoperfect Instant Brightening Moisturizer with Niacinamide,Caudalie,19036,4.3969,703.0,65.0,Skincare,Moisturizers,Moisturizers,0,0,0,0,703.0,4.396870554765291,0.8705547652916074,0.8591749644381224,0.08534850640113797,0.7780352999816913,0.5862253069941271,0.7768286171916711,0.6624666310731446,0.8492176386913228,0.8705547652916074,0.8571123755334281,HERO PRODUCT
P381020,Vinoclean Cleansing Micellar Water,Caudalie,41456,4.009,664.0,30.0,Skincare,Cleansers,Face Wash & Cleansers,0,0,0,0,665.0,4.010526315789473,0.7609561752988048,0.7218045112781954,0.17293233082706766,0.7858747165365192,0.7864388681260011,0.7693539775760811,0.7796049119060331,0.7526315789473683,0.7609561752988048,0.7505048977024233,HYPE GAP
P420224,Vinoperfect Brightening Glycolic Essence,Caudalie,66634,4.2692,535.0,59.0,Skincare,Moisturizers,Mists & Essences,0,0,0,0,535.0,4.269158878504673,0.8114754098360656,0.8074766355140187,0.13271028037383178,0.7449161068246534,0.8782701548318206,0.717298451681794,0.81388147357181,0.8172897196261681,0.8114754098360656,0.814073464072315,HYPE GAP
P472453,Vinosource-Hydra SOS Intense Hydration Moisturizer,Caudalie,11425,4.0697,502.0,45.0,Skincare,Moisturizers,Moisturizers,0,0,0,0,502.0,4.069721115537849,0.7430278884462151,0.7270916334661355,0.1752988047808765,0.8029979091821885,0.4175120128136679,0.6951414842498665,0.5285638013881473,0.7674302788844622,0.7430278884462151,0.7540587649402392,HYPE GAP
P474939,Vinopure Natural Salicylic Acid Pore Minimizing Toner,Caudalie,21937,4.0414,459.0,30.0,Skincare,Cleansers,Toners,0,0,0,0,461.0,4.03470715835141,0.7657266811279827,0.7310195227765727,0.18004338394793926,0.7663975148415957,0.6252002135611319,0.6660437800320341,0.6415376401494928,0.7586767895878526,0.7657266811279827,0.7566431670281996,HYPE GAP
P468637,Vinoclean Makeup Removing Cleansing Oil,Caudalie,15643,4.3098,439.0,30.0,Skincare,Cleansers,Face Wash & Cleansers,0,0,0,0,439.0,4.309794988610478,0.7927170868347339,0.8018223234624146,0.11161731207289294,0.8288487777811627,0.5232247730912973,0.6505605979711693,0.574159103043246,0.8274487471526195,0.7927170868347339,0.8131852855037232,HYPE GAP
P480285,Premier Cru Dark Circle Correcting Eye Cream,Caudalie,29708,4.6139,404.0,85.0,Skincare,Eye Care,Eye Creams & Treatments,0,0,0,0,404.0,4.6138613861386135,0.9455445544554455,0.9257425742574258,0.04455445544554455,0.6273998022446492,0.7090229578216765,0.6243993593166044,0.6751735184196477,0.9034653465346534,0.9455445544554455,0.9194306930693069,HERO PRODUCT
P466114,Resveratrol Lift Instant Firming Retinol Alternative Serum,Caudalie,48739,4.5722,353.0,84.0,Skincare,Treatments,Face Serums,0,0,0,0,358.0,4.578212290502793,0.9217877094972067,0.8938547486033519,0.0446927374301676,0.7587287182791974,0.8243459690336359,0.589428723972237,0.7303790710090763,0.8945530726256983,0.9217877094972067,0.9026187150837989,HERO PRODUCT
P467750,Resveratrol Lift Retinol Alternative Firming Cashmere Moisturizer,Caudalie,24347,4.6567,335.0,69.0,Skincare,Moisturizers,Moisturizers,0,0,0,0,336.0,4.645833333333333,0.9315476190476191,0.9107142857142857,0.023809523809523808,0.7703488916158676,0.6550987720234918,0.5710090763481046,0.6214628937533369,0.9114583333333333,0.9315476190476191,0.9173735119047619,HERO PRODUCT
P480160,Premier Cru Anti Aging Cream Moisturizer with Hyaluronic Acid,Caudalie,20963,4.6379,243.0,129.0,Skincare,Moisturizers,Moisturizers,0,0,0,0,245.0,4.640816326530612,0.9306122448979591,0.9224489795918367,0.036734693877551024,0.7007968715110491,0.612386545648692,0.4845168179391351,0.5612386545648693,0.9102040816326531,0.9306122448979591,0.9181632653061224,HERO PRODUCT
P471227,Vinoperfect Brightening Glycolic Night Cream,Caudalie,14020,4.4667,240.0,69.0,Skincare,Moisturizers,Moisturizers,0,0,0,0,240.0,4.466666666666667,0.8666666666666667,0.8583333333333333,0.06666666666666667,0.6138617157513369,0.4858515750133476,0.4765082754938601,0.4821142552055526,0.8666666666666667,0.8666666666666667,0.8654166666666667,HIDDEN GEM
P6028,Gentle Buffing Cream,Caudalie,8817,4.3051,236.0,35.0,Skincare,Cleansers,Exfoliators,0,0,0,0,236.0,4.305084745762712,0.7592592592592593,0.8305084745762712,0.11016949152542373,0.8298259496438403,0.33048585157501337,0.47090229578216763,0.3866524292578751,0.826271186440678,0.7592592592592593,0.8068032015065913,LOW TRACTION
P480284,Premier Cru Anti-Aging Serum with Niacinamide and Hyaluronic Acid,Caudalie,12449,4.75,212.0,139.0,Skincare,Treatments,Face Serums,0,0,0,0,212.0,4.75,0.9811320754716981,0.9575471698113207,0.0047169811320754715,0.7650735436416254,0.44847837693539777,0.44847837693539777,0.44847837693539777,0.9375,0.9811320754716981,0.9535966981132075,HIDDEN GEM
P471009,Vinoperfect Brightening Glycolic Peel Mask,Caudalie,19999,4.5365,192.0,42.0,Skincare,Masks,Face Masks,0,0,0,0,192.0,4.536458333333333,0.90625,0.8802083333333334,0.052083333333333336,0.7270202395960319,0.601174586225307,0.4204484783769354,0.5288841430859583,0.8841145833333333,0.90625,0.8901692708333333,HERO PRODUCT
P472455,Vinosource-Hydra SOS Hydrating Hyaluronic Acid Serum,Caudalie,29046,4.6614,189.0,52.0,Skincare,Treatments,Face Serums,0,0,0,0,189.0,4.661375661375661,0.9259259259259259,0.91005291005291,0.0582010582010582,0.7720318236030065,0.7031500266951415,0.4167111585691404,0.5885744794447411,0.9153439153439153,0.9259259259259259,0.9177248677248677,HERO PRODUCT
P471541,Vinosource-Hydra Grape Water Gel Moisturizer,Caudalie,7757,4.2432,185.0,45.0,Skincare,Moisturizers,Moisturizers,0,0,0,0,185.0,4.243243243243243,0.7945945945945946,0.8054054054054054,0.15135135135135136,0.7177529859356582,0.2947143619861185,0.41057127602776294,0.3410571276027763,0.8108108108108107,0.7945945945945946,0.8051351351351351,LOW TRACTION
P468813,Vinoclean Moisturizing Toner with Rose Water,Caudalie,14957,4.3352,176.0,30.0,Skincare,Cleansers,Toners,0,0,0,0,176.0,4.3352272727272725,0.8465909090909091,0.8409090909090909,0.11931818181818182,0.3809653446737644,0.5050720768820075,0.396155899626268,0.4615056059797117,0.8338068181818181,0.8465909090909091,0.8387073863636364,HIDDEN GEM
P469444,Vinoclean Gentle Cleansing Almond Milk,Caudalie,10000,4.3523,176.0,30.0,Skincare,Cleansers,Face Wash & Cleansers,0,0,0,0,176.0,4.3522727272727275,0.875,0.8011363636363636,0.07386363636363637,0.7694677021354437,0.37373198077949815,0.396155899626268,0.38270154831820613,0.8380681818181819,0.875,0.8436079545454546,HIDDEN GEM
P467748,Resveratrol Lift Firming Eye Gel-Cream,Caudalie,20074,4.3333,174.0,62.0,Skincare,Eye Care,Eye Creams & Treatments,0,0,0,0,174.0,4.333333333333333,0.8333333333333334,0.8045977011494253,0.10344827586206896,0.6579643046816454,0.602776294714362,0.39241857981847306,0.5186332087560064,0.8333333333333333,0.8333333333333334,0.8290229885057471,HYPE GAP
P503657,Premier Cru Skin Barrier Rich Moisturizer with Bio-Ceramides,Caudalie,12606,4.5665,173.0,129.0,Skincare,Moisturizers,Moisturizers,0,1,0,0,176.0,4.573863636363637,0.9147727272727273,0.8920454545454546,0.056818181818181816,0.719390625456969,0.45221569674319273,0.396155899626268,0.42979177789642287,0.8934659090909092,0.9147727272727273,0.8996448863636364,HIDDEN GEM
P467749,Resveratrol Lift Retinol Alternative Firming Night Moisturizer,Caudalie,13614,4.407,172.0,72.0,Skincare,Moisturizers,Moisturizers,0,0,0,0,172.0,4.406976744186046,0.8895348837209303,0.8546511627906976,0.05813953488372093,0.7066042540229369,0.47570742124933263,0.38841430859583553,0.44079017618793376,0.8517441860465116,0.8895348837209303,0.8635174418604652,HIDDEN GEM
P472451,Vinosource-Hydra Moisturizing Mask,Caudalie,17013,4.764,161.0,42.0,Skincare,Masks,Face Masks,0,0,0,0,161.0,4.763975155279503,0.9627329192546584,0.9503105590062112,0.012422360248447204,0.8006131509517102,0.5493860117458622,0.36865990389749065,0.4770955686065136,0.9409937888198758,0.9627329192546584,0.9489130434782609,HIDDEN GEM
P470007,Vinoclean Gentle Foam Cleanser,Caudalie,11568,4.1753,154.0,30.0,Skincare,Cleansers,Face Wash & Cleansers,0,0,0,0,154.0,4.175324675324675,0.7857142857142857,0.7792207792207793,0.13636363636363635,0.7967835593890477,0.4233849439402029,0.3555792845702082,0.396262680192205,0.7938311688311688,0.7857142857142857,0.7892045454545454,LOW TRACTION
P478239,Vinopure Purifying Clay Mask,Caudalie,18954,4.6319,144.0,42.0,Skincare,Masks,Face Masks,0,0,0,0,144.0,4.631944444444445,0.9444444444444444,0.9444444444444444,0.034722222222222224,0.7672861601049835,0.5846235985050721,0.3398291510945008,0.4867058195408436,0.9079861111111112,0.9444444444444444,0.9243923611111111,HERO PRODUCT
P474936,Vinopure Oil-Control Moisturizer for Acne Prone Skin,Caudalie,15759,4.3885,139.0,38.0,Skincare,Moisturizers,Moisturizers,0,0,0,0,139.0,4.388489208633094,0.841726618705036,0.8489208633093526,0.10071942446043165,0.7316554401602063,0.5253603844100374,0.3323545114789108,0.4481580352375868,0.8471223021582734,0.841726618705036,0.8457733812949642,HIDDEN GEM
P481366,Isle Glow Face Moisturizer SPF 45 with Sea Moss and Niacinamide,CAY SKIN,15371,4.2896,442.0,34.0,Skincare,Sunscreen,Face Sunscreen,0,1,0,1,445.0,4.274157303370787,0.8382022471910112,0.8157303370786517,0.14606741573033707,0.6187030023552085,0.5162840363053924,0.6553657234383342,0.5719167111585691,0.8185393258426967,0.8382022471910112,0.8240168539325843,HYPE GAP
P481367,Isle Lip Balm SPF 30 with Sea Moss and Aloe Stem Cells,CAY SKIN,23148,4.0814,221.0,14.0,Skincare,Lip Balms & Treatments,,0,0,0,1,228.0,4.074561403508772,0.7631578947368421,0.7149122807017544,0.15350877192982457,0.8612580902197144,0.6406833956219968,0.4658302189001602,0.5707421249332622,0.7686403508771931,0.7631578947368421,0.758936403508772,HYPE GAP
P501587,Deepwater Nourishing Lip Mask with Sea Moss and Aloe Stem Cells,CAY SKIN,7510,4.5818,55.0,22.0,Skincare,Lip Balms & Treatments,,0,0,0,1,55.0,4.581818181818182,0.8909090909090909,0.8727272727272727,0.09090909090909091,0.8973608686114257,0.2824345969033636,0.13294180459156432,0.22263747997864386,0.8954545454545455,0.8909090909090909,0.8906818181818181,HIDDEN GEM
P500399,Isle Glow Body Lotion SPF 45 with Sea Moss and Cocoa Seed Butter,CAY SKIN,7565,4.617,47.0,38.0,Skincare,Sunscreen,Body Sunscreen,0,0,0,1,47.0,4.617021276595745,0.9148936170212766,0.9361702127659575,0.0425531914893617,0.6752874121583742,0.28617191671115855,0.10250934329951948,0.21270688734650292,0.9042553191489362,0.9148936170212766,0.9122340425531915,HIDDEN GEM
P433520,Magic Cream Moisturizer with Hyaluronic Acid,Charlotte Tilbury,111513,4.4045,3434.0,100.0,Skincare,Moisturizers,Moisturizers,0,0,0,0,3472.0,4.401785714285714,0.8819124423963134,0.8640552995391705,0.06538018433179724,0.6493723542543546,0.9412706887346503,0.981313400961025,0.9572877736252001,0.8504464285714286,0.8819124423963134,0.8619275633640554,HERO PRODUCT
P458755,Charlotte’s Magic Serum with Vitamin C,Charlotte Tilbury,55157,4.1593,954.0,85.0,Skincare,Treatments,Face Serums,0,0,0,0,954.0,4.159329140461216,0.8039832285115304,0.7788259958071279,0.10587002096436059,0.7527742299803153,0.8441003737319808,0.8270154831820609,0.8372664175120128,0.7898322851153039,0.8039832285115304,0.7924266247379455,HYPE GAP
P433521,Charlotte’s Magic Eye Cream with Retinol,Charlotte Tilbury,31496,4.3539,842.0,65.0,Skincare,Eye Care,Eye Creams & Treatments,0,0,0,0,842.0,4.353919239904988,0.8836104513064132,0.8574821852731591,0.05938242280285035,0.6864069154752153,0.7218366257341164,0.803523758675921,0.7545114789108383,0.8384798099762469,0.8836104513064132,0.8548693586698336,HERO PRODUCT
P476843,Cryo-Recovery Depuffing Eye Serum,Charlotte Tilbury,15008,4.3216,510.0,70.0,Skincare,Eye Care,Eye Creams & Treatments,0,0,0,0,511.0,4.322896281800391,0.8454011741682974,0.8199608610567515,0.03522504892367906,0.6830766514059186,0.5066737853710624,0.701815269620929,0.584730379071009,0.8307240704500978,0.8454011741682974,0.8335127201565558,HYPE GAP
P435975,Mini Charlotte's Magic Cream,Charlotte Tilbury,62966,3.6585,246.0,30.0,Skincare,Moisturizers,Moisturizers,0,0,0,0,247.0,3.659919028340081,0.6356275303643725,0.6072874493927125,0.23481781376518218,0.7873078546625503,0.8665242925787506,0.48718633208756007,0.7147891083822744,0.6649797570850202,0.6356275303643725,0.6475202429149798,HYPE GAP
P433519,Refillable Magic Night Moisturizer with Retinol,Charlotte Tilbury,12841,3.5492,122.0,145.0,Skincare,Moisturizers,Moisturizers,0,0,0,0,123.0,3.5284552845528454,0.6260162601626016,0.6178861788617886,0.34959349593495936,0.7681020785932956,0.4602242391884677,0.3016550987720235,0.39679658302189,0.6321138211382114,0.6260162601626016,0.628150406504065,LOW TRACTION
P500753,Daily Glow Toner with Niacinamide,Charlotte Tilbury,7914,4.381,84.0,55.0,Skincare,Cleansers,Toners,0,0,0,0,84.0,4.380952380952381,0.8571428571428571,0.8095238095238095,0.03571428571428571,0.8482566067918402,0.2995194874532835,0.22156967431927388,0.26833956219967964,0.8452380952380953,0.8571428571428571,0.8434523809523811,HIDDEN GEM
P433522,Goddess Clay Mask,Charlotte Tilbury,11636,4.3115,61.0,58.0,Skincare,Masks,Face Masks,0,0,0,0,61.0,4.311475409836065,0.8032786885245902,0.8032786885245902,0.09836065573770492,0.7423827583759518,0.42445274959957285,0.14762413240790176,0.31372130272290444,0.8278688524590163,0.8032786885245902,0.8168032786885246,LOW TRACTION
P446612,Instant Magic Facial Dry Sheet Mask,Charlotte Tilbury,11527,3.4906,53.0,25.0,Skincare,Masks,Sheet Masks,0,0,0,0,53.0,3.490566037735849,0.6037735849056604,0.5849056603773585,0.32075471698113206,0.7988642677664757,0.4217832354511479,0.12466631073144688,0.3029364655632675,0.6226415094339622,0.6037735849056604,0.6113207547169812,LOW TRACTION
P459835,Mini Charlotte’s Magic Serum with Vitamin C,Charlotte Tilbury,38819,3.175,40.0,30.0,Skincare,Mini Size,,0,0,0,0,41.0,3.1463414634146343,0.4634146341463415,0.4634146341463415,0.4634146341463415,0.7451894196068368,0.7682861719167111,0.0798184730379071,0.49289909236518953,0.5365853658536586,0.4634146341463415,0.5036585365853659,HYPE GAP
P433524,Multi-Miracle Glow Cleansing Balm,Charlotte Tilbury,7612,4.1429,35.0,60.0,Skincare,Cleansers,Face Wash & Cleansers,0,0,0,0,35.0,4.142857142857143,0.8285714285714286,0.8,0.14285714285714285,0.767909488081932,0.2872397223705286,0.04965296316070475,0.19220501868659906,0.7857142857142858,0.8285714285714286,0.8007142857142858,LOW TRACTION
P476842,Cryo-Recovery Lifting Face Mask with Acupressure Technology,Charlotte Tilbury,15090,2.8077,26.0,55.0,Skincare,High Tech Tools,,0,0,1,0,26.0,2.8076923076923075,0.4230769230769231,0.3076923076923077,0.4230769230769231,0.7893334214503949,0.5104111051788575,0.007741591030432461,0.30934329951948747,0.45192307692307687,0.4230769230769231,0.4216346153846154,LOW TRACTION
P421235,Double Serum Firming & Smoothing Anti-Aging Concentrate,Clarins,59652,4.2503,2605.0,90.0,Skincare,Treatments,Face Serums,0,0,0,0,2607.0,4.2493287303413885,0.8657228657228657,0.822017644802455,0.05140007671653241,0.6443666290507277,0.8601174586225308,0.9642285104111051,0.9017618793379605,0.8123321825853471,0.8657228657228657,0.829802206859169,HYPE GAP
P475921,Double Serum Eye Firming & Hydrating Anti-Aging Concentrate,Clarins,9415,4.2278,922.0,82.0,Skincare,Eye Care,Eye Creams & Treatments,0,0,0,0,923.0,4.2275189599133265,0.8548212351029253,0.80931744312026,0.044420368364030335,0.5905900610529858,0.3539775760811532,0.8208756006406834,0.5407367859049653,0.8068797399783316,0.8548212351029253,0.8216278439869991,HYPE GAP
P94812,One-Step Gentle Exfoliating Cleanser with Orange Extract,Clarins,25054,4.6138,523.0,39.0,Skincare,Cleansers,Face Wash & Cleansers,0,0,0,0,523.0,4.6137667304015295,0.8461538461538461,0.9254302103250478,0.03824091778202677,0.8587245563057815,0.6657768286171917,0.7074212493326215,0.6824345969033636,0.9034416826003824,0.8461538461538461,0.8895536108251214,HERO PRODUCT
P462666,Total Eye Lift Firming & Smoothing Anti-Aging Eye Cream,Clarins,15015,4.5945,397.0,90.0,Skincare,Eye Care,Eye Creams & Treatments,0,0,0,0,398.0,4.590452261306533,0.9221105527638191,0.907035175879397,0.03768844221105527,0.8142111374693022,0.5072076882007475,0.6174586225306994,0.5513080619327282,0.8976130653266332,0.9221105527638191,0.9063756281407035,HERO PRODUCT
P475084,Extra-Firming Energy + Radiance Boosting Moisturizer,Clarins,1758,4.3415,205.0,93.0,Skincare,Moisturizers,Moisturizers,0,0,0,0,205.0,4.341463414634147,0.8829268292682927,0.8585365853658536,0.03414634146341464,0.7788461538461539,0.05125467164975974,0.4394020288307528,0.20651361452215697,0.8353658536585367,0.8829268292682927,0.853109756097561,HIDDEN GEM
P456194,Extra-Firming + Smoothing Neck & Décolleté Moisturizer,Clarins,8236,4.6528,193.0,96.0,Skincare,Moisturizers,Decollete & Neck Creams,0,0,0,0,193.0,4.652849740932642,0.9533678756476683,0.9222797927461139,0.02072538860103627,0.767963534870813,0.30806193272824345,0.4217832354511479,0.35355045381740524,0.9132124352331605,0.9533678756476683,0.9266191709844559,HIDDEN GEM
P408230,V-Facial Instant Depuffing Face Mask,Clarins,26393,4.7547,159.0,67.0,Skincare,Masks,Face Masks,0,0,0,0,159.0,4.754716981132075,0.9559748427672956,0.9371069182389937,0.025157232704402517,0.8129936284962155,0.6785904965296317,0.3649225840896957,0.5531233315536572,0.9386792452830188,0.9559748427672956,0.9436320754716983,HERO PRODUCT
P379064,Lotus Balancing & Hydrating Natural Face Treatment Oil,Clarins,8723,4.4029,139.0,65.0,Skincare,Moisturizers,Face Oils,0,0,0,0,139.0,4.402877697841727,0.9722222222222222,0.8129496402877698,0.1223021582733813,0.7630169862752845,0.3275493860117459,0.3323545114789108,0.32947143619861186,0.8507194244604317,0.9722222222222222,0.8815047961630695,HIDDEN GEM
P392004,Blue Orchid Radiance & Hydrating Natural Face Treatment Oil,Clarins,10782,4.4184,98.0,65.0,Skincare,Moisturizers,Face Oils,0,0,0,0,99.0,4.383838383838384,0.85,0.8484848484848485,0.10101010101010101,0.8045042427791946,0.399893219434063,0.2546716497597437,0.3418045915643353,0.845959595959596,0.85,0.847550505050505,HIDDEN GEM
P406941,Multi-Active Anti-Aging Day Moisturizer with SPF 20 for Glowing Skin,Clarins,5083,3.7467,75.0,59.0,Skincare,Moisturizers,Moisturizers,0,0,0,0,75.0,3.7466666666666666,0.7419354838709677,0.6533333333333333,0.21333333333333335,0.7929477499177059,0.1788574479444741,0.19220501868659903,0.18419647624132407,0.6866666666666666,0.7419354838709677,0.698247311827957,LOW TRACTION
P406942,Multi-Active Anti-Aging Night Moisturizer for Glowing Skin,Clarins,8646,4.2537,67.0,62.0,Skincare,Moisturizers,Night Creams,0,0,0,0,67.0,4.253731343283582,0.7666666666666667,0.7910447761194029,0.11940298507462686,0.8558834102694635,0.3224773091297384,0.16898024559530164,0.2610784837159637,0.8134328358208955,0.7666666666666667,0.796044776119403,LOW TRACTION
P483060,Lip Comfort Hydrating Oil,Clarins,35345,4.3509,57.0,28.0,Skincare,Lip Balms & Treatments,,0,1,0,0,63.0,4.301587301587301,0.8253968253968254,0.7777777777777778,0.09523809523809523,0.8399544305035046,0.7469300587293113,0.15509877202349173,0.5101975440469835,0.8253968253968254,0.8253968253968254,0.8182539682539682,HYPE GAP
P392522,Santal Soothing & Hydrating Natural Face Treatment Oil,Clarins,8559,4.76,25.0,65.0,Skincare,Moisturizers,Face Oils,0,0,1,0,25.0,4.76,0.8823529411764706,0.92,0.08,0.8319072055816651,0.3187399893219434,0.0026695141484249867,0.19231179925253605,0.94,0.8823529411764706,0.9197058823529413,HIDDEN GEM
P126301,Take The Day Off Cleansing Balm Makeup Remover,CLINIQUE,185324,4.5294,4375.0,38.0,Skincare,Cleansers,Face Wash & Cleansers,0,0,0,0,4376.0,4.529478976234004,0.8671189146049482,0.8788848263254113,0.07244058500914077,0.8200816334731083,0.9727709556860651,0.9869193806727176,0.9784303256807261,0.882369744058501,0.8671189146049482,0.8772717575624718,HERO PRODUCT
P453816,Mini Take The Day Off Cleansing Balm Makeup Remover,CLINIQUE,37388,4.5294,4375.0,14.0,Skincare,Mini Size,,0,0,0,0,4376.0,4.529478976234004,0.8671189146049482,0.8788848263254113,0.07244058500914077,0.8200816334731083,0.7570742124933262,0.9869193806727176,0.8490122797650828,0.882369744058501,0.8671189146049482,0.8772717575624718,HERO PRODUCT
P122900,Dramatically Different Moisturizing Gel,CLINIQUE,95864,4.4383,3977.0,32.5,Skincare,Moisturizers,Moisturizers,0,0,0,0,3978.0,4.437405731523379,0.8608786610878661,0.8627450980392157,0.0784313725490196,0.7777692033883894,0.9268553123331553,0.984516817939135,0.9499199145755471,0.8593514328808447,0.8608786610878661,0.8603186511167067,HERO PRODUCT
P139000,All About Clean Liquid Facial Soap,CLINIQUE,57395,4.3694,2206.0,23.5,Skincare,Cleansers,Face Wash & Cleansers,0,0,0,0,2206.0,4.369446962828649,0.8597883597883598,0.8445149592021759,0.0883952855847688,0.7430682272569816,0.8547784303256807,0.9476775226908702,0.8919380672717565,0.8423617407071622,0.8597883597883598,0.8479127092057736,HERO PRODUCT
P381030,Dramatically Different Moisturizing Lotion+,CLINIQUE,92239,3.9101,2124.0,32.5,Skincare,Moisturizers,Moisturizers,0,0,0,0,2125.0,3.9096470588235293,0.7592800899887514,0.7011764705882353,0.20894117647058824,0.7331106128307378,0.9204484783769354,0.9444741057127602,0.9300587293112654,0.7274117647058823,0.7592800899887514,0.733036968173096,HYPE GAP
P479734,Smart Clinical Repair Wrinkle Correcting Eye Cream,CLINIQUE,3109,4.24,2017.0,57.0,Skincare,Eye Care,Eye Creams & Treatments,0,0,0,0,2017.0,4.239960337134358,0.9102627664848786,0.8423401090728805,0.027764005949429845,0.6236730379283808,0.10144153764014949,0.9396689802455953,0.4367325146823279,0.8099900842835894,0.9102627664848786,0.8449243926623698,HIDDEN GEM
P500718,Smart Clinical Repair Wrinkle Correcting Cream,CLINIQUE,1237,4.178,1899.0,68.0,Skincare,Moisturizers,Moisturizers,0,0,0,0,1900.0,4.178421052631579,0.8931578947368422,0.8173684210526316,0.03315789473684211,0.6144578313253012,0.030432461292044848,0.9337960491190603,0.3917778964228511,0.7946052631578948,0.8931578947368422,0.8275855263157896,LOW TRACTION
P468351,Moisture Surge 100H Auto-Replenishing Hydrator Moisturizer,CLINIQUE,38202,4.2522,1729.0,82.0,Skincare,Moisturizers,Moisturizers,0,0,0,0,1730.0,4.252601156069364,0.8774566473988439,0.8300578034682081,0.04566473988439306,0.7163008053975152,0.7640149492792312,0.9263214095034704,0.8289375333689268,0.813150289017341,0.8774566473988439,0.8349783236994219,HYPE GAP
P473267,Smart Clinical Repair Wrinkle Correcting Serum,CLINIQUE,4293,4.194,1670.0,71.0,Skincare,Treatments,Face Serums,0,0,0,0,1670.0,4.194011976047904,0.8952095808383234,0.818562874251497,0.03772455089820359,0.8531762332823433,0.14735718099305925,0.9193806727175654,0.45616657768286173,0.7985029940119761,0.8952095808383234,0.8305239520958084,LOW TRACTION
P122774,All About Eyes Eye Cream,CLINIQUE,32398,4.0722,1635.0,37.0,Skincare,Eye Care,Eye Creams & Treatments,0,0,0,0,1635.0,4.07217125382263,0.7569060773480663,0.7590214067278287,0.12782874617737003,0.7862238605594234,0.7303790710090764,0.9177789642285105,0.80533902829685,0.7680428134556574,0.7569060773480663,0.7633485816142058,HYPE GAP
P174502,All About Eyes Rich Eye Cream,CLINIQUE,68979,4.1444,1614.0,37.0,Skincare,Eye Care,Eye Creams & Treatments,0,0,0,0,1615.0,4.144272445820434,0.7557755775577558,0.7863777089783281,0.11207430340557276,0.7732705405068925,0.8825413774693006,0.9161772557394554,0.8959957287773626,0.7860681114551085,0.7557755775577558,0.7770267909143856,HYPE GAP
P122882,Clarifying Lotion 2,CLINIQUE,38875,4.3815,1376.0,20.0,Skincare,Cleansers,Toners,0,0,0,0,1376.0,4.381540697674419,0.8339483394833949,0.8539244186046512,0.09156976744186046,0.7719365109599405,0.7688200747463961,0.8942872397223706,0.8190069407367859,0.8453851744186047,0.8339483394833949,0.8432350105659487,HERO PRODUCT
P122718,Exfoliating Face Scrub,CLINIQUE,40899,4.6122,1194.0,26.0,Skincare,Cleansers,Exfoliators,0,0,0,0,1195.0,4.611715481171548,0.8210116731517509,0.9188284518828452,0.055230125523012555,0.8104518260617698,0.7821676454885211,0.8729311265349706,0.8184730379071009,0.902928870292887,0.8210116731517509,0.88073864838904,HERO PRODUCT
P385432,Acne Solutions Clinical Clearing Gel,CLINIQUE,59548,4.2234,1079.0,32.0,Skincare,Treatments,Blemish & Acne Treatments,0,0,0,0,1079.0,4.223354958294717,0.8464730290456431,0.8072289156626506,0.1371640407784986,0.7917974738711896,0.8595835557928457,0.8585157501334757,0.8591564335290978,0.8058387395736792,0.8464730290456431,0.8182375528286142,HYPE GAP
P188309,Acne Solutions Cleansing Foam,CLINIQUE,43458,4.1686,1038.0,23.5,Skincare,Cleansers,Face Wash & Cleansers,0,0,0,0,1038.0,4.168593448940269,0.7954545454545454,0.802504816955684,0.1348747591522158,0.7623004860169179,0.799786438868126,0.8478376935397758,0.8190069407367859,0.7921483622350673,0.7954545454545454,0.7946936854090033,HYPE GAP
P188307,Acne Solutions Clarifying Lotion,CLINIQUE,40683,4.4042,1007.0,20.0,Skincare,Cleansers,Toners,0,0,0,0,1007.0,4.404170804369414,0.8672199170124482,0.874875868917577,0.08440913604766634,0.7655004508639507,0.7810998398291511,0.8414308595835558,0.805232247730913,0.8510427010923536,0.8672199170124482,0.8594708410421654,HERO PRODUCT
P403817,Pep-Start Eye Cream,CLINIQUE,47677,3.6769,1006.0,32.0,Skincare,Eye Care,Eye Creams & Treatments,0,0,0,0,1006.0,3.676938369781312,0.6673228346456693,0.6202783300198808,0.22664015904572565,0.7577687364611637,0.819540843566471,0.8408969567538708,0.8280832888414309,0.669234592445328,0.6673228346456693,0.6613176257416133,HYPE GAP
P122881,Clarifying Lotion 3,CLINIQUE,24326,4.3181,918.0,20.0,Skincare,Cleansers,Toners,0,0,0,0,918.0,4.318082788671024,0.8369565217391305,0.8431372549019608,0.09694989106753812,0.718734023630019,0.6545648691938067,0.8174052322477309,0.7197010144153764,0.829520697167756,0.8369565217391305,0.8337939281992991,HYPE GAP
P257537,All About Eyes Serum De-Puffing Eye Massage,CLINIQUE,24355,3.7691,905.0,37.0,Skincare,Eye Care,Eye Creams & Treatments,0,0,0,0,905.0,3.769060773480663,0.5569620253164557,0.661878453038674,0.19779005524861878,0.8006629708023476,0.6556326748531767,0.813134009610251,0.7186332087560063,0.6922651933701658,0.5569620253164557,0.647116231904329,HYPE GAP
P122762,Rinse-Off Foaming Cleanser,CLINIQUE,17770,4.4933,821.0,23.5,Skincare,Cleansers,Face Wash & Cleansers,0,0,0,0,821.0,4.4933008526187574,0.753731343283582,0.8781973203410475,0.07551766138855055,0.7879372293750445,0.5643352909770422,0.799786438868126,0.6585157501334757,0.8733252131546894,0.753731343283582,0.8381778682713109,HYPE GAP
P122661,7 Day Face Scrub Cream Rinse-Off Formula,CLINIQUE,16656,4.5321,810.0,26.0,Skincare,Cleansers,Exfoliators,0,0,0,0,810.0,4.5320987654320986,0.797752808988764,0.8987654320987655,0.05802469135802469,0.7986911677002703,0.5408435664709023,0.7965830218900161,0.6431393486385477,0.8830246913580246,0.797752808988764,0.8598042377583576,HERO PRODUCT
P432241,Dramatically Different Hydrating Jelly,CLINIQUE,32096,3.8743,716.0,45.0,Skincare,Moisturizers,Moisturizers,0,0,0,0,716.0,3.874301675977654,0.7318435754189944,0.696927374301676,0.1717877094972067,0.6099575434706674,0.7271756540309664,0.7824345969033636,0.7492792311799252,0.7185754189944135,0.7318435754189944,0.7193086592178771,HYPE GAP
P188306,Acne Solutions All-Over Clearing Treatment Oil-Free,CLINIQUE,17157,4.0182,713.0,26.0,Skincare,Treatments,Blemish & Acne Treatments,0,0,0,0,713.0,4.018232819074334,0.8636363636363636,0.7601683029453016,0.1584852734922861,0.7710183450209915,0.5547250400427123,0.7802989855846236,0.6449546182594769,0.7545582047685835,0.8636363636363636,0.7881231671554253,HYPE GAP
P201440,Redness Solutions with Probiotic Technology Daily Relief Cream,CLINIQUE,19437,4.0051,583.0,56.0,Skincare,Moisturizers,Moisturizers,0,0,0,0,584.0,4.001712328767123,0.6785714285714286,0.7328767123287672,0.17123287671232876,0.8398024002791092,0.589962626801922,0.7346502936465563,0.6478376935397758,0.7504280821917808,0.6785714285714286,0.7262383806262231,HYPE GAP
P432242,Blackhead Solutions 7 Day Deep Pore Cleanse & Face Scrub,CLINIQUE,24438,4.1125,569.0,26.5,Skincare,Cleansers,Exfoliators,0,0,0,0,569.0,4.1124780316344465,0.836555360281195,0.7926186291739895,0.10017574692442882,0.6572216666407056,0.6561665776828617,0.7301121195942338,0.6857447944474105,0.7781195079086116,0.836555360281195,0.7978251318101934,HYPE GAP
P384821,Take The Day Off  Cleansing Oil Makeup Remover,CLINIQUE,29640,4.3309,550.0,34.5,Skincare,Moisturizers,Face Oils,0,0,0,0,552.0,4.329710144927536,0.8608695652173913,0.8351449275362319,0.1068840579710145,0.7641196629969748,0.7068873465029365,0.7221035771489589,0.7129738387613455,0.832427536231884,0.8608695652173913,0.8413677536231884,HERO PRODUCT
P196542,City Block Sheer Oil-Free Daily Face Protector Broad Spectrum SPF 25 Primer,CLINIQUE,7325,4.1146,480.0,30.0,Skincare,Sunscreen,Face Sunscreen,0,0,0,0,480.0,4.114583333333333,0.8,0.7666666666666667,0.12083333333333333,0.8263271857391704,0.2781633742658836,0.6791243993593166,0.4385477843032568,0.7786458333333333,0.8,0.7832552083333333,LOW TRACTION
P377577,Moisture Surge Overnight Face Mask,CLINIQUE,33104,4.4772,461.0,40.0,Skincare,Masks,Face Masks,0,0,0,0,461.0,4.477223427331888,0.8659217877094972,0.8611713665943601,0.0824295010845987,0.8258491594309344,0.7341163908168713,0.6660437800320341,0.7068873465029364,0.8693058568329719,0.8659217877094972,0.8670704625601378,HERO PRODUCT
P196524,Acne Solutions Cleansing Bar For Face and Body,CLINIQUE,17889,4.3638,459.0,19.5,Skincare,Cleansers,Face Wash & Cleansers,0,0,0,0,459.0,4.363834422657952,0.7551020408163265,0.8649237472766884,0.08278867102396514,0.8084188831487188,0.5691404164442072,0.6641751201281367,0.6071542979177791,0.840958605664488,0.7551020408163265,0.8187964074518697,HYPE GAP
P282920,Pore Refining Solutions Correcting Serum,CLINIQUE,9788,3.8603,408.0,55.0,Skincare,Treatments,Face Serums,0,0,0,0,408.0,3.860294117647059,0.7333333333333333,0.7107843137254902,0.2181372549019608,0.7855516901211952,0.3646556326748532,0.6276027762947144,0.46983449012279765,0.7150735294117647,0.7333333333333333,0.7199080882352941,LOW TRACTION
P374841,Even Better Eyes Dark Circle Corrector,CLINIQUE,15610,3.2428,383.0,44.0,Skincare,Eye Care,Eye Creams & Treatments,0,0,0,0,383.0,3.2428198433420365,0.39285714285714285,0.5274151436031331,0.37597911227154046,0.771686073852542,0.5221569674319274,0.604911906033102,0.5552589428723972,0.5607049608355091,0.39285714285714285,0.5053571428571428,HYPE GAP
P415773,Pep-Start Daily UV Protector Broad Spectrum SPF 50,CLINIQUE,19781,4.2521,365.0,23.0,Skincare,Sunscreen,Face Sunscreen,0,0,0,0,366.0,4.243169398907104,0.8161290322580645,0.7868852459016393,0.13387978142076504,0.8145307980869946,0.597437266417512,0.5950347036839295,0.5964762413240791,0.8107923497267759,0.8161290322580645,0.8088072889123921,HYPE GAP
P201439,Redness Solutions Soothing Cleanser,CLINIQUE,9881,4.1672,287.0,26.5,Skincare,Cleansers,Face Wash & Cleansers,0,0,0,0,287.0,4.167247386759582,0.7796610169491526,0.7874564459930313,0.1289198606271777,0.8582240983941196,0.36892685531233316,0.5264281900694073,0.4319273892151628,0.7918118466898956,0.7796610169491526,0.787513287663143,LOW TRACTION
P122727,Repairwear Anti-Gravity Eye Cream,CLINIQUE,11912,4.1702,282.0,54.0,Skincare,Eye Care,Eye Creams & Treatments,0,0,0,0,282.0,4.170212765957447,0.8,0.7872340425531915,0.10638297872340426,0.8040275412185169,0.43432995194874535,0.5240256273358249,0.47020822210357716,0.7925531914893618,0.8,0.7939893617021277,LOW TRACTION
P244701,Acne Solutions Oil-Control Cleansing Mask,CLINIQUE,18472,4.4769,281.0,29.0,Skincare,Masks,Face Masks,0,0,0,0,281.0,4.476868327402135,0.875,0.8861209964412812,0.046263345195729534,0.7035828296814048,0.580886278697277,0.5229578216764549,0.5577148958889482,0.8692170818505338,0.875,0.8734875444839858,HERO PRODUCT
P439643,Clinique iD Custom-Blend Hydrator Collection,CLINIQUE,59756,3.631,271.0,41.0,Skincare,Moisturizers,Moisturizers,0,0,0,0,271.0,3.6309963099630997,0.6605166051660517,0.5977859778597786,0.26199261992619927,0.7453618211663358,0.8606513614522157,0.51281366791244,0.7215162840363054,0.6577490774907749,0.6605166051660517,0.6495848708487085,HYPE GAP
P122782,Repairwear Intensive Lip Treatment,CLINIQUE,15182,4.2963,270.0,31.5,Skincare,Lip Balms & Treatments,,0,0,0,0,270.0,4.296296296296297,0.7894736842105263,0.8074074074074075,0.11481481481481481,0.8243710635524047,0.5130806193272824,0.5112119594233849,0.5123331553657234,0.8240740740740742,0.7894736842105263,0.8111939571150097,HYPE GAP
P385631,"Great Skin, Great Deal Set for Combination Oily Skin",CLINIQUE,39928,4.3321,268.0,32.5,Skincare,Value & Gift Sets,,0,0,0,0,268.0,4.332089552238806,0.8677685950413223,0.835820895522388,0.10074626865671642,0.757678939640977,0.7741591030432461,0.5101441537640149,0.6685531233315536,0.8330223880597014,0.8677685950413223,0.8438660262735906,HERO PRODUCT
P503747,Take The Day Off Charcoal Cleansing Balm Makeup Remover,CLINIQUE,2618,4.5521,259.0,38.0,Skincare,Cleansers,Makeup Removers,0,0,0,0,259.0,4.552123552123552,0.9459459459459459,0.9382239382239382,0.019305019305019305,0.5614692319820567,0.0811532301121196,0.499466097170315,0.24847837693539776,0.888030888030888,0.9459459459459459,0.9129343629343629,HIDDEN GEM
P417984,Moisture Surge Hydrating Supercharged Concentrate,CLINIQUE,19480,4.0246,244.0,44.0,Skincare,Moisturizers,Moisturizers,0,0,0,0,244.0,4.024590163934426,0.7333333333333333,0.7459016393442623,0.1721311475409836,0.7547802209663086,0.5907634810464496,0.4829151094500801,0.5476241324079019,0.7561475409836065,0.7333333333333333,0.747766393442623,HYPE GAP
P232327,Broad Spectrum SPF 50 Sunscreen Face Cream,CLINIQUE,16286,3.9706,238.0,30.0,Skincare,Sunscreen,Face Sunscreen,0,0,0,0,238.0,3.9705882352941178,0.589041095890411,0.7394957983193278,0.1722689075630252,0.8183617461362535,0.5355045381740523,0.47303790710090765,0.5105178857447944,0.7426470588235294,0.589041095890411,0.6960925808679637,HYPE GAP
P122876,Clarifying Lotion 4,CLINIQUE,5508,4.385,226.0,20.0,Skincare,Cleansers,Toners,0,0,0,0,226.0,4.384955752212389,0.8214285714285714,0.8539823008849557,0.07079646017699115,0.7747012269847533,0.201281366791244,0.4628937533368927,0.3059263214095035,0.8462389380530972,0.8214285714285714,0.8399573324905183,HIDDEN GEM
P122651,Clarifying Lotion 1,CLINIQUE,7569,4.515,200.0,20.0,Skincare,Cleansers,Toners,0,0,0,0,200.0,4.515,0.868421052631579,0.89,0.06,0.7673641262309892,0.28670581954084357,0.43379604911906033,0.3455419113721303,0.8787499999999999,0.868421052631579,0.8773388157894737,HIDDEN GEM
P432243,Blackhead Solutions Self-heating Blackhead Extractor,CLINIQUE,33034,3.0859,198.0,32.0,Skincare,Cleansers,Face Wash & Cleansers,0,0,0,0,198.0,3.085858585858586,0.494949494949495,0.4696969696969697,0.45454545454545453,0.7282247044925206,0.7335824879871863,0.4300587293112654,0.6121729845168179,0.5214646464646465,0.494949494949495,0.5057449494949495,HYPE GAP
P385632,"Great Skin, Great Deal Set for Dry Combination Skin",CLINIQUE,29926,4.2143,182.0,32.5,Skincare,Value & Gift Sets,,0,0,0,0,182.0,4.214285714285714,0.8518518518518519,0.8021978021978022,0.14835164835164835,0.6945443763112535,0.7106246663107314,0.40443139348638546,0.588147357180993,0.8035714285714286,0.8518518518518519,0.8178495115995117,HYPE GAP
P122767,All About Lips,CLINIQUE,6581,4.0178,169.0,28.0,Skincare,Lip Balms & Treatments,,0,0,0,0,169.0,4.017751479289941,0.5384615384615384,0.7455621301775148,0.14792899408284024,0.8538056085938993,0.24612920448478376,0.3825413774693006,0.3006940736785905,0.7544378698224852,0.5384615384615384,0.6883136094674557,LOW TRACTION
P398717,Dramatically Different Moisturizing Cream,CLINIQUE,8553,4.4085,164.0,32.5,Skincare,Moisturizers,Moisturizers,0,0,0,0,164.0,4.408536585365853,0.8714285714285714,0.8414634146341463,0.0975609756097561,0.868704039384337,0.3182060864922584,0.37213027229044315,0.33977576081153227,0.8521341463414633,0.8714285714285714,0.8563218641114982,HIDDEN GEM
P416824,Fresh Pressed Daily Booster with Pure Vitamin C 10%,CLINIQUE,23281,3.9299,157.0,85.0,Skincare,Treatments,Face Serums,0,0,0,0,157.0,3.929936305732484,0.7099236641221374,0.6687898089171974,0.21019108280254778,0.753800880459566,0.6422851041110518,0.3611852642819007,0.5298451681793913,0.732484076433121,0.7099236641221374,0.7161618126124375,HYPE GAP
P377576,Repairwear Laser Focus Wrinkle Correcting Eye Cream,CLINIQUE,9568,3.9067,150.0,54.0,Skincare,Eye Care,Eye Creams & Treatments,0,0,0,0,150.0,3.9066666666666667,0.7878787878787878,0.6866666666666666,0.24,0.7913906311759582,0.35798184730379073,0.34890549919914576,0.3543513080619327,0.7266666666666667,0.7878787878787878,0.739030303030303,LOW TRACTION
P443383,Moisture Surge Eye 96-Hour Hydro-Filler Concentrate,CLINIQUE,11769,3.338,142.0,37.0,Skincare,Eye Care,Eye Creams & Treatments,0,0,0,0,142.0,3.3380281690140845,0.5422535211267606,0.5352112676056338,0.38028169014084506,0.7562313555843301,0.42819006940736787,0.3368926855312333,0.39167111585691405,0.5845070422535211,0.5422535211267606,0.5644366197183098,LOW TRACTION
P302900,Turnaround Revitalizing Serum,CLINIQUE,6909,4.3261,138.0,53.0,Skincare,Treatments,Face Serums,0,0,0,0,138.0,4.326086956521739,0.7692307692307693,0.8478260869565217,0.10869565217391304,0.8221494157314301,0.2600106780565937,0.32995194874532835,0.28798718633208753,0.8315217391304348,0.7692307692307693,0.8152801003344482,LOW TRACTION
P392472,All About Clean Foaming Facial Soap,CLINIQUE,5092,4.0254,118.0,23.5,Skincare,Cleansers,Face Wash & Cleansers,0,0,0,0,118.0,4.02542372881356,0.8095238095238095,0.7457627118644068,0.1694915254237288,0.8201346320933417,0.1793913507741591,0.2936465563267485,0.22509343299519485,0.7563559322033899,0.8095238095238095,0.7707173123486684,LOW TRACTION
P407040,Acne Solutions Acne + Line Correcting Serum,CLINIQUE,9778,4.1304,115.0,52.0,Skincare,Treatments,Face Serums,0,0,0,0,115.0,4.130434782608695,0.8372093023255814,0.7913043478260869,0.16521739130434782,0.7691720447848353,0.36412172984516816,0.28804057661505605,0.3336892685531233,0.7826086956521738,0.8372093023255814,0.8002932254802833,LOW TRACTION
P393501,Acne Solutions Cleansing Gel,CLINIQUE,7215,3.8725,102.0,23.5,Skincare,Treatments,Blemish & Acne Treatments,0,0,0,0,102.0,3.872549019607843,0.782608695652174,0.6764705882352942,0.20588235294117646,0.732641134221675,0.27255739455419115,0.2642819006940737,0.2692471970101442,0.7181372549019608,0.782608695652174,0.7312286871270247,LOW TRACTION
P463613,Moisture Surge Intense 72H Lipid-Replenishing Hydrator Moisturizer,CLINIQUE,6473,3.4688,96.0,44.0,Skincare,Moisturizers,Moisturizers,0,0,0,0,96.0,3.46875,0.6458333333333334,0.5729166666666666,0.3125,0.7938433997771319,0.2413240790176188,0.25040042712226374,0.24495461825947676,0.6171875,0.6458333333333334,0.619140625,LOW TRACTION
P374115,Pore Refining Solutions Stay-Matte Hydrator,CLINIQUE,7842,4.0761,92.0,44.0,Skincare,Moisturizers,Moisturizers,0,0,0,0,92.0,4.076086956521739,0.8823529411764706,0.782608695652174,0.17391304347826086,0.798255036957562,0.2984516817939135,0.2421249332621463,0.2759209823812066,0.7690217391304348,0.8823529411764706,0.8050591432225065,LOW TRACTION
P455622,Even Better Clinical Radical Dark Spot Corrector + Interrupter Serum,CLINIQUE,22013,3.5824,91.0,85.0,Skincare,Treatments,Face Serums,0,0,0,0,91.0,3.5824175824175826,0.6373626373626373,0.6153846153846154,0.2967032967032967,0.7360194063448644,0.6262680192205019,0.2389215162840363,0.47132941804591566,0.6456043956043956,0.6373626373626373,0.6385989010989012,LOW TRACTION
P474940,Mini Even Better Clinical Radical Dark Spot Corrector + Interrupter Serum,CLINIQUE,1728,3.5824,91.0,21.0,Skincare,Treatments,Face Serums,0,0,0,0,91.0,3.5824175824175826,0.6373626373626373,0.6153846153846154,0.2967032967032967,0.7360194063448644,0.05018686599038975,0.2389215162840363,0.12568072610784836,0.6456043956043956,0.6373626373626373,0.6385989010989012,LOW TRACTION
P456991,Superdefense City Block Broad Spectrum SPF 50 Daily Energy + Face Protector Primer,CLINIQUE,5615,3.6932,88.0,32.0,Skincare,Sunscreen,Face Sunscreen,0,0,0,0,88.0,3.6931818181818183,0.6818181818181818,0.6704545454545454,0.29545454545454547,0.8192966468193952,0.20928990923651897,0.23117992525360384,0.2180459156433529,0.6732954545454546,0.6818181818181818,0.6754261363636365,LOW TRACTION
P410101,Broad Spectrum SPF 50 Mineral Sunscreen Fluid for Face,CLINIQUE,8842,3.4405,84.0,31.0,Skincare,Sunscreen,Face Sunscreen,0,0,0,0,84.0,3.4404761904761907,0.6081081081081081,0.5238095238095238,0.27380952380952384,0.8078385576417174,0.33101975440469833,0.22156967431927388,0.2872397223705285,0.6101190476190477,0.6081081081081081,0.5965693371943372,LOW TRACTION
P407381,Sun-Kissed Face Gelee Complexion Multitasker Bronzer,CLINIQUE,13842,4.2857,63.0,34.0,Skincare,Self Tanners,For Face,0,0,1,0,64.0,4.296875,0.7916666666666666,0.796875,0.109375,0.8347620534999617,0.4826481580352376,0.1585691404164442,0.3530165509877202,0.82421875,0.7916666666666666,0.8103515625000001,LOW TRACTION
P468818,Mini Moisture Surge 100H Auto-Replenishing Hydrator Moisturizer,CLINIQUE,8723,4.2182,55.0,16.0,Skincare,Mini Size,,0,0,0,0,55.0,4.218181818181818,0.8545454545454545,0.8,0.07272727272727272,0.8444444257201571,0.3275493860117459,0.13294180459156432,0.24970635344367326,0.8045454545454545,0.8545454545454545,0.8188636363636363,LOW TRACTION
P448563,Clinique Smart Clinical MD Multi-Dimensional Age Transformer Revolumize,CLINIQUE,1423,3.3265,49.0,74.0,Skincare,Moisturizers,Moisturizers,0,0,0,0,49.0,3.326530612244898,0.4897959183673469,0.5102040816326531,0.3469387755102041,0.785255184283062,0.037907100907634814,0.11238654564869194,0.06769887880405766,0.5816326530612245,0.4897959183673469,0.5433673469387755,LOW TRACTION
P409920,Clarifying Lotion 1.0 Twice A Day Exfoliator,CLINIQUE,3470,3.6429,42.0,32.0,Skincare,Cleansers,Exfoliators,0,0,0,0,42.0,3.642857142857143,0.7777777777777778,0.6666666666666666,0.2857142857142857,0.7212484165241844,0.11692471970101441,0.08515750133475708,0.10421783235451147,0.6607142857142857,0.7777777777777778,0.6967261904761904,LOW TRACTION
P309409,Repairwear Uplifting Firming Cream,CLINIQUE,2408,3.7143,42.0,74.0,Skincare,Moisturizers,Moisturizers,0,0,0,0,42.0,3.7142857142857144,0.5714285714285714,0.6666666666666666,0.21428571428571427,0.846702802926302,0.07261078483715963,0.08515750133475708,0.07762947143619861,0.6785714285714286,0.5714285714285714,0.6446428571428572,LOW TRACTION
P417323,Fresh Pressed Renewing Powder Cleanser with Pure Vitamin C,CLINIQUE,5608,4.3684,38.0,39.0,Skincare,Cleansers,Face Wash & Cleansers,0,0,1,0,38.0,4.368421052631579,0.8285714285714286,0.8421052631578947,0.10526315789473684,0.7800772888319832,0.20875600640683395,0.06673785371062467,0.15194874532835023,0.8421052631578947,0.8285714285714286,0.8380451127819548,LOW TRACTION
P405286,Smart Broad Spectrum SPF 15 Custom-Repair Moisturizer for Dry Combination Skin,CLINIQUE,3174,4.3143,35.0,64.0,Skincare,Moisturizers,Moisturizers,0,0,0,0,35.0,4.314285714285714,0.8333333333333334,0.8285714285714286,0.08571428571428572,0.7349652781568724,0.10411105178857448,0.04965296316070475,0.08232781633742658,0.8285714285714285,0.8333333333333334,0.8300000000000001,LOW TRACTION
P439648,Clinique iD:  Moisturizer + Concentrate for Pores & Uneven Texture,CLINIQUE,904,3.1538,26.0,41.0,Skincare,Moisturizers,Moisturizers,0,0,0,0,26.0,3.1538461538461537,0.46153846153846156,0.46153846153846156,0.38461538461538464,0.8452666172614465,0.019754404698344902,0.007741591030432461,0.014949279231179925,0.5384615384615384,0.46153846153846156,0.5038461538461538,LOW TRACTION
P500098,Makeup Melting Balm Cleanser,Community Sixty-Six,1308,3.4032,248.0,16.0,Skincare,Cleansers,Face Wash & Cleansers,0,0,1,1,248.0,3.403225806451613,0.5887096774193549,0.5040322580645161,0.22580645161290322,0.7266666670640309,0.032568072610784836,0.48852108916177256,0.21494927923117993,0.6008064516129032,0.5887096774193549,0.5826612903225806,LOW TRACTION
P500114,Retinol Resurfacing Night Moisturizer,Community Sixty-Six,1442,4.0658,243.0,35.0,Skincare,Moisturizers,Moisturizers,0,0,1,1,243.0,4.065843621399177,0.8106995884773662,0.7489711934156379,0.053497942386831275,0.7407407407407407,0.03844100373731981,0.4818473037907101,0.21580352375867592,0.7664609053497942,0.8106995884773662,0.7771090534979425,LOW TRACTION
P500094,Hydrating Oil-Free Gel Moisturizer,Community Sixty-Six,1039,4.1245,241.0,25.0,Skincare,Moisturizers,Moisturizers,0,0,1,1,241.0,4.124481327800829,0.8174273858921162,0.7676348547717843,0.06639004149377593,0.6,0.024292578750667378,0.4789108382274426,0.20613988254137747,0.7811203319502074,0.8174273858921162,0.7899896265560166,LOW TRACTION
P500113,Detoxifying AHA/BHA Gel Cleanser,Community Sixty-Six,1205,4.0504,119.0,16.0,Skincare,Cleansers,Face Wash & Cleansers,0,0,1,1,119.0,4.050420168067227,0.865546218487395,0.773109243697479,0.06722689075630252,0.5614035255030582,0.029364655632674853,0.2952482648158035,0.13571809930592632,0.7626050420168067,0.865546218487395,0.7950630252100841,LOW TRACTION
P500109,Hydrating Caffeine Eye Cream,Community Sixty-Six,3298,4.1379,116.0,18.0,Skincare,Eye Care,Eye Creams & Treatments,0,0,1,1,116.0,4.137931034482759,0.8017241379310345,0.7844827586206896,0.09482758620689655,0.7829861032466093,0.11051788574479444,0.29017618793379607,0.1823812066203951,0.7844827586206897,0.8017241379310345,0.7896551724137931,LOW TRACTION
P429516,Full Spectrum 360° Sun Silk Drops Organic Sunscreen SPF 30,COOLA,41546,4.4205,799.0,48.0,Skincare,Sunscreen,Face Sunscreen,0,0,0,1,799.0,4.420525657071339,0.8873591989987485,0.8648310387984981,0.07634543178973717,0.8121664609730713,0.7875066737853711,0.794981313400961,0.7904965296316071,0.8551314142678348,0.8873591989987485,0.8662546933667084,HERO PRODUCT
P396623,Makeup Setting Spray Organic Sunscreen SPF 30,COOLA,34125,3.3066,623.0,36.0,Skincare,Sunscreen,Face Sunscreen,0,0,0,0,624.0,3.309294871794872,0.5696969696969697,0.5368589743589743,0.34775641025641024,0.8027184245039882,0.7399893219434063,0.7517351841964762,0.7446876668446343,0.577323717948718,0.5696969696969697,0.5689659819347319,HYPE GAP
P468640,Full Spectrum 360º Refreshing Water Cream Organic Face Sunscreen SPF 50,COOLA,6587,4.5805,267.0,48.0,Skincare,Sunscreen,Face Sunscreen,0,0,1,0,267.0,4.580524344569288,0.9363295880149812,0.9101123595505618,0.0299625468164794,0.6579979985584448,0.24666310731446878,0.5077415910304325,0.35109450080085425,0.8951310861423221,0.9363295880149812,0.9097378277153558,HIDDEN GEM
P418221,Organic Sunless Tan Anti-Aging Face Serum,COOLA,16938,3.9744,156.0,54.0,Skincare,Self Tanners,For Face,0,0,0,0,156.0,3.9743589743589745,0.6590909090909091,0.6987179487179487,0.21794871794871795,0.7816466957057288,0.5467164975974372,0.3593166043780032,0.47175654030966363,0.7435897435897436,0.6590909090909091,0.711509324009324,LOW TRACTION
P455618,Full Spectrum 360° Refreshing Water Mist Organic Face Sunscreen SPF 18,COOLA,11030,4.3636,99.0,36.0,Skincare,Sunscreen,Face Sunscreen,0,0,1,0,100.0,4.37,0.87,0.85,0.11,0.6796303767669987,0.40576615056059795,0.2586759209823812,0.34693005872931126,0.8425,0.87,0.8518749999999999,HIDDEN GEM
P395723,Classic Body Organic Sunscreen Spray SPF 50 Fragrance-Free,COOLA,12498,4.3636,77.0,28.0,Skincare,Sunscreen,Body Sunscreen,0,0,1,0,77.0,4.363636363636363,0.875,0.8571428571428571,0.1038961038961039,0.7907287753347693,0.44954618259476775,0.201815269620929,0.35045381740523224,0.8409090909090908,0.875,0.8535714285714285,HIDDEN GEM
P455341,Classic Body Organic Sunscreen Spray SPF 70 Peach Blossom,COOLA,8003,4.2692,52.0,28.0,Skincare,Sunscreen,Body Sunscreen,0,0,1,0,52.0,4.269230769230769,0.8076923076923077,0.7692307692307693,0.17307692307692307,0.6183153047245376,0.3021890016017085,0.1203950880939669,0.22947143619861185,0.8173076923076923,0.8076923076923077,0.8072115384615385,LOW TRACTION
P452002,Classic Face Sunscreen SPF 50 White Tea,COOLA,6396,3.9149,47.0,32.0,Skincare,Sunscreen,Face Sunscreen,0,0,1,0,47.0,3.9148936170212765,0.6808510638297872,0.6595744680851063,0.19148936170212766,0.7805786830457774,0.2391884676988788,0.10250934329951948,0.18451681793913507,0.7287234042553191,0.6808510638297872,0.7039893617021276,LOW TRACTION
P441645,Sunless Tan Firming Lotion,COOLA,8889,4.25,40.0,46.0,Skincare,Self Tanners,For Body,0,0,0,1,40.0,4.25,0.85,0.775,0.125,0.8217704609418527,0.3336892685531233,0.07528029898558462,0.23032568072610782,0.8125,0.85,0.818125,LOW TRACTION
P442267,Sunless Tan Express Sculpting Mousse,COOLA,3650,4.0,27.0,48.0,Skincare,Self Tanners,For Body,0,0,1,0,27.0,4.0,0.7037037037037037,0.6666666666666666,0.2222222222222222,0.8512805757614282,0.12439935931660438,0.012813667912439935,0.0797650827549386,0.75,0.7037037037037037,0.7236111111111111,LOW TRACTION
P472021,Mochi Mochi Luminous Plumping & Hydrating Moisturizer,DAMDAM,14376,4.6687,335.0,48.0,Skincare,Moisturizers,Moisturizers,0,0,1,1,336.0,4.669642857142857,0.9345238095238095,0.9315476190476191,0.01488095238095238,0.7891094876187188,0.49279231179925254,0.5710090763481046,0.5240790176187933,0.9174107142857142,0.9345238095238095,0.9246651785714286,HERO PRODUCT
P472023,Nomad’s Cream Purifying & Exfoliating AHA Cleanser,DAMDAM,3446,4.7929,198.0,38.0,Skincare,Cleansers,Face Wash & Cleansers,0,0,1,1,198.0,4.792929292929293,0.9696969696969697,0.9797979797979798,0.010101010101010102,0.8330729162941376,0.11585691404164442,0.4300587293112654,0.2415376401494928,0.9482323232323233,0.9696969696969697,0.9594065656565657,HIDDEN GEM
P472025,Silk Rice Makeup-Removing Cleansing Oil,DAMDAM,6564,4.7602,196.0,46.0,Skincare,Cleansers,Face Wash & Cleansers,0,0,1,1,196.0,4.760204081632653,0.9489795918367347,0.9540816326530612,0.02040816326530612,0.8191273136862687,0.24506139882541378,0.4271222637479979,0.3178857447944474,0.9400510204081634,0.9489795918367347,0.9448341836734695,HIDDEN GEM
P482260,Rice Drops Face Oil Hydrating Serum,DAMDAM,2203,4.8548,186.0,68.0,Skincare,Moisturizers,Face Oils,0,0,1,1,186.0,4.854838709677419,0.978494623655914,0.9838709677419355,0.0,0.230691048248512,0.06833956219967965,0.41217298451681794,0.20587293112653499,0.9637096774193548,0.978494623655914,0.9711693548387096,HIDDEN GEM
P504988,Snow Mushroom Pore Cleanser with Exfoliating Glove,DAMDAM,606,4.7037,108.0,47.0,Skincare,Cleansers,,0,1,1,1,108.0,4.703703703703703,0.9722222222222222,0.9629629629629629,0.018518518518518517,0.7921052637853121,0.012813667912439935,0.27549386011745863,0.11788574479444741,0.9259259259259258,0.9722222222222222,0.9453703703703702,HIDDEN GEM
P472024,Skin Mud Pure Vitamin C Brightening Mask,DAMDAM,2472,4.7419,62.0,48.0,Skincare,Masks,Face Masks,0,0,1,1,62.0,4.741935483870968,0.967741935483871,0.9516129032258065,0.016129032258064516,0.5696969987316565,0.07501334757074213,0.15082754938601176,0.10533902829684999,0.935483870967742,0.967741935483871,0.9475806451612904,HIDDEN GEM
P472022,Paradisi Hydrating Essence Mist,DAMDAM,1300,4.5,40.0,48.0,Skincare,Moisturizers,Mists & Essences,0,0,1,1,40.0,4.5,0.95,0.85,0.025,0.7284722526868185,0.03203416978109984,0.07528029898558462,0.04933262146289375,0.875,0.95,0.89375,HIDDEN GEM
P469454,Beauty Oil with Gold Leaf,Danessa Myricks Beauty,10153,4.6269,67.0,30.0,Skincare,Moisturizers,Face Oils,0,0,0,0,67.0,4.626865671641791,0.8805970149253731,0.8955223880597015,0.07462686567164178,0.8337812929199292,0.3785371062466631,0.16898024559530164,0.2947143619861185,0.9067164179104477,0.8805970149253731,0.8972014925373133,HIDDEN GEM
P448181,DERMAPORE Ultrasonic Pore Extractor & Serum Infuser,DERMAFLASH,51300,3.6157,281.0,99.0,Skincare,High Tech Tools,Anti-Aging,0,0,0,0,281.0,3.6156583629893237,0.6405693950177936,0.6370106761565836,0.30604982206405695,0.7942777079343796,0.8312867058195409,0.5229578216764549,0.7079551521623064,0.6539145907473309,0.6405693950177936,0.6473754448398576,HYPE GAP
P429043,LUXE+ Advanced Sonic Dermaplaning + Peach Fuzz Removal,DERMAFLASH,37545,3.9735,189.0,199.0,Skincare,High Tech Tools,Anti-Aging,0,0,0,0,189.0,3.9735449735449735,0.7248677248677249,0.7195767195767195,0.21164021164021163,0.7857598232317574,0.7576081153230112,0.4167111585691404,0.6212493326214629,0.7433862433862434,0.7248677248677249,0.7342592592592593,HYPE GAP
P473268,MINI Precision Peach Fuzz Removal Device,DERMAFLASH,8046,4.0769,26.0,69.0,Skincare,Mini Size,,0,0,1,0,28.0,3.857142857142857,0.75,0.6785714285714286,0.21428571428571427,0.7329421860200388,0.3027229044313935,0.01788574479444741,0.18878804057661505,0.7142857142857143,0.75,0.7196428571428571,LOW TRACTION
P443352,Mini Daily Microfoliant Exfoliator,Dermalogica,110141,4.696,4598.0,18.0,Skincare,Mini Size,,0,0,0,0,4600.0,4.695869565217391,0.951304347826087,0.941304347826087,0.025652173913043478,0.7131712673764673,0.9402028830752803,0.9906567004805126,0.9603844100373733,0.9239673913043478,0.951304347826087,0.9347690217391305,HERO PRODUCT
P423688,Daily Microfoliant Exfoliator,Dermalogica,95311,4.696,4598.0,65.0,Skincare,Cleansers,Exfoliators,0,0,0,0,4600.0,4.695869565217391,0.951304347826087,0.941304347826087,0.025652173913043478,0.7131712673764673,0.9257875066737854,0.9906567004805126,0.9517351841964763,0.9239673913043478,0.951304347826087,0.9347690217391305,HERO PRODUCT
P423148,Precleanse Cleansing Oil,Dermalogica,49959,4.5435,1229.0,49.0,Skincare,Cleansers,Face Wash & Cleansers,0,0,0,0,1230.0,4.543089430894309,0.9138211382113821,0.8991869918699187,0.05040650406504065,0.7089433341458874,0.8296849973304858,0.8774693005872931,0.8487987186332087,0.8857723577235772,0.9138211382113821,0.8961991869918698,HERO PRODUCT
P443350,Mini Precleanse Cleansing Oil,Dermalogica,20995,4.5435,1229.0,15.0,Skincare,Mini Size,,0,0,0,0,1230.0,4.543089430894309,0.9138211382113821,0.8991869918699187,0.05040650406504065,0.7089433341458874,0.6129204484783769,0.8774693005872931,0.7187399893219434,0.8857723577235772,0.9138211382113821,0.8961991869918698,HERO PRODUCT
P453930,Biolumin-C Vitamin C Eye Serum,Dermalogica,26613,4.5228,945.0,74.0,Skincare,Eye Care,Eye Creams & Treatments,0,0,0,0,945.0,4.522751322751323,0.9301587301587302,0.908994708994709,0.03492063492063492,0.6134735311381518,0.6807261078483716,0.8243459690336359,0.7381740523224773,0.8806878306878307,0.9301587301587302,0.8997751322751323,HERO PRODUCT
P423136,Special Cleansing Gel,Dermalogica,34428,4.5196,716.0,42.0,Skincare,Cleansers,Face Wash & Cleansers,0,0,0,0,716.0,4.5195530726256985,0.9106145251396648,0.8966480446927374,0.04888268156424581,0.7454180770352775,0.7421249332621462,0.7824345969033636,0.7582487987186332,0.8798882681564246,0.9106145251396648,0.8916201117318436,HERO PRODUCT
P443700,Mini Special Cleansing Gel,Dermalogica,16436,4.5196,716.0,13.0,Skincare,Mini Size,,0,0,0,0,716.0,4.5195530726256985,0.9106145251396648,0.8966480446927374,0.04888268156424581,0.7454180770352775,0.5376401494927923,0.7824345969033636,0.6355579284570207,0.8798882681564246,0.9106145251396648,0.8916201117318436,HERO PRODUCT
P443370,BioLumin-C Vitamin C Serum,Dermalogica,21673,4.5714,616.0,95.0,Skincare,Treatments,Face Serums,0,0,0,0,617.0,4.572123176661264,0.9384116693679092,0.9173419773095624,0.02593192868719611,0.7271163894981146,0.6219967965830219,0.7482648158035238,0.6725040042712227,0.8930307941653159,0.9384116693679092,0.910291734197731,HERO PRODUCT
P500240,Daily Milkfoliant Exfoliator,Dermalogica,9681,4.7943,559.0,65.0,Skincare,Cleansers,Exfoliators,0,0,0,0,561.0,4.789661319073084,0.9714795008912656,0.9696969696969697,0.012477718360071301,0.6701188028955752,0.3603844100373732,0.7269087026161238,0.5069941270688735,0.947415329768271,0.9714795008912656,0.9579768270944742,HERO PRODUCT
P445832,Acne Clearing Skin Wash Cleanser,Dermalogica,15540,4.6303,541.0,42.0,Skincare,Cleansers,Face Wash & Cleansers,0,0,0,0,541.0,4.630314232902033,0.9593345656192237,0.9316081330868762,0.02033271719038817,0.7112277674560363,0.5194874532835024,0.7191671115856914,0.599359316604378,0.9075785582255083,0.9593345656192237,0.9267097966728282,HERO PRODUCT
P443359,Skin Smoothing Cream Moisturizer,Dermalogica,12290,4.6055,474.0,74.0,Skincare,Moisturizers,Moisturizers,0,0,0,0,475.0,4.606315789473684,0.9410526315789474,0.9347368421052632,0.031578947368421054,0.6732584338548572,0.4452749599572878,0.6753870795515217,0.5373198077949813,0.901578947368421,0.9410526315789474,0.9183947368421053,HERO PRODUCT
P423142,Active Moist Moisturizer,Dermalogica,14546,4.6028,428.0,74.0,Skincare,Moisturizers,Moisturizers,0,0,0,0,428.0,4.602803738317757,0.9205607476635514,0.9112149532710281,0.0397196261682243,0.8097999306588337,0.49599572877736253,0.6409503470368393,0.5539775760811532,0.9007009345794392,0.9205607476635514,0.9082359813084113,HERO PRODUCT
P460624,Discover Healthy Skin Kit,Dermalogica,21230,4.6265,415.0,39.5,Skincare,Value & Gift Sets,,0,0,0,0,416.0,4.627403846153846,0.9471153846153846,0.9254807692307693,0.026442307692307692,0.7811759360252865,0.6155899626268019,0.6340096102509343,0.6229578216764549,0.9068509615384615,0.9471153846153846,0.9217247596153846,HERO PRODUCT
P423130,MultiVitamin Power Recovery Mask,Dermalogica,37767,4.3667,390.0,65.0,Skincare,Masks,Face Masks,0,0,0,0,390.0,4.366666666666666,0.8948717948717949,0.8641025641025641,0.05128205128205128,0.7544673307350388,0.7597437266417512,0.6107848371596369,0.7001601708489055,0.8416666666666666,0.8948717948717949,0.8609935897435897,HERO PRODUCT
P456582,Invisible Physical Defense Mineral Sunscreen SPF30,Dermalogica,10706,4.3731,386.0,48.0,Skincare,Sunscreen,Face Sunscreen,0,0,0,0,386.0,4.373056994818653,0.8808290155440415,0.8471502590673575,0.06994818652849741,0.8295565172153361,0.398825413774693,0.6075814201815269,0.4823278163374266,0.8432642487046633,0.8808290155440415,0.8551165803108809,HIDDEN GEM
P481697,Circular Hydration Serum with Hyaluronic Acid,Dermalogica,8306,4.7688,372.0,64.0,Skincare,Treatments,Face Serums,0,0,0,0,372.0,4.768817204301075,0.9811827956989247,0.9731182795698925,0.008064516129032258,0.6402500971323914,0.3123331553657234,0.599038974906567,0.42701548318206084,0.9422043010752688,0.9811827956989247,0.9585349462365591,HIDDEN GEM
P474822,Daily Glycolic Cleanser,Dermalogica,17736,4.7843,357.0,37.0,Skincare,Cleansers,Face Wash & Cleansers,0,0,0,0,357.0,4.784313725490196,0.9803921568627451,0.9635854341736695,0.014005602240896359,0.6159044676417604,0.5638013881473571,0.5880939668980245,0.5735184196476241,0.946078431372549,0.9803921568627451,0.9589985994397758,HERO PRODUCT
P472810,Smart Response Serum,Dermalogica,4851,4.7825,354.0,145.0,Skincare,Treatments,Face Serums,0,0,0,0,354.0,4.7824858757062145,0.980225988700565,0.9689265536723164,0.014124293785310734,0.5711472034454346,0.16978109983982914,0.5856914041644421,0.3361452215696743,0.9456214689265536,0.980225988700565,0.9594985875706215,HIDDEN GEM
P503814,Dynamic Skin Retinol Serum,Dermalogica,3898,4.8081,344.0,92.0,Skincare,Treatments,Face Serums,0,0,0,0,344.0,4.808139534883721,0.9796511627906976,0.9825581395348837,0.00872093023255814,0.6311760442124472,0.13347570742124934,0.5787506673785371,0.3115856914041645,0.9520348837209303,0.9796511627906976,0.9648982558139535,HIDDEN GEM
P445833,AGE Bright Clearing Serum,Dermalogica,9307,4.3528,343.0,75.0,Skincare,Treatments,Face Serums,0,0,0,0,343.0,4.352769679300292,0.8950437317784257,0.8717201166180758,0.0641399416909621,0.8405478240651939,0.34917245061398827,0.5766150560597971,0.4401494927923118,0.838192419825073,0.8950437317784257,0.8602769679300293,HIDDEN GEM
P462344,Hydro Masque Exfoliant,Dermalogica,6698,4.4406,320.0,64.0,Skincare,Cleansers,Exfoliators,0,0,1,0,320.0,4.440625,0.89375,0.884375,0.025,0.8350187459988381,0.25093432995194875,0.5624666310731447,0.37554725040042714,0.86015625,0.89375,0.8738671875,HIDDEN GEM
P423150,Multi-Active Toner,Dermalogica,16363,4.3987,316.0,43.0,Skincare,Cleansers,Toners,0,0,0,0,317.0,4.400630914826499,0.886435331230284,0.8643533123028391,0.0473186119873817,0.8286427907756905,0.5371062466631074,0.5579284570208222,0.5454351308061933,0.8501577287066246,0.886435331230284,0.8631703470031546,HERO PRODUCT
P443351,Mini Multi-Active Toner,Dermalogica,14201,4.3987,316.0,13.0,Skincare,Mini Size,,0,0,0,0,317.0,4.400630914826499,0.886435331230284,0.8643533123028391,0.0473186119873817,0.8286427907756905,0.48798718633208754,0.5579284570208222,0.5159636946075814,0.8501577287066246,0.886435331230284,0.8631703470031546,HERO PRODUCT
P467111,Retinol Acne Clearing Oil,Dermalogica,4762,4.3981,314.0,86.0,Skincare,Moisturizers,Face Oils,0,0,0,0,314.0,4.398089171974522,0.9012738853503185,0.8598726114649682,0.041401273885350316,0.8357968134539467,0.16604378003203418,0.5549919914575547,0.32162306460224244,0.8495222929936306,0.9012738853503185,0.8666003184713376,HIDDEN GEM
P423123,Daily Superfoliant Exfoliator,Dermalogica,10658,4.5631,309.0,65.0,Skincare,Cleansers,Exfoliators,0,0,0,0,309.0,4.563106796116505,0.9385113268608414,0.919093851132686,0.032362459546925564,0.7402070821386523,0.397223705285638,0.5520555258942872,0.45915643352909763,0.8907766990291262,0.9385113268608414,0.9093446601941748,HIDDEN GEM
P469118,Melting Moisture Mask,Dermalogica,4950,4.6879,298.0,69.0,Skincare,Masks,Face Masks,0,0,1,0,299.0,4.688963210702341,0.959866220735786,0.9431438127090301,0.0033444816053511705,0.7531249998853757,0.17405232247730912,0.5387079551521623,0.3199145755472504,0.9222408026755853,0.959866220735786,0.9366638795986623,HIDDEN GEM
P479692,Awaken Peptide Depuffing Eye Gel,Dermalogica,8685,4.7033,273.0,59.0,Skincare,Eye Care,Eye Creams & Treatments,0,0,0,0,273.0,4.7032967032967035,0.9523809523809523,0.9523809523809523,0.03296703296703297,0.6221088262704703,0.32514682327816335,0.5146823278163374,0.40096102509343295,0.9258241758241759,0.9523809523809523,0.9377747252747253,HIDDEN GEM
P475086,BioLumin-C Vitamin-C Gel Moisturizer,Dermalogica,6836,4.6384,271.0,69.0,Skincare,Moisturizers,Moisturizers,0,0,0,0,271.0,4.638376383763838,0.948339483394834,0.933579335793358,0.025830258302583026,0.7359336897975108,0.2573411639081687,0.51281366791244,0.3595301655098772,0.9095940959409594,0.948339483394834,0.9248154981549814,HIDDEN GEM
P502326,Dynamic Skin Recovery SPF50 Moisturizer,Dermalogica,5274,4.8189,265.0,79.0,Skincare,Sunscreen,Face Sunscreen,0,0,0,0,266.0,4.80827067669173,0.9774436090225563,0.9774436090225563,0.0037593984962406013,0.7402380990982056,0.18739989321943407,0.50533902829685,0.31457554725040043,0.9520676691729324,0.9774436090225563,0.9634868421052633,HIDDEN GEM
P423135,Super Rich Repair Moisturizer,Dermalogica,7054,4.6593,226.0,94.0,Skincare,Moisturizers,Moisturizers,0,0,0,0,226.0,4.65929203539823,0.9513274336283186,0.9292035398230089,0.01327433628318584,0.8614142070401389,0.2656166577682862,0.4628937533368927,0.3445274959957288,0.9148230088495575,0.9513274336283186,0.9279314159292036,HIDDEN GEM
P428240,Calm Water Gel Moisturizer,Dermalogica,8686,4.3562,219.0,55.0,Skincare,Moisturizers,Moisturizers,0,0,1,0,219.0,4.3561643835616435,0.8767123287671232,0.8584474885844748,0.0639269406392694,0.8945056537264272,0.3256807261078484,0.45408435664709024,0.37704217832354514,0.8390410958904109,0.8767123287671232,0.8532534246575343,HIDDEN GEM
P423134,MultiVitamin Power Firm Eye Cream,Dermalogica,8383,4.1724,203.0,69.0,Skincare,Eye Care,Eye Creams & Treatments,0,0,0,0,204.0,4.176470588235294,0.8333333333333334,0.7794117647058824,0.07352941176470588,0.8280541407756317,0.3139348638547784,0.4380672717565403,0.3635878270154832,0.7941176470588236,0.8333333333333334,0.8036764705882353,LOW TRACTION
P423127,Ultracalming Cleanser,Dermalogica,11814,4.4523,199.0,42.0,Skincare,Cleansers,Face Wash & Cleansers,0,0,1,0,199.0,4.452261306532663,0.8994974874371859,0.8844221105527639,0.05025125628140704,0.8184525945557738,0.42925787506673785,0.4316604378003203,0.43021890016017084,0.8630653266331658,0.8994974874371859,0.8771984924623115,HIDDEN GEM
P505139,Phyto Nature Oxygen Cream,Dermalogica,274,4.8646,192.0,125.0,Skincare,Moisturizers,Moisturizers,0,1,0,0,200.0,4.83,0.995,0.985,0.0,0.8571428571428571,0.006406833956219968,0.43379604911906033,0.17736252002135613,0.9575,0.995,0.9728749999999999,HIDDEN GEM
P443369,Sound Sleep Cocoon Night Gel-Cream,Dermalogica,7619,4.1823,181.0,89.0,Skincare,Treatments,Face Serums,0,0,1,0,181.0,4.18232044198895,0.8232044198895028,0.8121546961325967,0.11602209944751381,0.7747752003297947,0.28830752802989856,0.4022957821676455,0.33390282968499735,0.7955801104972375,0.8232044198895028,0.806353591160221,LOW TRACTION
P423125,Ultracalming Serum Concentrate,Dermalogica,7347,4.3077,156.0,66.0,Skincare,Treatments,Face Serums,0,0,1,0,156.0,4.3076923076923075,0.8589743589743589,0.8269230769230769,0.07692307692307693,0.8461290539375373,0.27869727709556863,0.3593166043780032,0.31094500800854247,0.8269230769230769,0.8589743589743589,0.8365384615384615,LOW TRACTION
P443358,Intensive Moisture Balance Moisturizer,Dermalogica,10341,4.4667,150.0,47.0,Skincare,Moisturizers,Moisturizers,0,0,0,0,151.0,4.470198675496689,0.9072847682119205,0.8940397350993378,0.052980132450331126,0.8088607788085938,0.3865456486919381,0.35024025627335825,0.37202349172450616,0.8675496688741722,0.9072847682119205,0.8834437086092715,HIDDEN GEM
P449177,AGE Smart Phyto-Nature Firming Serum,Dermalogica,2823,4.3311,148.0,155.0,Skincare,Treatments,Face Serums,0,0,0,0,148.0,4.331081081081081,0.8783783783783784,0.8445945945945946,0.04054054054054054,0.8784958425532566,0.08916177255739455,0.34543513080619326,0.19167111585691404,0.8327702702702702,0.8783783783783784,0.8482263513513513,HIDDEN GEM
P443366,Prisma Protect SPF 30 Moisturizer,Dermalogica,6322,4.3571,140.0,69.0,Skincare,Moisturizers,Moisturizers,0,0,1,0,141.0,4.361702127659575,0.9290780141843972,0.8936170212765957,0.0425531914893617,0.8529509540760156,0.2375867592098238,0.3352909770421783,0.2766684463427656,0.8404255319148937,0.9290780141843972,0.8750000000000001,HIDDEN GEM
P446638,Power Cleanse Duo,Dermalogica,23348,4.5752,113.0,19.0,Skincare,Value & Gift Sets,,0,0,1,0,113.0,4.575221238938053,0.9557522123893806,0.9646017699115044,0.017699115044247787,0.7444992849360341,0.6446876668446343,0.2856380138814736,0.50106780565937,0.8938053097345133,0.9557522123893806,0.9230088495575222,HERO PRODUCT
P423143,Stress Positive Eye Lift Mask,Dermalogica,8944,4.1667,36.0,74.0,Skincare,Eye Care,Eye Creams & Treatments,0,0,1,0,36.0,4.166666666666667,0.7777777777777778,0.7222222222222222,0.19444444444444445,0.75127289030287,0.33635878270154834,0.05445808862786973,0.2235985050720769,0.7916666666666667,0.7777777777777778,0.7770833333333333,LOW TRACTION
P503820,Daily Brightness Boosters Kit,Dermalogica,1723,4.8333,30.0,49.5,Skincare,Value & Gift Sets,,0,0,0,0,30.0,4.833333333333333,0.9666666666666667,0.9666666666666667,0.0,0.4,0.04965296316070475,0.027762947143619862,0.0408969567538708,0.9583333333333333,0.9666666666666667,0.9620833333333334,HIDDEN GEM
P423690,Skin Resurfacing Lactic Acid Cleanser,Dermalogica,6435,4.1071,28.0,48.0,Skincare,Cleansers,Exfoliators,0,0,1,0,28.0,4.107142857142857,0.7857142857142857,0.7857142857142857,0.21428571428571427,0.8464075536639603,0.2402562733582488,0.01788574479444741,0.15130806193272825,0.7767857142857142,0.7857142857142857,0.7808035714285715,LOW TRACTION
P415619,Dreamskin Skin Perfector,Dior,40209,4.3384,1457.0,130.0,Skincare,Moisturizers,Moisturizers,0,0,0,0,1457.0,4.338366506520247,0.874037788663401,0.849691146190803,0.055593685655456415,0.7861741313133814,0.7768286171916711,0.9017618793379605,0.8268019220501869,0.8345916266300617,0.874037788663401,0.8486904031741748,HERO PRODUCT
P472028,Capture Totale Super Potent Eye Serum,Dior,8533,4.3831,1091.0,85.0,Skincare,Eye Care,Eye Creams & Treatments,0,0,0,0,1092.0,4.383699633699634,0.8946886446886447,0.86996336996337,0.03296703296703297,0.8362848728390063,0.31767218366257344,0.8601174586225308,0.5346502936465564,0.8459249084249085,0.8946886446886447,0.8641597985347986,HERO PRODUCT
P467945,Capture Totale Super Potent Rich Cream,Dior,2700,4.5457,678.0,130.0,Skincare,Moisturizers,Moisturizers,0,0,1,0,678.0,4.545722713864307,0.9424778761061947,0.9026548672566371,0.022123893805309734,0.6091618067339847,0.08275493860117458,0.7722904431393487,0.3585691404164443,0.8864306784660767,0.9424778761061947,0.9056784660766961,HIDDEN GEM
P454806,Capture Totale Firming & Wrinkle-Correcting Cream,Dior,7071,4.5168,654.0,130.0,Skincare,Moisturizers,Moisturizers,0,0,0,0,654.0,4.516819571865444,0.9250764525993884,0.9021406727828746,0.022935779816513763,0.7645197496749461,0.2669514148424987,0.7650827549386012,0.46620395088093974,0.879204892966361,0.9250764525993884,0.8964067278287463,HIDDEN GEM
P480162,Cica Recover & Repair Multi-Use Balm,Dior,3512,4.6416,611.0,60.0,Skincare,Moisturizers,Moisturizers,0,0,0,0,611.0,4.641571194762684,0.9476268412438625,0.939443535188216,0.006546644844517185,0.7792986469233737,0.11852642819006941,0.7455953016550988,0.3693539775760812,0.910392798690671,0.9476268412438625,0.9259206219312602,HIDDEN GEM
P481972,La Mousse OFF/ON Foaming Face Cleanser,Dior,9400,4.4232,560.0,50.0,Skincare,Cleansers,Face Wash & Cleansers,0,0,0,0,561.0,4.422459893048129,0.893048128342246,0.8823529411764706,0.03208556149732621,0.7556929413515788,0.35290977042178323,0.7269087026161238,0.5025093432995195,0.8556149732620322,0.893048128342246,0.870855614973262,HERO PRODUCT
P503999,Capture Totale Le Sérum Anti-Aging Serum,Dior,2435,4.4527,497.0,100.0,Skincare,Treatments,Face Serums,0,1,0,0,500.0,4.446,0.922,0.888,0.02,0.7632575790313157,0.07314468766684463,0.6924719701014416,0.32087560064068343,0.8614999999999999,0.922,0.883625,HIDDEN GEM
P428255,Capture Youth Serum Collection,Dior,47079,4.2434,152.0,110.0,Skincare,Treatments,Face Serums,0,0,0,0,152.0,4.243421052631579,0.8223684210526315,0.7894736842105263,0.13815789473684212,0.7600473464408424,0.816337426588361,0.35210891617725576,0.6306460224239189,0.8108552631578947,0.8223684210526315,0.8111019736842106,HYPE GAP
P427729,Capture Youth Age-Delay Advanced Crème,Dior,7745,3.9219,64.0,110.0,Skincare,Moisturizers,Moisturizers,0,0,0,0,64.0,3.921875,0.703125,0.671875,0.171875,0.7365500188448972,0.29311265349706356,0.1585691404164442,0.2392952482648158,0.73046875,0.703125,0.7134765625000001,LOW TRACTION
P423264,One Essential Skin Boosting Super Serum,Dior,8855,4.3889,54.0,110.0,Skincare,Treatments,Face Serums,0,0,0,0,54.0,4.388888888888889,0.8518518518518519,0.8333333333333334,0.1111111111111111,0.8357299262726748,0.33155365723438335,0.12813667912439936,0.25018686599038975,0.8472222222222223,0.8518518518518519,0.8465277777777778,HIDDEN GEM
P375354,Capture Totale Intensive Night Restorative Crème,Dior,4799,4.4545,44.0,175.0,Skincare,Moisturizers,Moisturizers,0,0,0,0,44.0,4.454545454545454,0.8461538461538461,0.8636363636363636,0.13636363636363635,0.7607702849940821,0.16764548852108915,0.09049652963160705,0.1367859049652963,0.8636363636363635,0.8461538461538461,0.8583916083916083,HIDDEN GEM
P416728,Dreamskin Skin Perfector Refill,Dior,9535,4.5714,35.0,102.0,Skincare,Treatments,Face Serums,0,0,1,0,35.0,4.571428571428571,0.8787878787878788,0.8857142857142857,0.05714285714285714,0.8662024519660256,0.3566470902295782,0.04965296316070475,0.23384943940202882,0.8928571428571428,0.8787878787878788,0.8875649350649351,HIDDEN GEM
P417604,Hydra Life Deep Hydration Sorbet Water Essence,Dior,5499,4.3438,32.0,80.0,Skincare,Treatments,Face Serums,0,0,0,0,32.0,4.34375,0.7857142857142857,0.8125,0.125,0.7793555660173297,0.199679658302189,0.037907100907634814,0.13497063534436732,0.8359375,0.7857142857142857,0.8173549107142857,LOW TRACTION
P429676,Hydra Life Cooling Hydration Sorbet Eye Gel,Dior,6630,3.3226,31.0,60.0,Skincare,Eye Care,Eye Creams & Treatments,0,0,0,0,31.0,3.3225806451612905,0.5161290322580645,0.5161290322580645,0.3870967741935484,0.8505094092467735,0.24773091297383876,0.03310197544046983,0.16187933796049117,0.5806451612903226,0.5161290322580645,0.5516129032258065,LOW TRACTION
P480600,Rouge Dior Lip Balm,Dior,15332,3.4,30.0,45.0,Skincare,Lip Balms & Treatments,,0,0,1,0,30.0,3.4,0.5,0.5,0.3,0.8365558951065458,0.5146823278163374,0.027762947143619862,0.31991457554725033,0.6,0.5,0.5549999999999999,LOW TRACTION
P440923,Capture Youth Age-Delay Advanced Eye Treatment,Dior,4285,3.4667,30.0,75.0,Skincare,Eye Care,Eye Creams & Treatments,0,0,0,0,30.0,3.466666666666667,0.5666666666666667,0.5666666666666667,0.3333333333333333,0.8337535013755163,0.14548852108916177,0.027762947143619862,0.09839829151094501,0.6166666666666667,0.5666666666666667,0.5941666666666667,LOW TRACTION
P408542,One Essential Eye Serum,Dior,5908,4.3333,27.0,72.0,Skincare,Eye Care,Eye Creams & Treatments,0,0,0,0,27.0,4.333333333333333,0.7619047619047619,0.7777777777777778,0.14814814814814814,0.7807085922470799,0.2183662573411639,0.012813667912439935,0.13614522156967432,0.8333333333333333,0.7619047619047619,0.8035714285714286,LOW TRACTION
P447212,Hyaluronic Serum,Dr. Barbara Sturm,7257,3.9386,879.0,320.0,Skincare,Treatments,Face Serums,0,0,0,0,879.0,3.938566552901024,0.7312072892938497,0.7087599544937428,0.14334470989761092,0.6898801715423664,0.27442605445808865,0.8088627869727709,0.4882007474639616,0.734641638225256,0.7312072892938497,0.7297290809861071,HYPE GAP
P454936,Mini Hyaluronic Serum,Dr. Barbara Sturm,4691,3.9386,879.0,110.0,Skincare,Mini Size,,0,0,0,0,879.0,3.938566552901024,0.7312072892938497,0.7087599544937428,0.14334470989761092,0.6898801715423664,0.1623064602242392,0.8088627869727709,0.42092899092365194,0.734641638225256,0.7312072892938497,0.7297290809861071,LOW TRACTION
P447782,Glow Drops,Dr. Barbara Sturm,8905,4.0601,815.0,150.0,Skincare,Treatments,Face Serums,0,0,0,0,815.0,4.060122699386503,0.7822878228782287,0.7423312883435583,0.08098159509202454,0.8169920968616174,0.33475707421249334,0.798184730379071,0.5201281366791244,0.7650306748466258,0.7822878228782287,0.7668029112806466,HYPE GAP
P454935,Mini Glow Drops,Dr. Barbara Sturm,8640,4.0601,815.0,60.0,Skincare,Mini Size,,0,0,0,0,815.0,4.060122699386503,0.7822878228782287,0.7423312883435583,0.08098159509202454,0.8169920968616174,0.3216764548852109,0.798184730379071,0.512279765082755,0.7650306748466258,0.7822878228782287,0.7668029112806466,HYPE GAP
P447781,Face Cream,Dr. Barbara Sturm,4738,4.2407,810.0,225.0,Skincare,Moisturizers,Moisturizers,0,0,0,0,810.0,4.2407407407407405,0.8106435643564357,0.8024691358024691,0.05925925925925926,0.804191644721561,0.16444207154297918,0.7965830218900161,0.4172984516817939,0.8101851851851851,0.8106435643564357,0.8091652915291528,LOW TRACTION
P464233,Mini Face Cream,Dr. Barbara Sturm,2202,4.2407,810.0,75.0,Skincare,Moisturizers,Moisturizers,0,0,0,0,810.0,4.2407407407407405,0.8106435643564357,0.8024691358024691,0.05925925925925926,0.804191644721561,0.06780565936999466,0.7965830218900161,0.3593166043780032,0.8101851851851851,0.8106435643564357,0.8091652915291528,LOW TRACTION
P447785,Eye Cream,Dr. Barbara Sturm,4529,3.8221,253.0,145.0,Skincare,Eye Care,Eye Creams & Treatments,0,0,0,0,253.0,3.822134387351779,0.7233201581027668,0.6482213438735178,0.1067193675889328,0.8635165267925469,0.1553657234383342,0.49305926321409504,0.2904431393486386,0.7055335968379447,0.7233201581027668,0.7022727272727273,LOW TRACTION
P447783,Cleanser,Dr. Barbara Sturm,6271,4.2,70.0,75.0,Skincare,Cleansers,Face Wash & Cleansers,0,0,0,0,70.0,4.2,0.7857142857142857,0.8,0.15714285714285714,0.8171102867826171,0.23438334223171384,0.1791243993593166,0.21227976508275495,0.8,0.7857142857142857,0.7957142857142857,LOW TRACTION
P447789,Sun Drops SPF 50,Dr. Barbara Sturm,3538,2.7164,67.0,150.0,Skincare,Sunscreen,Face Sunscreen,0,0,0,0,67.0,2.716417910447761,0.3582089552238806,0.373134328358209,0.5074626865671642,0.8314607275856866,0.1201281366791244,0.16898024559530164,0.13966898024559532,0.42910447761194026,0.3582089552238806,0.39944029850746265,LOW TRACTION
P448554,Enzyme Cleanser,Dr. Barbara Sturm,7182,3.8276,58.0,75.0,Skincare,Cleansers,Face Wash & Cleansers,0,0,0,0,58.0,3.8275862068965516,0.7068965517241379,0.6724137931034483,0.22413793103448276,0.8479578066290471,0.2701548318206087,0.1401494927923118,0.21815269620928993,0.7068965517241379,0.7068965517241379,0.7017241379310345,LOW TRACTION
P448711,Face Mask,Dr. Barbara Sturm,5780,4.5185,54.0,125.0,Skincare,Masks,Face Masks,0,0,0,0,54.0,4.518518518518518,0.8703703703703703,0.8703703703703703,0.09259259259259259,0.7678443583158346,0.21569674319273893,0.12813667912439936,0.1806727175654031,0.8796296296296295,0.8703703703703703,0.8754629629629629,HIDDEN GEM
P447790,Anti-Pollution Drops,Dr. Barbara Sturm,3528,3.6327,49.0,150.0,Skincare,Treatments,Face Serums,0,0,0,0,49.0,3.63265306122449,0.6326530612244898,0.6530612244897959,0.30612244897959184,0.7295981434484323,0.1195942338494394,0.11238654564869194,0.11671115856914041,0.6581632653061225,0.6326530612244898,0.6497448979591837,LOW TRACTION
P456997,Night Serum,Dr. Barbara Sturm,4921,4.7021,47.0,310.0,Skincare,Treatments,Face Serums,0,0,0,0,47.0,4.702127659574468,0.9361702127659575,0.9361702127659575,0.06382978723404255,0.7303815967327839,0.17245061398825415,0.10250934329951948,0.1444741057127603,0.925531914893617,0.9361702127659575,0.9303191489361703,HIDDEN GEM
P447787,Super Anti-Aging Serum,Dr. Barbara Sturm,4523,3.3684,38.0,370.0,Skincare,Treatments,Face Serums,0,0,0,0,38.0,3.3684210526315788,0.631578947368421,0.5263157894736842,0.3684210526315789,0.7279322445392609,0.15483182060864922,0.06673785371062467,0.1195942338494394,0.5921052631578947,0.631578947368421,0.594078947368421,LOW TRACTION
P454937,Mini Super Anti-Aging Serum,Dr. Barbara Sturm,3397,3.3684,38.0,130.0,Skincare,Mini Size,,0,0,0,0,38.0,3.3684210526315788,0.631578947368421,0.5263157894736842,0.3684210526315789,0.7279322445392609,0.11425520555258943,0.06673785371062467,0.09524826481580352,0.5921052631578947,0.631578947368421,0.594078947368421,LOW TRACTION
P481973,The Better B Niacinamide Serum,Dr. Barbara Sturm,2538,4.8667,30.0,145.0,Skincare,Treatments,Face Serums,0,0,0,0,30.0,4.866666666666666,0.9666666666666667,0.9666666666666667,0.03333333333333333,0.7997097284956411,0.07741591030432461,0.027762947143619862,0.05755472504004271,0.9666666666666666,0.9666666666666667,0.9666666666666666,HIDDEN GEM
P448715,Balancing Toner,Dr. Barbara Sturm,4371,4.4828,29.0,75.0,Skincare,Cleansers,Toners,0,0,0,0,30.0,4.5,0.9666666666666667,0.9333333333333333,0.03333333333333333,0.9076224812145891,0.15056059797116925,0.027762947143619862,0.10144153764014949,0.875,0.9666666666666667,0.91125,HIDDEN GEM
P427397,Hydro Biotic Recovery Sleeping Mask,Dr. Brandt Skincare,21773,4.5788,1187.0,54.0,Skincare,Masks,Face Masks,0,0,0,0,1187.0,4.5787700084246,0.932603201347936,0.9123841617523167,0.03622577927548441,0.7269032923934552,0.6241324079017618,0.8718633208756006,0.7232247730912973,0.89469250210615,0.932603201347936,0.908719460825611,HERO PRODUCT
P391802,Needles No More Wrinkle Smoothing Cream,Dr. Brandt Skincare,15453,3.5158,506.0,89.0,Skincare,Treatments,Face Serums,0,0,0,0,508.0,3.5196850393700787,0.7480314960629921,0.6181102362204725,0.32086614173228345,0.7576081318258899,0.5184196476241324,0.6994127068873465,0.590816871329418,0.6299212598425197,0.7480314960629921,0.6635826771653545,HYPE GAP
P397310,PoreDermabrasion Pore Perfecting Exfoliator,Dr. Brandt Skincare,20771,4.2437,316.0,59.0,Skincare,Cleansers,Exfoliators,0,0,0,0,316.0,4.243670886075949,0.872093023255814,0.7974683544303798,0.11392405063291139,0.7238952751364072,0.608115323011212,0.5560597971169248,0.587293112653497,0.8109177215189873,0.872093023255814,0.8272529069767441,HYPE GAP
P411254,MAGNETIGHT Age-Defier Mask,Dr. Brandt Skincare,19870,3.9216,306.0,75.0,Skincare,Masks,Face Masks,0,0,0,1,306.0,3.9215686274509802,0.7322834645669292,0.7156862745098039,0.21895424836601307,0.7481374125927687,0.599572877736252,0.5491190603310198,0.579391350774159,0.7303921568627451,0.7322834645669292,0.7287536668210591,HYPE GAP
P435209,Radiance Resurfacing Foam,Dr. Brandt Skincare,1903,4.4478,297.0,72.0,Skincare,Treatments,Facial Peels,0,0,0,0,297.0,4.447811447811448,0.9326599326599326,0.9124579124579124,0.02356902356902357,0.6050800873587528,0.057127602776294716,0.5357714895888949,0.24858515750133478,0.861952861952862,0.9326599326599326,0.8907407407407408,HIDDEN GEM
P429662,pores no more Vacuum Cleaner Pore Purifying Mask,Dr. Brandt Skincare,16237,3.887,239.0,44.0,Skincare,Masks,Face Masks,0,0,0,0,239.0,3.8870292887029287,0.7489539748953975,0.7196652719665272,0.17154811715481172,0.7497700533810878,0.5333689268553123,0.4751735184196476,0.5100907634810464,0.7217573221757322,0.7489539748953975,0.729602510460251,HYPE GAP
P470217,Liquid Sun Shield Daily Brightening Mineral Sunscreen SPF 50,Dr. Brandt Skincare,9171,4.2804,189.0,67.0,Skincare,Sunscreen,Face Sunscreen,0,0,0,0,193.0,4.259067357512953,0.8290155440414507,0.8134715025906736,0.12435233160621761,0.8836600280304749,0.34543513080619326,0.4217832354511479,0.3759743726641751,0.8147668393782384,0.8290155440414507,0.8188471502590673,LOW TRACTION
P467614,C Scription Vitamin C Brightening Serum,Dr. Brandt Skincare,4599,4.6959,148.0,120.0,Skincare,Treatments,Face Serums,0,0,0,0,148.0,4.695945945945946,0.9121621621621622,0.9054054054054054,0.04054054054054054,0.5835661441804125,0.1601708489054992,0.34543513080619326,0.23427656166577682,0.9239864864864864,0.9121621621621622,0.9176520270270271,HIDDEN GEM
P383053,Do Not Age with Dr. Brandt Triple Peptide Eye Cream,Dr. Brandt Skincare,8950,4.0822,146.0,82.0,Skincare,Eye Care,Eye Creams & Treatments,0,0,0,0,146.0,4.082191780821918,0.6956521739130435,0.7465753424657534,0.19863013698630136,0.832447992934697,0.3374265883609183,0.3416978109983983,0.3391350774159103,0.7705479452054795,0.6956521739130435,0.7444833234067898,LOW TRACTION
P460758,Cool Biotic Prebiotic Redness Relief Cream,Dr. Brandt Skincare,8201,4.1468,109.0,56.0,Skincare,Moisturizers,Moisturizers,0,0,0,0,109.0,4.146788990825688,0.7247706422018348,0.7247706422018348,0.1651376146788991,0.5524180228398605,0.30646022423918845,0.2781633742658836,0.2951414842498665,0.786697247706422,0.7247706422018348,0.7588302752293579,LOW TRACTION
P417625,24/7 Retinol Eye Cream,Dr. Brandt Skincare,8505,3.9159,107.0,58.0,Skincare,Eye Care,Eye Creams & Treatments,0,0,0,1,108.0,3.9166666666666665,0.7156862745098039,0.7129629629629629,0.2037037037037037,0.6984495079517364,0.3171382808328884,0.27549386011745863,0.3004805125467165,0.7291666666666666,0.7156862745098039,0.7226919934640522,LOW TRACTION
P444225,Clean Biotic pH-balanced yogurt cleanser with chlorophyll,Dr. Brandt Skincare,4790,4.2212,104.0,36.0,Skincare,Cleansers,Face Wash & Cleansers,0,0,0,0,104.0,4.221153846153846,0.8269230769230769,0.8076923076923077,0.15384615384615385,0.808710799395264,0.16711158569140416,0.26748531767218364,0.20726107848371594,0.8052884615384615,0.8269230769230769,0.8121394230769231,LOW TRACTION
P429661,pores no more Mattifying Hydrator Pore Minimizing Gel,Dr. Brandt Skincare,6925,4.2039,103.0,50.0,Skincare,Treatments,Face Serums,0,0,0,0,103.0,4.203883495145631,0.8058252427184466,0.7669902912621359,0.13592233009708737,0.6768117059881871,0.2621462893753337,0.26615056059797115,0.2637479978643887,0.8009708737864079,0.8058252427184466,0.7973300970873787,LOW TRACTION
P383052,Do Not Age with Dr. Brandt Moisturizing Neck Cream,Dr. Brandt Skincare,6096,3.7745,102.0,67.0,Skincare,Moisturizers,Decollete & Neck Creams,0,0,0,0,102.0,3.7745098039215685,0.4772727272727273,0.6470588235294118,0.2647058823529412,0.8625370658688493,0.22584089695675388,0.2642819006940737,0.24121729845168183,0.6936274509803921,0.4772727272727273,0.6217357397504456,LOW TRACTION
P383051,Do Not Age with Dr. Brandt Time Defying Cream,Dr. Brandt Skincare,2722,4.0114,88.0,132.0,Skincare,Moisturizers,Moisturizers,0,0,0,0,88.0,4.011363636363637,0.6666666666666666,0.7272727272727273,0.18181818181818182,0.7848466860000477,0.08328884143085959,0.23117992525360384,0.1424452749599573,0.7528409090909092,0.6666666666666666,0.7231534090909092,LOW TRACTION
P453822,Dark Spots No More Triple Acid Spot Minimizing Concentrate,Dr. Brandt Skincare,9838,3.9634,82.0,71.0,Skincare,Treatments,Face Serums,0,0,0,1,82.0,3.9634146341463414,0.7560975609756098,0.7560975609756098,0.1951219512195122,0.8020962826544191,0.36732514682327816,0.21569674319273893,0.3066737853710625,0.7408536585365854,0.7560975609756098,0.7477134146341463,LOW TRACTION
P448710,pores no more Pore Purifying Cleanser,Dr. Brandt Skincare,5136,4.2537,67.0,38.0,Skincare,Cleansers,Face Wash & Cleansers,0,0,0,0,67.0,4.253731343283582,0.8059701492537313,0.8059701492537313,0.13432835820895522,0.8506858461178266,0.1815269620928991,0.16898024559530164,0.1765082754938601,0.8134328358208955,0.8059701492537313,0.8100746268656717,LOW TRACTION
P502640,Microdermabrasion Renewing Age-Defying Face Exfoliator,Dr. Brandt Skincare,2309,4.8621,58.0,79.0,Skincare,Cleansers,Exfoliators,0,0,0,0,61.0,4.852459016393443,0.9836065573770492,0.9836065573770492,0.01639344262295082,0.9166666666666666,0.07047517351841964,0.14762413240790176,0.1013347570742125,0.9631147540983607,0.9836065573770492,0.9723360655737705,HIDDEN GEM
P383054,Do Not Age with Dr. Brandt Transforming Pearl Serum,Dr. Brandt Skincare,3259,4.1852,54.0,152.0,Skincare,Treatments,Face Serums,0,0,0,0,54.0,4.185185185185185,0.7333333333333333,0.7777777777777778,0.18518518518518517,0.7732264424363772,0.10838227442605446,0.12813667912439936,0.11628403630539241,0.7962962962962963,0.7333333333333333,0.7746296296296297,LOW TRACTION
P442001,Hyaluronic Facial Cream,Dr. Brandt Skincare,3056,3.814,43.0,72.0,Skincare,Moisturizers,Moisturizers,0,0,0,0,46.0,3.8260869565217392,0.717391304347826,0.6521739130434783,0.2391304347826087,0.8215602766722441,0.0998398291510945,0.09717031500266951,0.09877202349172451,0.7065217391304348,0.717391304347826,0.7016304347826088,LOW TRACTION
P442263,needles no more 3-D LIP PLUMPFIX,Dr. Brandt Skincare,5114,2.8947,38.0,39.0,Skincare,Lip Balms & Treatments,,0,0,0,0,38.0,2.8947368421052633,0.5,0.42105263157894735,0.42105263157894735,0.755744855654867,0.1809930592632141,0.06673785371062467,0.13529097704217832,0.4736842105263158,0.5,0.4736842105263158,LOW TRACTION
P440302,needles no more Neck Sculpting Cream,Dr. Brandt Skincare,6052,3.7742,31.0,95.0,Skincare,Moisturizers,Decollete & Neck Creams,0,0,0,0,31.0,3.774193548387097,0.6451612903225806,0.6129032258064516,0.1935483870967742,0.8373737758205783,0.22423918846769889,0.03310197544046983,0.14778430325680725,0.6935483870967742,0.6451612903225806,0.6669354838709678,LOW TRACTION
P269122,Alpha Beta Extra Strength Daily Peel Pads,Dr. Dennis Gross Skincare,234295,4.5455,7412.0,92.0,Skincare,Treatments,Facial Peels,0,0,0,1,7414.0,4.5450499055840305,0.9402499571991098,0.9131373077960615,0.042352306447261935,0.7664171446866608,0.9818473037907101,0.99786438868126,0.98825413774693,0.8862624763960076,0.9402499571991098,0.9064899453469464,HERO PRODUCT
P447592,Alpha Beta Pore Perfecting & Refining Serum,Dr. Dennis Gross Skincare,26675,4.4672,1494.0,68.0,Skincare,Treatments,Face Serums,0,0,0,0,1494.0,4.467202141900937,0.9170013386880856,0.8989290495314591,0.04216867469879518,0.7250374571244785,0.6817939135077415,0.9060331019754405,0.7714895888948212,0.8668005354752342,0.9170013386880856,0.8866800535475234,HERO PRODUCT
P377533,Alpha Beta Universal Daily Peel Pads,Dr. Dennis Gross Skincare,121149,4.4899,1382.0,92.0,Skincare,Treatments,Facial Peels,0,0,0,1,1382.0,4.48986975397974,0.8944954128440367,0.8842257597684515,0.08104196816208394,0.8057902160968281,0.9471436198611852,0.8958889482114255,0.9266417512012814,0.8724674384949349,0.8944954128440367,0.8808395789906931,HERO PRODUCT
P461439,Hyaluronic Marine Makeup Removing Meltaway Cleanser,Dr. Dennis Gross Skincare,8658,4.4555,595.0,32.0,Skincare,Cleansers,Face Wash & Cleansers,0,0,0,0,595.0,4.45546218487395,0.8907563025210085,0.8789915966386554,0.07226890756302522,0.7531554882173185,0.32354511478910836,0.7367859049652963,0.48884143085958354,0.8638655462184874,0.8907563025210085,0.874201680672269,HERO PRODUCT
P481340,Alpha Beta AHA/BHA Daily Cleansing Gel,Dr. Dennis Gross Skincare,10330,4.3166,439.0,39.0,Skincare,Cleansers,Face Wash & Cleansers,0,0,0,0,439.0,4.316628701594533,0.8086560364464692,0.7995444191343963,0.13211845102505695,0.8051132110940725,0.38601174586225306,0.6505605979711693,0.49183128670581955,0.8291571753986333,0.8086560364464692,0.8185649202733485,HYPE GAP
P474825,Advanced Retinol + Ferulic Triple Correction Eye Serum,Dr. Dennis Gross Skincare,29199,4.4967,304.0,71.0,Skincare,Eye Care,Eye Creams & Treatments,0,0,0,0,304.0,4.496710526315789,0.8914473684210527,0.8848684210526315,0.09210526315789473,0.7889210677718463,0.704484783769354,0.5472504004271223,0.6415910304324612,0.8741776315789473,0.8914473684210527,0.8809621710526315,HERO PRODUCT
P474826,Advanced Retinol + Ferulic Texture Renewal Serum,Dr. Dennis Gross Skincare,22246,4.4667,285.0,76.0,Skincare,Treatments,Face Serums,0,0,0,0,286.0,4.461538461538462,0.8986013986013986,0.8741258741258742,0.08741258741258741,0.5672278566030311,0.6294714361986119,0.5253603844100374,0.5878270154831822,0.8653846153846154,0.8986013986013986,0.8766608391608391,HERO PRODUCT
P501190,Vitamin C Lactic Dewy Deep Cream,Dr. Dennis Gross Skincare,10107,4.8008,251.0,75.0,Skincare,Moisturizers,Moisturizers,0,0,0,0,252.0,4.7936507936507935,0.9563492063492064,0.9484126984126984,0.011904761904761904,0.9013368515591872,0.3774693005872931,0.49145755472504005,0.4230646022423919,0.9484126984126984,0.9563492063492064,0.9507936507936507,HIDDEN GEM
P474824,Advanced Retinol + Ferulic Overnight Wrinkle Treatment,Dr. Dennis Gross Skincare,15061,4.7287,247.0,87.0,Skincare,Treatments,Face Serums,0,0,0,0,247.0,4.728744939271255,0.9676113360323887,0.9595141700404858,0.024291497975708502,0.8061665132259711,0.5098772023491724,0.48718633208756007,0.5008008542445275,0.9321862348178138,0.9676113360323887,0.9469129554655872,HERO PRODUCT
P398761,Alpha Beta Ultra Gentle Daily Peel Pads for Sensitive Skin,Dr. Dennis Gross Skincare,23751,4.3389,239.0,20.0,Skincare,Treatments,Facial Peels,0,0,1,0,239.0,4.338912133891213,0.8466666666666667,0.8451882845188284,0.11715481171548117,0.7918972935565193,0.6486919380672718,0.4751735184196476,0.5792845702082221,0.8347280334728033,0.8466666666666667,0.839878661087866,HERO PRODUCT
P501169,Vitamin C Lactic 15% Firm & Bright Serum,Dr. Dennis Gross Skincare,24244,4.556,232.0,85.0,Skincare,Treatments,Face Serums,0,0,0,0,234.0,4.5256410256410255,0.8760683760683761,0.8760683760683761,0.0811965811965812,0.7359252923371776,0.6534970635344367,0.47010144153764016,0.580138814735718,0.8814102564102564,0.8760683760683761,0.8790064102564104,HERO PRODUCT
P501157,Vitamin C Lactic Firm & Bright Eye Treatment,Dr. Dennis Gross Skincare,12157,4.7459,185.0,68.0,Skincare,Eye Care,Eye Creams & Treatments,0,0,0,0,185.0,4.745945945945946,0.9621621621621622,0.9567567567567568,0.03783783783783784,0.5632859113461831,0.4410037373198078,0.41057127602776294,0.4288307528029899,0.9364864864864866,0.9621621621621622,0.9472297297297299,HIDDEN GEM
P427393,Hyaluronic Marine Dew It Right Eye Gel,Dr. Dennis Gross Skincare,12365,3.5442,147.0,55.0,Skincare,Eye Care,Eye Creams & Treatments,0,0,0,0,148.0,3.527027027027027,0.6148648648648649,0.5945945945945946,0.32432432432432434,0.846792487381411,0.4468766684463428,0.34543513080619326,0.40630005339028297,0.6317567567567568,0.6148648648648649,0.6211148648648649,LOW TRACTION
P474823,Advanced Retinol + Ferulic Overnight Texture Renewal Peel,Dr. Dennis Gross Skincare,11560,4.7415,147.0,82.0,Skincare,Treatments,Facial Peels,0,0,0,0,147.0,4.741496598639456,0.9591836734693877,0.9591836734693877,0.013605442176870748,0.8321055835556417,0.4228510411105179,0.3430325680726108,0.39092365189535505,0.935374149659864,0.9591836734693877,0.9460884353741496,HIDDEN GEM
P416755,Hyaluronic Marine Oil-Free Moisture Cushion,Dr. Dennis Gross Skincare,13709,4.0342,146.0,65.0,Skincare,Moisturizers,Moisturizers,0,0,0,0,146.0,4.034246575342466,0.7559055118110236,0.7397260273972602,0.1917808219178082,0.7995691694117881,0.4789108382274426,0.3416978109983983,0.42402562733582494,0.7585616438356164,0.7559055118110236,0.7549394617624852,LOW TRACTION
P479313,Advanced Retinol + Ferulic Intense Wrinkle Cream,Dr. Dennis Gross Skincare,17314,4.695,141.0,77.0,Skincare,Moisturizers,Moisturizers,0,0,0,0,141.0,4.695035460992908,0.9361702127659575,0.9361702127659575,0.0425531914893617,0.5713827412288922,0.5568606513614522,0.3352909770421783,0.46823278163374266,0.9237588652482269,0.9361702127659575,0.9293439716312056,HIDDEN GEM
P385773,Hyaluronic Marine Hydration Booster,Dr. Dennis Gross Skincare,13677,4.2555,137.0,72.0,Skincare,Treatments,Face Serums,0,0,0,0,137.0,4.255474452554744,0.8131868131868132,0.8029197080291971,0.12408759124087591,0.8597376454741724,0.4778430325680726,0.32648158035237584,0.4172984516817939,0.8138686131386861,0.8131868131868132,0.8120217373867009,LOW TRACTION
P413613,Pro Facial Steamer,Dr. Dennis Gross Skincare,40031,4.1493,134.0,159.0,Skincare,High Tech Tools,Anti-Aging,0,0,0,0,134.0,4.149253731343284,0.8095238095238095,0.7835820895522388,0.15671641791044777,0.7444890323877335,0.7752269087026161,0.3200747463961559,0.593166043780032,0.7873134328358209,0.8095238095238095,0.7934168443496802,HYPE GAP
P503927,Vitamin C Lactic Biocellulose Brightening Treatment Mask,Dr. Dennis Gross Skincare,6445,4.5897,117.0,12.0,Skincare,Masks,Sheet Masks,0,1,0,1,117.0,4.589743589743589,0.9401709401709402,0.905982905982906,0.06837606837606838,0.7973333203792572,0.2407901761879338,0.29231179925253603,0.2613988254137747,0.8974358974358974,0.9401709401709402,0.9115384615384615,HIDDEN GEM
P501166,Vitamin C Lactic Oil-Free Radiant Moisturizer,Dr. Dennis Gross Skincare,6654,4.6577,111.0,72.0,Skincare,Moisturizers,Moisturizers,0,0,0,0,111.0,4.657657657657658,0.9459459459459459,0.9279279279279279,0.036036036036036036,0.8370258894833651,0.24986652429257875,0.2810998398291511,0.26235985050720767,0.9144144144144144,0.9459459459459459,0.9259009009009009,HIDDEN GEM
P481341,Alpha Beta Daily Moisturizer,Dr. Dennis Gross Skincare,4205,4.561,82.0,72.0,Skincare,Moisturizers,Moisturizers,0,0,0,0,83.0,4.566265060240964,0.927710843373494,0.8795180722891566,0.03614457831325301,0.6451937294356069,0.1414842498665243,0.21863320875600642,0.17234383342231716,0.891566265060241,0.927710843373494,0.9006024096385542,HIDDEN GEM
P411360,Hyaluronic Marine Hydrating Modeling Mask,Dr. Dennis Gross Skincare,9464,4.0921,76.0,52.0,Skincare,Masks,Face Masks,0,0,0,0,76.0,4.092105263157895,0.7692307692307693,0.75,0.17105263157894737,0.8035065662115812,0.35451147891083823,0.19701014415376403,0.29151094500800856,0.7730263157894737,0.7692307692307693,0.7684337044534413,LOW TRACTION
P481975,Alpha Beta Daily Essentials - Universal,Dr. Dennis Gross Skincare,3622,4.6296,27.0,92.0,Skincare,Value & Gift Sets,,1,0,0,0,27.0,4.62962962962963,0.9629629629629629,0.8888888888888888,0.037037037037037035,0.6874401813203638,0.12386545648691938,0.012813667912439935,0.0794447410571276,0.9074074074074074,0.9629629629629629,0.9212962962962963,HIDDEN GEM
P481339,Alpha Beta Daily Essentials - Extra Strength,Dr. Dennis Gross Skincare,7215,4.4615,26.0,92.0,Skincare,Treatments,Facial Peels,1,0,0,0,26.0,4.461538461538462,0.8846153846153846,0.8846153846153846,0.11538461538461539,0.7351072890063127,0.27255739455419115,0.007741591030432461,0.16663107314468767,0.8653846153846154,0.8846153846153846,0.8740384615384615,HIDDEN GEM
P411540,Cicapair Tiger Grass Color Correcting Treatment SPF 30,Dr. Jart+,210786,3.9904,5309.0,52.0,Skincare,Moisturizers,BB & CC Creams,0,0,0,1,5321.0,3.9894756624694607,0.7445960125918153,0.7149032136816388,0.17590678443901522,0.8167391099806949,0.9797116924719701,0.993059263214095,0.98505072076882,0.7473689156173652,0.7445960125918153,0.7416671894193412,HYPE GAP
P471546,Mini Cicapair Tiger Grass Color Correcting Treatment SPF 30,Dr. Jart+,74947,4.0165,5028.0,21.0,Skincare,Mini Size,,0,0,0,1,5035.0,4.0156901688182725,0.753516409912927,0.7235352532274082,0.16842105263157894,0.821167513945538,0.8985584623598505,0.9919914575547251,0.9359316604378003,0.7539225422045681,0.753516409912927,0.7492426091705018,HYPE GAP
P411539,Cicapair Tiger Grass Cream,Dr. Jart+,73855,4.3233,1367.0,49.0,Skincare,Moisturizers,Moisturizers,0,0,0,1,1367.0,4.323335771762984,0.8491996630160067,0.8280907095830286,0.10680321872713973,0.784273275907097,0.8958889482114255,0.8937533368926855,0.8950347036839296,0.8308339429407461,0.8491996630160067,0.8359321739596667,HYPE GAP
P423259,Cicapair Tiger Grass Serum,Dr. Jart+,73240,4.2657,1080.0,52.0,Skincare,Treatments,Face Serums,0,0,0,1,1080.0,4.265740740740741,0.8407407407407408,0.8074074074074075,0.11018518518518519,0.8171025154456286,0.8937533368926855,0.8590496529631607,0.8798718633208756,0.8164351851851852,0.8407407407407408,0.8223726851851854,HYPE GAP
P467615,Cicapair Tiger Grass Sleepair Intensive Mask,Dr. Jart+,37108,4.5464,743.0,42.0,Skincare,Masks,Face Masks,0,0,0,1,744.0,4.547043010752688,0.918010752688172,0.9032258064516129,0.03225806451612903,0.7599647147010784,0.7554725040042712,0.7869727709556861,0.7680726107848372,0.886760752688172,0.918010752688172,0.8986055107526882,HERO PRODUCT
P448185,Cicapair Tiger Grass Calming Gel Cream,Dr. Jart+,34356,4.4977,645.0,49.0,Skincare,Moisturizers,Moisturizers,0,0,0,1,645.0,4.497674418604651,0.9069767441860465,0.8821705426356589,0.05426356589147287,0.7760936182524477,0.7410571276027763,0.7618793379604912,0.7493860117458623,0.8744186046511628,0.9069767441860465,0.8853488372093024,HERO PRODUCT
P454019,Teatreement Moisturizer,Dr. Jart+,13761,4.2435,620.0,35.0,Skincare,Moisturizers,Moisturizers,0,0,0,1,621.0,4.244766505636071,0.8776167471819646,0.8115942028985508,0.05475040257648953,0.8380133963231021,0.4805125467164976,0.7490656700480512,0.5879337960491191,0.8111916264090178,0.8776167471819646,0.8311795491143317,HYPE GAP
P501005,Premium BB Tinted Moisturizer with Niacinamide and SPF 40,Dr. Jart+,33513,4.3229,607.0,44.0,Skincare,Moisturizers,BB & CC Creams,0,0,0,1,611.0,4.3207855973813425,0.8756137479541735,0.8494271685761048,0.07364975450081833,0.7992129676791064,0.7367859049652963,0.7455953016550988,0.7403096636412173,0.8301963993453356,0.8756137479541735,0.8467062193126024,HERO PRODUCT
P442857,Focuspot Micro Tip Patches,Dr. Jart+,54955,3.0381,578.0,20.0,Skincare,Treatments,Face Serums,0,0,0,1,579.0,3.0414507772020727,0.5043177892918825,0.45595854922279794,0.4075993091537133,0.7862895235334366,0.8424986652429258,0.7327816337426588,0.798611852642819,0.5103626943005182,0.5043177892918825,0.5003886010362695,HYPE GAP
P457008,Cryo Rubber Masks,Dr. Jart+,93809,4.3149,562.0,15.0,Skincare,Masks,Face Masks,0,0,0,1,566.0,4.312720848056537,0.8533568904593639,0.8480565371024735,0.08833922261484099,0.7956472177876205,0.9236518953550453,0.7293112653497064,0.8459156433529097,0.8281802120141342,0.8533568904593639,0.838714664310954,HERO PRODUCT
P448184,Cicapair Tiger Grass Calming Mist,Dr. Jart+,23218,4.4314,554.0,25.0,Skincare,Moisturizers,Mists & Essences,0,0,0,1,554.0,4.431407942238267,0.9025270758122743,0.868231046931408,0.032490974729241874,0.664635790977627,0.6417512012813668,0.7234383342231714,0.6744260544580886,0.8578519855595668,0.9025270758122743,0.8728113718411552,HERO PRODUCT
P454086,Teatreement Cleansing Foam,Dr. Jart+,9022,4.1409,504.0,29.0,Skincare,Cleansers,Face Wash & Cleansers,0,0,0,1,504.0,4.140873015873016,0.8253968253968254,0.7797619047619048,0.057539682539682536,0.7927930828716073,0.3411639081687133,0.6972770955686065,0.48360918312867057,0.785218253968254,0.8253968253968254,0.796453373015873,HYPE GAP
P457521,Every Sun Day Mineral Sunscreen SPF 50+,Dr. Jart+,29897,4.4336,482.0,40.0,Skincare,Sunscreen,Face Sunscreen,0,0,0,1,484.0,4.429752066115703,0.8822314049586777,0.8636363636363636,0.08057851239669421,0.81265893388203,0.7100907634810465,0.6812600106780566,0.6985584623598506,0.8574380165289257,0.8822314049586777,0.865805785123967,HERO PRODUCT
P429250,Cicapair  Tiger Grass Camo Drops Color Corrector SPF 35,Dr. Jart+,62298,4.1395,473.0,48.0,Skincare,Treatments,Blemish & Acne Treatments,0,0,0,1,476.0,4.1344537815126055,0.7815126050420168,0.7605042016806722,0.15546218487394958,0.8393409195968083,0.8649225840896957,0.6761879337960491,0.7894287239722371,0.7836134453781514,0.7815126050420168,0.7795168067226892,HYPE GAP
P454085,Teatreement Toner,Dr. Jart+,7201,4.2553,470.0,30.0,Skincare,Cleansers,Toners,0,0,0,1,470.0,4.25531914893617,0.8702127659574468,0.8085106382978723,0.04680851063829787,0.7951578529023412,0.27068873465029364,0.6721836625734117,0.43128670581954087,0.8138297872340425,0.8702127659574468,0.8299468085106383,LOW TRACTION
P473828,Ceramidin  Eye Cream with Niacinamide,Dr. Jart+,20885,4.5473,433.0,40.0,Skincare,Eye Care,Eye Creams & Treatments,0,0,0,0,433.0,4.547344110854503,0.9376443418013857,0.9168591224018475,0.02771362586605081,0.7367407664388954,0.6107848371596369,0.6454885210891618,0.624666310731447,0.8868360277136258,0.9376443418013857,0.906581986143187,HERO PRODUCT
P429529,Sheet Masks,Dr. Jart+,77748,4.2176,432.0,7.0,Skincare,Masks,Face Masks,0,0,0,0,432.0,4.217592592592593,0.7962962962962963,0.7847222222222222,0.1412037037037037,0.7349167189054322,0.9049652963160705,0.6441537640149493,0.8006406833956219,0.8043981481481481,0.7962962962962963,0.7990162037037036,HYPE GAP
P479632,Pore Remedy PHA Exfoliating Serum,Dr. Jart+,17936,4.1694,431.0,45.0,Skincare,Treatments,Face Serums,0,0,0,1,431.0,4.169373549883991,0.8607888631090487,0.8259860788863109,0.058004640371229696,0.7421098428925401,0.5718099305926322,0.6433529097704218,0.6004271222637481,0.7923433874709978,0.8607888631090487,0.81792343387471,HYPE GAP
P504007,Ceramidin Skin Barrier Moisturizing Cream,Dr. Jart+,16300,4.6091,417.0,48.0,Skincare,Moisturizers,Moisturizers,0,1,0,1,433.0,4.528868360277136,0.9168591224018475,0.9030023094688222,0.06466512702078522,0.7246881320464368,0.5360384410037373,0.6454885210891618,0.5798184730379071,0.8822170900692841,0.9168591224018475,0.8957274826789838,HERO PRODUCT
P504042,Ceramidin Skin Barrier Moisturizing Mask,Dr. Jart+,10190,4.6936,359.0,9.0,Skincare,Masks,Face Masks,0,1,0,1,366.0,4.683060109289618,0.9644808743169399,0.9672131147540983,0.0273224043715847,0.6805555555555556,0.3790710090763481,0.5950347036839295,0.4654564869193807,0.9207650273224044,0.9644808743169399,0.9408469945355191,HIDDEN GEM
P504001,Ceramidin Skin Barrier Serum Toner,Dr. Jart+,5912,4.6364,341.0,39.0,Skincare,Cleansers,Toners,0,1,0,1,344.0,4.636627906976744,0.967930029154519,0.936046511627907,0.011627906976744186,0.3866666667703269,0.2189001601708489,0.5787506673785371,0.3628403630539242,0.909156976744186,0.967930029154519,0.9308223226998441,HIDDEN GEM
P504064,Ceramidin Cream-Infused Mask,Dr. Jart+,4288,4.6324,340.0,15.0,Skincare,Masks,Face Masks,0,1,0,1,343.0,4.635568513119534,0.9676470588235294,0.924198250728863,0.011661807580174927,0.7741935483870968,0.14628937533368927,0.5766150560597971,0.31841964762413244,0.9088921282798834,0.9676470588235294,0.9288145258103242,HIDDEN GEM
P457522,Every Sun Day Sun Fluid SPF 50+,Dr. Jart+,15285,4.4215,325.0,42.0,Skincare,Sunscreen,Face Sunscreen,0,0,0,1,325.0,4.421538461538462,0.9076923076923077,0.8830769230769231,0.043076923076923075,0.8714193983210458,0.5136145221569675,0.5659369994660972,0.5345435130806193,0.8553846153846154,0.9076923076923077,0.8752307692307693,HERO PRODUCT
P397624,Dermask Micro Jet Clearing Solution,Dr. Jart+,35931,4.4472,322.0,9.0,Skincare,Masks,Sheet Masks,0,0,0,0,322.0,4.447204968944099,0.8737864077669902,0.8571428571428571,0.09316770186335403,0.8113967298136817,0.7506673785371063,0.5651361452215696,0.6764548852108916,0.8618012422360248,0.8737864077669902,0.8646980341313393,HERO PRODUCT
P479633,Pore Remedy Purifying Mud Mask,Dr. Jart+,18287,4.1781,320.0,9.0,Skincare,Masks,Face Masks,0,0,0,1,321.0,4.1806853582554515,0.8411214953271028,0.8099688473520249,0.06542056074766354,0.5120329265482724,0.5766150560597971,0.5640683395621997,0.5715963694607582,0.7951713395638629,0.8411214953271028,0.8111760124610592,HYPE GAP
P397623,Dermask Water Jet Vital Hydra Solution,Dr. Jart+,40090,4.5507,276.0,7.0,Skincare,Masks,Sheet Masks,0,0,0,0,278.0,4.539568345323741,0.8917525773195877,0.8705035971223022,0.06115107913669065,0.7963756682502257,0.7757608115323011,0.5197544046983449,0.6733582487987186,0.8848920863309353,0.8917525773195877,0.8847919602462361,HERO PRODUCT
P481700,Cicapair Redness Rescue Kit,Dr. Jart+,17922,4.2857,147.0,39.0,Skincare,Value & Gift Sets,,1,0,0,1,148.0,4.277027027027027,0.8783783783783784,0.8243243243243243,0.05405405405405406,0.7895610998074214,0.5707421249332622,0.34543513080619326,0.4806193272824346,0.8192567567567568,0.8783783783783784,0.8377533783783785,LOW TRACTION
P397622,Dermask Water Jet Soothing Hydra Solution,Dr. Jart+,22325,4.0538,130.0,7.0,Skincare,Masks,Sheet Masks,0,0,0,0,130.0,4.053846153846154,0.794392523364486,0.7538461538461538,0.17692307692307693,0.7952733547777258,0.6316070475173519,0.3136679124399359,0.5044313934863855,0.7634615384615384,0.794392523364486,0.7712985262401151,HYPE GAP
P442854,Focuspot Dark Spot Micro Tip Patch,Dr. Jart+,0,3.6311,122.0,20.0,Skincare,Treatments,Face Serums,0,0,0,1,122.0,3.6311475409836067,0.7131147540983607,0.6065573770491803,0.1557377049180328,0.6524088694801871,0.001601708489054992,0.3000533902829685,0.12098238120662042,0.6577868852459017,0.7131147540983607,0.6667008196721311,LOW TRACTION
P501031,Pore Remedy 5% Multi-Acid Radiance Peel,Dr. Jart+,5678,4.5741,108.0,40.0,Skincare,Treatments,Facial Peels,0,0,0,1,108.0,4.574074074074074,0.9814814814814815,0.9629629629629629,0.009259259259259259,0.7109557309975991,0.21089161772557394,0.27549386011745863,0.2367325146823278,0.8935185185185186,0.9814814814814815,0.9303240740740741,HIDDEN GEM
P442853,Focuspot Blemish Micro Tip Patch,Dr. Jart+,0,3.9684,95.0,20.0,Skincare,Treatments,Face Serums,0,0,0,1,95.0,3.968421052631579,0.7368421052631579,0.7157894736842105,0.11578947368421053,0.8220208402602903,0.001601708489054992,0.24853176721836626,0.10037373198077951,0.7421052631578947,0.7368421052631579,0.736578947368421,LOW TRACTION
P397625,Dermask Micro Jet Brightening Solution,Dr. Jart+,16054,4.0571,70.0,9.0,Skincare,Masks,Sheet Masks,0,0,0,0,70.0,4.057142857142857,0.7555555555555555,0.7285714285714285,0.17142857142857143,0.8386098846512021,0.5280298985584624,0.1791243993593166,0.38846769887880406,0.7642857142857142,0.7555555555555555,0.7563095238095239,LOW TRACTION
P433884,Dermask Ultra Jet Peeling Solution,Dr. Jart+,9689,4.2462,65.0,9.0,Skincare,Treatments,Facial Peels,0,0,0,0,65.0,4.246153846153846,0.8,0.8,0.15384615384615385,0.8249690936457726,0.3609183128670582,0.1620395088093967,0.2813667912439936,0.8115384615384615,0.8,0.8063461538461539,LOW TRACTION
P397626,Dermask Intra Jet Wrinkless Solution,Dr. Jart+,12850,3.619,63.0,9.0,Skincare,Masks,Sheet Masks,0,0,0,0,63.0,3.619047619047619,0.6410256410256411,0.6190476190476191,0.30158730158730157,0.7858904434715287,0.4607581420181527,0.15509877202349173,0.3384943940202883,0.6547619047619048,0.6410256410256411,0.6452838827838828,LOW TRACTION
P397627,Dermask Intra Jet Firming Solution,Dr. Jart+,9087,3.3061,49.0,9.0,Skincare,Masks,Sheet Masks,0,0,0,0,49.0,3.306122448979592,0.5789473684210527,0.5306122448979592,0.3469387755102041,0.753255825003852,0.3432995194874533,0.11238654564869194,0.25093432995194875,0.576530612244898,0.5789473684210527,0.5703678839957036,LOW TRACTION
P481699,Cicapair Tiger Grass Calming Serum Mask,Dr. Jart+,12733,4.36,25.0,9.0,Skincare,Masks,Face Masks,0,0,0,1,25.0,4.36,0.84,0.8,0.12,0.7857487152020136,0.4580886278697277,0.0026695141484249867,0.2759209823812066,0.8400000000000001,0.84,0.8340000000000001,LOW TRACTION
P459127,Platinum Lip Plump SPF 30,Dr. Lara Devgan Scientific Beauty,14302,4.5731,513.0,50.0,Skincare,Lip Balms & Treatments,,0,0,1,1,514.0,4.570038910505836,0.8891050583657587,0.8871595330739299,0.09727626459143969,0.7994746811107382,0.4906567004805125,0.7034169781099839,0.5757608115323012,0.8925097276264591,0.8891050583657587,0.8906857976653697,HERO PRODUCT
P459130,Hyaluronic Serum,Dr. Lara Devgan Scientific Beauty,2777,4.785,321.0,245.0,Skincare,Treatments,Face Serums,0,0,1,1,321.0,4.785046728971962,0.940809968847352,0.9470404984423676,0.04672897196261682,0.39895613196786944,0.08702616123865456,0.5640683395621997,0.27784303256807263,0.9462616822429906,0.940809968847352,0.9447429906542055,HIDDEN GEM
P459128,Vitamin C+B+E Ferulic Serum,Dr. Lara Devgan Scientific Beauty,9243,4.8235,306.0,145.0,Skincare,Treatments,Face Serums,0,0,1,1,307.0,4.824104234527687,0.9576547231270358,0.9641693811074918,0.03257328990228013,0.5829069592373471,0.34703683929524826,0.5504538174052322,0.4284036305392419,0.9560260586319218,0.9576547231270358,0.9577361563517914,HIDDEN GEM
P459129,Peptide Eye Cream,Dr. Lara Devgan Scientific Beauty,5462,4.8172,268.0,215.0,Skincare,Eye Care,Eye Creams & Treatments,0,0,1,1,268.0,4.817164179104478,0.9626865671641791,0.9552238805970149,0.029850746268656716,0.6501833359534676,0.19754404698344902,0.5101441537640149,0.32258408969567537,0.9542910447761195,0.9626865671641791,0.9569496268656716,HIDDEN GEM
P464238,Peptide + Ceramide Repairing Moisturizer,Dr. Zenovia Skincare,5504,4.6744,519.0,79.0,Skincare,Moisturizers,Moisturizers,0,0,1,1,519.0,4.674373795761079,0.9614643545279383,0.9479768786127167,0.01348747591522158,0.8443980967060903,0.200213561131874,0.7063534436732515,0.402669514148425,0.9185934489402698,0.9614643545279383,0.9358622350674374,HIDDEN GEM
P464243,10% Benzoyl Peroxide Acne Cleanser,Dr. Zenovia Skincare,8366,4.4931,434.0,30.0,Skincare,Cleansers,Face Wash & Cleansers,0,0,1,1,434.0,4.493087557603687,0.9262672811059908,0.8986175115207373,0.03686635944700461,0.8043717762025503,0.3134009610250934,0.6473571809930593,0.4469834490122798,0.8732718894009217,0.9262672811059908,0.8929723502304148,HIDDEN GEM
P464239,Aloe Vera Blemish Soothing Moisturizer,Dr. Zenovia Skincare,5968,4.5809,377.0,38.0,Skincare,Moisturizers,Moisturizers,0,0,1,1,377.0,4.5809018567639255,0.9442970822281167,0.9230769230769231,0.029177718832891247,0.8370415335430682,0.2210357714895889,0.6009076348104645,0.3729845168179391,0.8952254641909814,0.9442970822281167,0.9141246684350133,HIDDEN GEM
P464245,Bakuchiol Hydrating Cleanser,Dr. Zenovia Skincare,1784,4.4983,301.0,42.0,Skincare,Cleansers,Face Wash & Cleansers,0,0,1,1,301.0,4.498338870431894,0.920265780730897,0.9036544850498339,0.026578073089700997,0.810876624924796,0.05232247730912974,0.5445808862786973,0.24922584089695676,0.8745847176079735,0.920265780730897,0.8926495016611297,HIDDEN GEM
P467617,Clear Complexion Acne Solutions System,Dr. Zenovia Skincare,6191,4.5084,297.0,35.0,Skincare,Value & Gift Sets,,0,0,1,1,297.0,4.508417508417509,0.9225589225589226,0.9057239057239057,0.04713804713804714,0.822063932141054,0.23011211959423386,0.5357714895888949,0.35237586759209827,0.8771043771043772,0.9225589225589226,0.8950336700336701,HIDDEN GEM
P464241,5% Benzoyl Peroxide Acne Spot Treatment,Dr. Zenovia Skincare,7160,4.4021,286.0,25.0,Skincare,Treatments,Face Serums,0,0,1,1,287.0,4.40418118466899,0.9163763066202091,0.8641114982578397,0.0313588850174216,0.8712479403790305,0.26962092899092366,0.5264281900694073,0.37234383342231714,0.8510452961672474,0.9163763066202091,0.8726045296167247,HIDDEN GEM
P464234,Advanced Retinol Night Repair Treatment,Dr. Zenovia Skincare,2860,4.5019,267.0,72.0,Skincare,Treatments,Face Serums,0,0,1,1,267.0,4.50187265917603,0.9250936329588015,0.9101123595505618,0.011235955056179775,0.8039188939881953,0.09183128670581954,0.5077415910304325,0.25819540843566474,0.8754681647940075,0.9250936329588015,0.8955524344569289,HIDDEN GEM
P464235,Inflam-Aging Night Repair Treatment,Dr. Zenovia Skincare,1478,4.4769,260.0,72.0,Skincare,Treatments,Face Serums,0,0,1,1,260.0,4.476923076923077,0.9461538461538461,0.9115384615384615,0.019230769230769232,0.5687074895415988,0.041110517885744796,0.50106780565937,0.2250934329951949,0.8692307692307693,0.9461538461538461,0.8986538461538461,HIDDEN GEM
P483128,Scar Gel Treatment,Dr. Zenovia Skincare,4241,4.3285,137.0,48.0,Skincare,Treatments,Face Serums,0,0,0,1,137.0,4.328467153284672,0.8905109489051095,0.8321167883211679,0.0364963503649635,0.804589376501415,0.14308595835557927,0.32648158035237584,0.2164442071542979,0.832116788321168,0.8905109489051095,0.8496350364963505,HIDDEN GEM
P464242,Hyaluronic Acid + Peptide Serum,Dr. Zenovia Skincare,2472,4.5082,122.0,72.0,Skincare,Treatments,Face Serums,0,0,1,1,122.0,4.508196721311475,0.9508196721311475,0.9180327868852459,0.01639344262295082,0.7459025344876355,0.07501334757074213,0.3000533902829685,0.1650293646556327,0.8770491803278688,0.9508196721311475,0.9053278688524591,HIDDEN GEM
P464244,Vitamin C Brightening Toner,Dr. Zenovia Skincare,3840,4.5981,107.0,38.0,Skincare,Cleansers,Toners,0,0,1,1,107.0,4.598130841121495,0.9439252336448598,0.9158878504672897,0.009345794392523364,0.8669077279892835,0.13027229044313934,0.27282434596903365,0.18729311265349707,0.8995327102803738,0.9439252336448598,0.915303738317757,HIDDEN GEM
P464240,10% Glycolic Acne Control Peel Pads,Dr. Zenovia Skincare,3425,4.4095,105.0,42.0,Skincare,Treatments,Facial Peels,0,0,1,1,105.0,4.40952380952381,0.9047619047619048,0.8952380952380953,0.0380952380952381,0.685666698217392,0.11532301121195943,0.26988788040576617,0.17714895888948212,0.8523809523809525,0.9047619047619048,0.8745238095238097,HIDDEN GEM
P464237,Retinol Recovery Eye Cream,Dr. Zenovia Skincare,1366,3.8812,101.0,64.0,Skincare,Eye Care,Eye Creams & Treatments,0,0,1,1,101.0,3.881188118811881,0.7425742574257426,0.693069306930693,0.1188118811881188,0.7013611134428245,0.03577148958889482,0.2621462893753337,0.12632140950347037,0.7202970297029703,0.7425742574257426,0.7228960396039604,LOW TRACTION
P427421,Protini Polypeptide Firming Refillable Moisturizer,Drunk Elephant,411372,3.962,6048.0,68.0,Skincare,Moisturizers,Moisturizers,0,0,0,0,6063.0,3.9604156358238494,0.7283523008411678,0.7021276595744681,0.198416625432954,0.7641253858728084,0.99679658302189,0.99572877736252,0.996369460758142,0.7401039089559623,0.7283523008411678,0.7308819891142998,HYPE GAP
P392246,T.L.C. Framboos Glycolic Resurfacing Night Serum,Drunk Elephant,290028,4.3492,3439.0,90.0,Skincare,Treatments,Face Serums,0,0,0,0,3440.0,4.348255813953489,0.8516727126158807,0.8319767441860465,0.12005813953488371,0.7813714268529122,0.9893219434063001,0.9802455953016551,0.985691404164442,0.8370639534883721,0.8516727126158807,0.8406834998312759,HERO PRODUCT
P426836,Beste No. 9 Jelly Cleanser,Drunk Elephant,113466,3.9426,2702.0,34.0,Skincare,Cleansers,Face Wash & Cleansers,0,0,0,0,2704.0,3.9423076923076925,0.7337278106508875,0.7071005917159763,0.1915680473372781,0.7732826128775896,0.9434063000533903,0.9647624132407902,0.9519487453283502,0.7355769230769231,0.7337278106508875,0.7307507396449704,HYPE GAP
P406712,B-Hydra Intensive Hydration Serum with Hyaluronic Acid,Drunk Elephant,216418,4.1863,2561.0,49.0,Skincare,Treatments,Face Serums,0,0,0,0,2563.0,4.186890362856028,0.8011126564673157,0.7799453765119001,0.13070620366757707,0.77589646586781,0.9807794981313401,0.9626268019220502,0.9735184196476241,0.796722590714007,0.8011126564673157,0.7955230283096835,HYPE GAP
P415777,T.L.C. Sukari Babyfacial AHA + BHA Mask,Drunk Elephant,274915,4.2909,2554.0,80.0,Skincare,Masks,Face Masks,0,0,0,0,2555.0,4.29119373776908,0.8179795282599021,0.8105675146771038,0.1334637964774951,0.7845585181097464,0.98718633208756,0.9620928990923652,0.977148958889482,0.8227984344422701,0.8179795282599021,0.8195181246227847,HYPE GAP
P432668,D-Bronzi Anti-Pollution Bronzing Drops with Peptides,Drunk Elephant,328059,4.433,2037.0,38.0,Skincare,Treatments,Face Serums,0,0,0,0,2045.0,4.43080684596577,0.8660146699266503,0.8518337408312958,0.09975550122249388,0.7856541775963971,0.9925253603844101,0.9412706887346503,0.9720234917245062,0.8577017114914425,0.8660146699266503,0.8593154034229828,HERO PRODUCT
P446938,Lala Retro Whipped Refillable Moisturizer with Ceramides,Drunk Elephant,145717,4.1535,1993.0,62.0,Skincare,Moisturizers,Moisturizers,0,0,0,0,2000.0,4.1505,0.8015,0.77,0.1255,0.7546427413187129,0.9610250934329952,0.9391350774159103,0.9522690870261612,0.787625,0.8015,0.78914375,HYPE GAP
P403818,Lippe Balm,Drunk Elephant,84276,3.7386,1901.0,18.0,Skincare,Lip Balms & Treatments,,0,0,0,0,1902.0,3.7386961093585698,0.644808743169399,0.6203995793901157,0.21293375394321767,0.7731704990158973,0.9140416444207154,0.9343299519487454,0.9221569674319274,0.6846740273396424,0.644808743169399,0.6630732748961404,HYPE GAP
P392245,Virgin Marula Luxury Face Oil,Drunk Elephant,174857,4.3107,1651.0,68.0,Skincare,Moisturizers,Face Oils,0,0,0,0,1652.0,4.311138014527845,0.7991004497751124,0.8105326876513317,0.13256658595641646,0.7781465359041034,0.9695675387079552,0.9188467698878804,0.9492792311799253,0.8277845036319613,0.7991004497751124,0.8165915150778121,HYPE GAP
P400259,C-Firma Fresh Vitamin-C Day Serum,Drunk Elephant,300467,4.1561,1602.0,78.0,Skincare,Treatments,Face Serums,0,0,0,0,1605.0,4.1551401869158875,0.8024922118380062,0.7862928348909657,0.1308411214953271,0.7298735972097141,0.990923651895355,0.9145755472504005,0.9603844100373732,0.7887850467289719,0.8024922118380062,0.7925233644859813,HYPE GAP
P442566,Slaai  Makeup-Melting Butter Cleanser,Drunk Elephant,88374,3.781,1525.0,36.0,Skincare,Cleansers,Face Wash & Cleansers,0,0,0,0,1528.0,3.7833769633507854,0.6570680628272252,0.6367801047120419,0.24410994764397906,0.7065318320329591,0.9172450613988254,0.9081687132941805,0.9136145221569674,0.6958442408376964,0.6570680628272252,0.6753517670157069,HYPE GAP
P429515,C-Tango Vitamin C Eye Cream,Drunk Elephant,124160,3.7473,1484.0,64.0,Skincare,Eye Care,Eye Creams & Treatments,0,0,0,0,1484.0,3.7473045822102424,0.6819407008086253,0.6442048517520216,0.23045822102425875,0.7250554061994333,0.9498131340096102,0.9049652963160705,0.9318739989321942,0.6868261455525606,0.6819407008086253,0.6789673180592992,HYPE GAP
P419222,Umbra Sheer Physical Daily Defense SPF 30,Drunk Elephant,46738,3.3076,1362.0,34.0,Skincare,Sunscreen,Face Sunscreen,0,0,0,0,1363.0,3.3088774761555393,0.5585106382978723,0.5033015407190022,0.3338224504768892,0.774775022124001,0.8142018152696209,0.8932194340630005,0.8458088627869728,0.5772193690388848,0.5585106382978723,0.5605190755685987,HYPE GAP
P439926,A-Passioni Retinol Cream,Drunk Elephant,214435,4.2008,1265.0,74.0,Skincare,Treatments,Face Serums,0,0,0,0,1266.0,4.201421800947867,0.8009478672985783,0.792259083728278,0.165086887835703,0.7525881186856603,0.9802455953016551,0.8836091831286705,0.9415910304324613,0.8003554502369667,0.8009478672985783,0.7993187203791469,HYPE GAP
P454120,F-Balm Electrolyte Waterfacial Mask,Drunk Elephant,71224,4.1665,1105.0,54.0,Skincare,Masks,Face Masks,0,0,0,0,1105.0,4.166515837104073,0.8,0.7782805429864253,0.12669683257918551,0.772550427125416,0.8878804057661506,0.8627869727709557,0.8778430325680726,0.7916289592760182,0.8,0.7921380090497738,HYPE GAP
P419223,Shaba Complex Firming Eye Serum,Drunk Elephant,75752,3.8963,1070.0,60.0,Skincare,Eye Care,Eye Creams & Treatments,0,0,0,0,1070.0,3.8962616822429905,0.7291242362525459,0.6962616822429907,0.17943925233644858,0.7369710358304787,0.9006940736785904,0.8558462359850507,0.8827549386011746,0.7240654205607476,0.7291242362525459,0.7214125045206236,HYPE GAP
P460515,E-Rase Milki Micellar Water,Drunk Elephant,26131,4.2812,1017.0,14.0,Skincare,Cleansers,Makeup Removers,0,0,1,0,1018.0,4.281925343811395,0.8447937131630648,0.8290766208251473,0.08349705304518663,0.828275724901338,0.6737853710624666,0.8441003737319808,0.7419113721302723,0.8204813359528487,0.8447937131630648,0.8290643418467584,HYPE GAP
P462347,E-Rase Milki Micellar Water Mini,Drunk Elephant,19854,4.2812,1017.0,14.0,Skincare,Mini Size,,0,0,1,0,1018.0,4.281925343811395,0.8447937131630648,0.8290766208251473,0.08349705304518663,0.828275724901338,0.599038974906567,0.8441003737319808,0.6970635344367324,0.8204813359528487,0.8447937131630648,0.8290643418467584,HYPE GAP
P419221,Umbra Tinte Physical Daily Defense SPF 30,Drunk Elephant,40278,3.2982,845.0,36.0,Skincare,Sunscreen,Face Sunscreen,0,0,0,0,845.0,3.298224852071006,0.5205128205128206,0.5100591715976331,0.3905325443786982,0.7878971929405478,0.7778964228510411,0.805125467164976,0.788788040576615,0.5745562130177515,0.5205128205128206,0.5486686390532545,HYPE GAP
P470024,Protini Powerpeptide Resurfacing Serum with Lactic Acid,Drunk Elephant,51763,4.3619,713.0,82.0,Skincare,Treatments,Face Serums,0,0,0,0,713.0,4.361851332398317,0.8639551192145862,0.847124824684432,0.07573632538569425,0.7533208526578665,0.8318206086492258,0.7802989855846236,0.811211959423385,0.8404628330995791,0.8639551192145862,0.8485098176718092,HERO PRODUCT
P466117,Sweet Biome Fermented Sake Hydrating Spray,Drunk Elephant,15545,3.8833,677.0,42.0,Skincare,Moisturizers,Mists & Essences,0,0,0,0,677.0,3.8833087149187593,0.7548005908419497,0.6986706056129985,0.10635155096011817,0.775492254555935,0.5200213561131874,0.7714895888948211,0.6206086492258409,0.7208271787296898,0.7548005908419497,0.7276957163958642,HYPE GAP
P405584,Baby Pekee Bar + Juju Bar Travel Duo,Drunk Elephant,55728,4.34,600.0,16.0,Skincare,Value & Gift Sets,,0,0,1,0,600.0,4.34,0.8148984198645598,0.8233333333333334,0.10833333333333334,0.7656436381631073,0.8478376935397758,0.7397223705285638,0.804591564335291,0.835,0.8148984198645598,0.827219525959368,HYPE GAP
P477985,A-Gloei Retinol Oil,Drunk Elephant,24791,4.5501,489.0,72.0,Skincare,Moisturizers,Face Oils,0,0,0,0,489.0,4.550102249488752,0.9284253578732107,0.9079754601226994,0.03067484662576687,0.7335538271107251,0.6620395088093967,0.6865990389749066,0.6718633208756006,0.887525562372188,0.9284253578732107,0.9028629856850715,HERO PRODUCT
P392248,Pekee Cleansing Bar,Drunk Elephant,20586,4.4633,449.0,28.0,Skincare,Cleansers,Face Wash & Cleansers,0,0,1,0,449.0,4.463251670378619,0.851145038167939,0.8552338530066815,0.10022271714922049,0.8204986540116234,0.604911906033102,0.6575013347570742,0.6259476775226909,0.8658129175946547,0.851145038167939,0.859825694078444,HERO PRODUCT
P501028,Ceramighty  AF Eye Cream with Ceramides,Drunk Elephant,19664,4.3972,428.0,60.0,Skincare,Eye Care,Eye Creams & Treatments,0,0,0,0,430.0,4.388372093023256,0.8744186046511628,0.8674418604651163,0.05581395348837209,0.835204368594832,0.594233849439402,0.6422851041110518,0.6134543513080619,0.847093023255814,0.8744186046511628,0.858343023255814,HERO PRODUCT
P503693,Bouncy Brightfacial Brightening Mask with 10% Azelaic Acid + 1% Salicylic Acid,Drunk Elephant,27212,4.4859,426.0,68.0,Skincare,Treatments,Face Serums,0,0,0,1,428.0,4.478971962616822,0.9039812646370023,0.8878504672897196,0.05841121495327103,0.7036227446955603,0.6844634276561665,0.6409503470368393,0.6670581954084356,0.8697429906542056,0.9039812646370023,0.8827305943443717,HERO PRODUCT
P392249,JuJu Exfoliating Bar,Drunk Elephant,30472,4.4663,386.0,28.0,Skincare,Cleansers,Face Wash & Cleansers,0,0,1,0,386.0,4.466321243523316,0.828125,0.8393782383419689,0.09844559585492228,0.7893016990046112,0.7132941804591564,0.6075814201815269,0.6710090763481046,0.866580310880829,0.828125,0.8509634067357512,HERO PRODUCT
P424378,Mini Virgin Marula LuxuryFace Oil,Drunk Elephant,48487,4.2368,266.0,38.0,Skincare,Moisturizers,Face Oils,0,0,0,0,267.0,4.239700374531835,0.8239700374531835,0.797752808988764,0.13108614232209737,0.8291348703921988,0.8232781633742658,0.5077415910304325,0.6970635344367325,0.8099250936329587,0.8239700374531835,0.8123127340823969,HYPE GAP
P465752,Mini Protini Polypeptide Moisturizer,Drunk Elephant,52282,3.805,159.0,22.0,Skincare,Mini Size,,0,0,0,0,162.0,3.8271604938271606,0.6975308641975309,0.6851851851851852,0.19753086419753085,0.8353917528537737,0.8334223171382809,0.36972770955686063,0.6479444741057128,0.7067901234567902,0.6975308641975309,0.7007716049382716,HYPE GAP
P473304,O-Bloos Rosi Glow Drops,Drunk Elephant,49327,3.6943,157.0,38.0,Skincare,Treatments,Face Serums,0,0,0,0,159.0,3.6855345911949686,0.6477987421383647,0.6226415094339622,0.2893081761006289,0.8207907729347547,0.8270154831820609,0.3649225840896957,0.6421783235451148,0.6713836477987422,0.6477987421383647,0.656996855345912,HYPE GAP
P440658,Baby Bar Travel Duo with Case,Drunk Elephant,22114,4.3955,134.0,22.0,Skincare,Value & Gift Sets,,0,0,0,0,134.0,4.395522388059701,0.8805970149253731,0.8208955223880597,0.08955223880597014,0.8137581326940038,0.6273358248798718,0.3200747463961559,0.5044313934863854,0.8488805970149254,0.8805970149253731,0.8541977611940299,HERO PRODUCT
P471761,Call It A Night Glycolic Serum + Moisturizer duo,Drunk Elephant,37629,4.3874,111.0,28.0,Skincare,Value & Gift Sets,,0,0,0,0,112.0,4.366071428571429,0.8660714285714286,0.8125,0.05357142857142857,0.7880597989493554,0.7581420181526962,0.2837693539775761,0.5683929524826481,0.8415178571428572,0.8660714285714286,0.8445312500000001,HERO PRODUCT
P450947,Mini A-Passioni Retinol Cream,Drunk Elephant,31898,4.0,84.0,28.0,Skincare,Mini Size,,0,0,1,0,84.0,4.0,0.7976190476190477,0.75,0.17857142857142858,0.7515217811777825,0.7239722370528564,0.22156967431927388,0.5230112119594233,0.75,0.7976190476190477,0.7642857142857142,HYPE GAP
P471547,Mini Beste No. 9 Jelly Cleanser,Drunk Elephant,16632,4.1429,35.0,16.0,Skincare,Mini Size,,0,0,0,0,35.0,4.142857142857143,0.7714285714285715,0.7428571428571429,0.14285714285714285,0.7549923533393491,0.5403096636412174,0.04965296316070475,0.3440469834490123,0.7857142857142858,0.7714285714285715,0.7750000000000001,LOW TRACTION
P475932,Milk Marvel Dark Spot Serum with Niacinamide and Vitamin C,EADEM,15740,4.4791,215.0,68.0,Skincare,Treatments,Face Serums,0,0,0,1,221.0,4.4343891402714934,0.8642533936651584,0.8552036199095022,0.11764705882352941,0.8423686926806724,0.5248264815803524,0.4575547250400427,0.4979177789642285,0.8585972850678734,0.8642533936651584,0.8597850678733032,HERO PRODUCT
P481701,Cloud Cushion Plush Moisturizer with Ceramides + Peptides,EADEM,11518,4.7467,150.0,58.0,Skincare,Moisturizers,Moisturizers,0,0,0,1,151.0,4.748344370860927,0.9602649006622517,0.9403973509933775,0.039735099337748346,0.7931499741499937,0.4212493326214629,0.35024025627335825,0.392845702082221,0.9370860927152318,0.9602649006622517,0.9445364238410597,HIDDEN GEM
P501421,Dew Dream- Hydrating Makeup Removing Cleansing Balm with Tiger Grass,EADEM,4482,4.6881,109.0,30.0,Skincare,Cleansers,Face Wash & Cleansers,0,0,0,1,109.0,4.6880733944954125,0.9724770642201835,0.944954128440367,0.01834862385321101,0.906442902982235,0.15376401494927924,0.2781633742658836,0.20352375867592098,0.9220183486238531,0.9724770642201835,0.9405963302752294,HIDDEN GEM
P479839,Revitalizing Supreme+ Youth Power Creme Moisturizer,Estée Lauder,4961,4.3202,2783.0,98.0,Skincare,Moisturizers,Moisturizers,0,0,1,0,2783.0,4.320158102766799,0.8864534674811355,0.8526769673014732,0.03772906934962271,0.5892928499145572,0.17458622530699414,0.9655632674853176,0.4909770421783235,0.8300395256916997,0.8864534674811355,0.8503593244699965,HERO PRODUCT
P481084,Mini Revitalizing Supreme+ Youth Power Creme Moisturizer,Estée Lauder,1449,4.3202,2783.0,64.0,Skincare,Moisturizers,Moisturizers,0,0,1,0,2783.0,4.320158102766799,0.8864534674811355,0.8526769673014732,0.03772906934962271,0.5892928499145572,0.03897490656700481,0.9655632674853176,0.40961025093432996,0.8300395256916997,0.8864534674811355,0.8503593244699965,HIDDEN GEM
P461159,Estee Lauder Advanced Night Repair Synchronized Multi-Recovery Complex Serum,Estée Lauder,58873,4.0456,2410.0,115.0,Skincare,Treatments,Face Serums,0,0,0,0,2412.0,4.0464344941956885,0.7918739635157546,0.7433665008291874,0.07918739635157546,0.6308125975434897,0.8574479444741057,0.9540843566470902,0.8961025093432995,0.7616086235489221,0.7918739635157546,0.7679519071310116,HYPE GAP
P461160,Mini Advanced Night Repair Synchronized Multi-Recovery Complex,Estée Lauder,23348,4.0456,2410.0,19.0,Skincare,Mini Size,,0,0,1,0,2412.0,4.0464344941956885,0.7918739635157546,0.7433665008291874,0.07918739635157546,0.6308125975434897,0.6446876668446343,0.9540843566470902,0.7684463427656167,0.7616086235489221,0.7918739635157546,0.7679519071310116,HYPE GAP
P461933,Advanced Night Repair Synchronized Multi-Recovery Complex Duo,Estée Lauder,11269,4.0456,2410.0,195.0,Skincare,Treatments,Face Serums,1,0,1,0,2412.0,4.0464344941956885,0.7918739635157546,0.7433665008291874,0.07918739635157546,0.6308125975434897,0.41270688734650296,0.9540843566470902,0.6292578750667379,0.7616086235489221,0.7918739635157546,0.7679519071310116,HYPE GAP
P500701,Advanced Night Repair Eye Gel-Cream,Estée Lauder,10521,4.3493,1795.0,72.0,Skincare,Eye Care,Eye Creams & Treatments,0,0,0,0,1795.0,4.349303621169916,0.8947075208913648,0.86016713091922,0.033983286908077996,0.4533941533168157,0.392952482648158,0.9284570208222104,0.607154297917779,0.8373259052924791,0.8947075208913648,0.8579665738161559,HERO PRODUCT
P473820,Advanced Night Repair Eye Concentrate Matrix Synchronized Multi-Recovery Complex,Estée Lauder,5480,4.3111,1096.0,82.0,Skincare,Treatments,Face Serums,0,0,1,0,1096.0,4.311131386861314,0.8895985401459854,0.8540145985401459,0.03923357664233577,0.7402735433460753,0.198611852642819,0.8606513614522157,0.46342765616657766,0.8277828467153285,0.8895985401459854,0.8502623175182482,HIDDEN GEM
P501176,Soft Clean Infusion Hydrating Treatment Lotion,Estée Lauder,920,3.8333,456.0,42.0,Skincare,Moisturizers,Mists & Essences,0,0,1,0,456.0,3.8333333333333335,0.7192982456140351,0.6535087719298246,0.07236842105263158,0.7254902334774241,0.0202883075280299,0.6628403630539241,0.27730912973838756,0.7083333333333334,0.7192982456140351,0.7033991228070176,LOW TRACTION
P380000,"DayWear Advanced Multi-Protection Anti-Oxidant Moisturizer, Normal/Combination",Estée Lauder,6300,4.3154,298.0,36.0,Skincare,Moisturizers,Moisturizers,0,0,1,0,298.0,4.315436241610739,0.8947368421052632,0.8523489932885906,0.03355704697986577,0.8863778358600178,0.23705285638013882,0.5371062466631074,0.35707421249332627,0.8288590604026846,0.8947368421052632,0.8521458848463441,HIDDEN GEM
P482529,Micro Essence Treatment Lotion with Bio-Ferment,Estée Lauder,1834,4.0556,216.0,130.0,Skincare,Moisturizers,Moisturizers,0,0,1,0,216.0,4.055555555555555,0.7777777777777778,0.7314814814814815,0.06944444444444445,0.7369369195925223,0.055525894287239724,0.45168179391350777,0.21398825413774697,0.7638888888888888,0.7777777777777778,0.7631944444444445,LOW TRACTION
P380027,Perfectly Clean Multi-Action Foam Cleanser/Purifying Mask,Estée Lauder,8588,4.4397,116.0,30.0,Skincare,Cleansers,Face Wash & Cleansers,0,0,1,0,116.0,4.439655172413793,0.8703703703703703,0.8275862068965517,0.08620689655172414,0.7619525190395645,0.3195408435664709,0.29017618793379607,0.307794981313401,0.8599137931034482,0.8703703703703703,0.8582016283524904,HIDDEN GEM
P379995,Perfectionist CP+R Wrinkle Lifting/Firming Serum,Estée Lauder,14820,4.2234,94.0,120.0,Skincare,Treatments,Face Serums,0,0,1,0,94.0,4.223404255319149,0.7209302325581395,0.776595744680851,0.13829787234042554,0.7921491737446088,0.5018686599038975,0.24639615589962627,0.399679658302189,0.8058510638297873,0.7209302325581395,0.7759865165759525,LOW TRACTION
P406529,Advanced Night Micro Cleansing Balm,Estée Lauder,5931,4.6393,61.0,48.0,Skincare,Cleansers,Face Wash & Cleansers,0,0,0,0,61.0,4.639344262295082,0.8064516129032258,0.9016393442622951,0.03278688524590164,0.8397240197217023,0.2205018686599039,0.14762413240790176,0.19135077415910304,0.9098360655737705,0.8064516129032258,0.8775912215758858,HIDDEN GEM
P422648,DayWear Matte Oil-Control Anti-Oxidant Moisturizer Gel Creme,Estée Lauder,8588,4.4808,52.0,59.0,Skincare,Moisturizers,Moisturizers,0,0,1,0,52.0,4.480769230769231,0.8461538461538461,0.8461538461538461,0.09615384615384616,0.8578407984972,0.3195408435664709,0.1203950880939669,0.2398825413774693,0.8701923076923077,0.8461538461538461,0.859375,HIDDEN GEM
P399934,NightWear Plus Anti-Oxidant Night Detox Moisturizer Creme,Estée Lauder,7948,4.2391,46.0,63.0,Skincare,Moisturizers,Night Creams,0,0,1,0,46.0,4.239130434782608,0.7391304347826086,0.8043478260869565,0.13043478260869565,0.8689601089466702,0.3011211959423385,0.09717031500266951,0.2195408435664709,0.8097826086956521,0.7391304347826086,0.7877717391304347,LOW TRACTION
P392892,Nutritious Super-Pomegranate Radiant Energy Moisturizer Creme,Estée Lauder,6546,3.878,41.0,70.0,Skincare,Moisturizers,Moisturizers,0,0,1,0,41.0,3.8780487804878048,0.5714285714285714,0.6829268292682927,0.21951219512195122,0.7074195926006024,0.24399359316604377,0.0798184730379071,0.1783235451147891,0.7195121951219512,0.5714285714285714,0.6695993031358884,LOW TRACTION
P446908,Advanced Night Repair Treatment Intense Reset Concentrate,Estée Lauder,11042,4.4595,37.0,92.0,Skincare,Treatments,Face Serums,0,0,0,0,37.0,4.45945945945946,0.8378378378378378,0.8378378378378378,0.10810810810810811,0.8163838386535645,0.40630005339028297,0.0605979711692472,0.26801922050186866,0.8648648648648649,0.8378378378378378,0.8527027027027028,HIDDEN GEM
P380030,Perfectly Clean Multi-Action Toning Lotion/Refiner,Estée Lauder,5546,4.2143,28.0,30.0,Skincare,Cleansers,Toners,0,0,1,0,28.0,4.214285714285714,0.8461538461538461,0.8928571428571429,0.10714285714285714,0.770796458547314,0.20581954084356646,0.01788574479444741,0.13064602242391885,0.8035714285714286,0.8461538461538461,0.829739010989011,LOW TRACTION
P422649,Resilience Multi-Effect Night Tri-Peptide Face and Neck Moisturizer Creme,Estée Lauder,4621,4.1852,27.0,110.0,Skincare,Moisturizers,Moisturizers,0,0,1,0,27.0,4.185185185185185,0.7407407407407407,0.7407407407407407,0.14814814814814814,0.7561835547288259,0.1607047517351842,0.012813667912439935,0.1015483182060865,0.7962962962962963,0.7407407407407407,0.7712962962962964,LOW TRACTION
P408273,Advanced Night Micro Cleansing Foam,Estée Lauder,2742,3.9231,26.0,33.0,Skincare,Cleansers,Face Wash & Cleansers,0,0,1,0,26.0,3.923076923076923,0.7222222222222222,0.7307692307692307,0.19230769230769232,0.7963357463479042,0.08489054991991457,0.007741591030432461,0.054030966364121726,0.7307692307692307,0.7222222222222222,0.7282051282051282,LOW TRACTION
P230538,Brumisateur Natural Mineral Water Facial Spray Travel Duo,Evian,27905,4.5632,1550.0,17.0,Skincare,Moisturizers,Mists & Essences,0,0,0,1,1550.0,4.563225806451613,0.8767772511848341,0.9116129032258065,0.03870967741935484,0.7755485295497281,0.6924719701014416,0.9097704217832354,0.7793913507741591,0.8908064516129033,0.8767772511848341,0.889718659226418,HERO PRODUCT
P2043,Brumisateur Natural Mineral Water Facial Spray,Evian,31434,4.3932,384.0,14.0,Skincare,Moisturizers,Mists & Essences,0,0,1,0,385.0,4.394805194805195,0.875,0.8649350649350649,0.08831168831168831,0.6874287050721565,0.7186332087560064,0.606513614522157,0.6737853710624667,0.8487012987012987,0.875,0.859025974025974,HERO PRODUCT
P2046,Brumisateur Natural Mineral Water Facial Spray Travel Trio,Evian,10378,4.6813,91.0,23.5,Skincare,Moisturizers,Mists & Essences,0,0,1,0,91.0,4.681318681318682,0.8636363636363636,0.9230769230769231,0.02197802197802198,0.704789770926748,0.38868126001067804,0.2389215162840363,0.3287773625200213,0.9203296703296704,0.8636363636363636,0.9037337662337663,HIDDEN GEM
P476683,Full Face Sculpt Kit - 14-Day Challenge,FaceGym,5438,4.4733,131.0,75.0,Skincare,High Tech Tools,Anti-Aging,0,0,1,1,131.0,4.473282442748092,0.9312977099236641,0.9236641221374046,0.03816793893129771,0.31285583777259096,0.19487453283502404,0.3152696209289909,0.24303256807261078,0.8683206106870229,0.9312977099236641,0.8955152671755726,HIDDEN GEM
P482675,Active Blast Concentrated Collagen Daily Treatment,FaceGym,1695,4.6832,101.0,65.0,Skincare,Treatments,Face Serums,0,0,1,0,101.0,4.683168316831683,0.9405940594059405,0.9405940594059405,0.019801980198019802,0.6763888984918595,0.04805125467164976,0.2621462893753337,0.13368926855312332,0.9207920792079207,0.9405940594059405,0.9297029702970298,HIDDEN GEM
P476679,Multi-Sculpt High-Performance Gua Sha,FaceGym,5082,4.8795,83.0,65.0,Skincare,High Tech Tools,Anti-Aging,0,0,1,1,84.0,4.880952380952381,0.9880952380952381,0.9880952380952381,0.011904761904761904,0.8186277127928204,0.1783235451147891,0.22156967431927388,0.19562199679658301,0.9702380952380953,0.9880952380952381,0.9782738095238096,HIDDEN GEM
P481086,Liftwear Brightening Vitamin C Gel-Cream,FaceGym,936,4.6753,77.0,60.0,Skincare,Moisturizers,Moisturizers,0,0,1,0,77.0,4.675324675324675,0.922077922077922,0.922077922077922,0.025974025974025976,0.5428570985794068,0.021356113187399894,0.201815269620929,0.09353977576081153,0.9188311688311688,0.922077922077922,0.9202922077922077,HIDDEN GEM
P476678,Face Coach Lifting Squalane Face Oil,FaceGym,2438,4.6053,76.0,70.0,Skincare,Moisturizers,Face Oils,0,0,1,1,76.0,4.605263157894737,0.9605263157894737,0.9605263157894737,0.0,0.35,0.07367859049652963,0.19701014415376403,0.12301121195942338,0.9013157894736843,0.9605263157894737,0.9279605263157896,HIDDEN GEM
P476674,Electro-Lite Enzyme Brightening Gel Cleanser,FaceGym,2393,4.7887,71.0,38.0,Skincare,Cleansers,Face Wash & Cleansers,0,0,1,1,71.0,4.788732394366197,0.9577464788732394,0.971830985915493,0.028169014084507043,0.2994949384169145,0.07154297917778964,0.1817939135077416,0.11564335290977042,0.9471830985915493,0.9577464788732394,0.9540492957746479,HIDDEN GEM
P476675,Hydro-Bound Hyaluronic Acid + Niacinamide Serum,FaceGym,2833,4.6377,69.0,68.0,Skincare,Treatments,Face Serums,0,0,1,1,69.0,4.63768115942029,0.9710144927536232,0.927536231884058,0.014492753623188406,0.6845238187483379,0.09022957821676456,0.17538707955152164,0.12429257875066738,0.9094202898550725,0.9710144927536232,0.9306159420289856,HIDDEN GEM
P500705,Skin Changer Succinic Acid Essence-Toner,FaceGym,2193,4.7681,69.0,48.0,Skincare,Cleansers,Toners,0,0,1,1,69.0,4.768115942028985,0.9710144927536232,0.9710144927536232,0.0,0.4791666666666667,0.06727175654030966,0.17538707955152164,0.11051788574479444,0.9420289855072463,0.9710144927536232,0.9550724637681158,HIDDEN GEM
P501017,Brightening Active Roller with Vitamin C,FaceGym,961,4.7612,67.0,70.0,Skincare,High Tech Tools,Anti-Aging,0,0,1,0,67.0,4.7611940298507465,0.9701492537313433,0.9701492537313433,0.0,0.875,0.022423918846769888,0.16898024559530164,0.08104644954618259,0.9402985074626866,0.9701492537313433,0.9537313432835822,HIDDEN GEM
P476676,Youth Reformer Firming Vitamin C Oil Serum,FaceGym,3104,4.9623,53.0,110.0,Skincare,Treatments,Face Serums,0,0,1,1,53.0,4.962264150943396,0.9811320754716981,1.0,0.0,0.3059066076363836,0.100640683395622,0.12466631073144688,0.11025093432995195,0.990566037735849,0.9811320754716981,0.9891509433962263,HIDDEN GEM
P476680,Face Ball Tension Release Tool,FaceGym,2856,4.5208,48.0,35.0,Skincare,High Tech Tools,Anti-Aging,0,0,1,1,48.0,4.520833333333333,0.9166666666666666,0.9166666666666666,0.0625,0.45001196222645895,0.09129738387613455,0.10838227442605446,0.09813134009610251,0.8802083333333333,0.9166666666666666,0.8966145833333332,HIDDEN GEM
P501004,Youthful Active Roller with Niacinamide,FaceGym,1119,4.6316,38.0,70.0,Skincare,High Tech Tools,Anti-Aging,0,0,1,0,38.0,4.631578947368421,0.8947368421052632,0.8947368421052632,0.05263157894736842,0.7857142932274762,0.026695141484249868,0.06673785371062467,0.04271222637479979,0.9078947368421053,0.8947368421052632,0.9019736842105264,HIDDEN GEM
P480300,Faceshot Electric Microneedling Device + Vitamin Ampoules,FaceGym,5049,4.5405,37.0,275.0,Skincare,Value & Gift Sets,,0,0,1,0,37.0,4.54054054054054,0.918918918918919,0.918918918918919,0.02702702702702703,0.6410608923918492,0.1761879337960491,0.0605979711692472,0.12995194874532834,0.8851351351351351,0.918918918918919,0.9003378378378378,HIDDEN GEM
P476681,Hyaluronic Acid Roller Dissolving Microneedling Tool,FaceGym,4697,4.6757,37.0,95.0,Skincare,High Tech Tools,Anti-Aging,0,0,1,1,37.0,4.675675675675675,0.918918918918919,0.8918918918918919,0.05405405405405406,0.9338717048659044,0.16337426588360918,0.0605979711692472,0.12226374799786438,0.9189189189189189,0.918918918918919,0.9148648648648648,HIDDEN GEM
P501024,Hydrating Active Roller with Hyaluronic Acid,FaceGym,407,4.3,30.0,70.0,Skincare,High Tech Tools,Anti-Aging,0,0,1,0,30.0,4.3,0.8333333333333334,0.8333333333333334,0.06666666666666667,1.0,0.01014415376401495,0.027762947143619862,0.017191671115856916,0.825,0.8333333333333334,0.82875,LOW TRACTION
P476677,Supreme Restructure Collagen-Boosting Cermide Cream,FaceGym,1609,4.44,25.0,120.0,Skincare,Moisturizers,Moisturizers,0,0,1,1,25.0,4.44,0.88,0.88,0.12,0.8075396650367312,0.04538174052322477,0.0026695141484249867,0.028296849973304856,0.8600000000000001,0.88,0.8690000000000001,HIDDEN GEM
P417238,Green Clean Makeup Removing Cleansing Balm,Farmacy,403801,4.4958,6158.0,36.0,Skincare,Cleansers,Makeup Removers,0,0,0,1,6169.0,4.495055924785216,0.8728459093190564,0.8649700113470579,0.08834495055924785,0.8077811248419292,0.99572877736252,0.9965296316070476,0.996049119060331,0.873763981196304,0.8728459093190564,0.8721694641557428,HERO PRODUCT
P450271,Green Clean Makeup Meltaway Cleansing Balm Limited Edition Jumbo,Farmacy,0,4.4958,6158.0,60.0,Skincare,Cleansers,Face Wash & Cleansers,1,0,0,1,6169.0,4.495055924785216,0.8728459093190564,0.8649700113470579,0.08834495055924785,0.8077811248419292,0.001601708489054992,0.9965296316070476,0.39957287773625205,0.873763981196304,0.8728459093190564,0.8721694641557428,HIDDEN GEM
P434548,Honeymoon Glow AHA Resurfacing Night Serum,Farmacy,177152,4.3154,1931.0,60.0,Skincare,Moisturizers,Night Creams,0,0,0,1,1934.0,4.313857290589452,0.8345398138572906,0.8221302998965874,0.12461220268872802,0.7791870488117597,0.9706353443673251,0.9364655632674853,0.9569674319273892,0.8284643226473629,0.8345398138572906,0.829336866597725,HYPE GAP
P458209,Daily Greens Oil-Free Gel Moisturizer with Moringa and Papaya,Farmacy,72156,4.0612,1356.0,42.0,Skincare,Moisturizers,Moisturizers,0,0,0,0,1356.0,4.061209439528024,0.7411504424778761,0.7293510324483776,0.16592920353982302,0.7806950577335674,0.8894821142552055,0.8921516284036305,0.8905499199145754,0.7653023598820059,0.7411504424778761,0.7526640855457227,HYPE GAP
P463036,Honey Halo Ultra-Hydrating Ceramide Moisturizer,Farmacy,131912,4.4484,1327.0,48.0,Skincare,Moisturizers,Moisturizers,0,0,0,1,1341.0,4.44220730797912,0.8635346756152126,0.8448918717375093,0.09097688292319164,0.8031953400122785,0.9546182594767753,0.8894821142552055,0.9285638013881474,0.8605518269947801,0.8635346756152126,0.8590976882923191,HERO PRODUCT
P471025,FILLING GOOD hyaluronic acid plumping serum,Farmacy,32224,4.3191,912.0,48.0,Skincare,Treatments,Face Serums,0,0,0,1,912.0,4.319078947368421,0.8552631578947368,0.8410087719298246,0.07675438596491228,0.7276492585622987,0.7298451681793914,0.8152696209289909,0.7640149492792312,0.8297697368421053,0.8552631578947368,0.8391036184210526,HERO PRODUCT
P479318,10% Niacinamide Night Mask,Farmacy,56372,4.6759,901.0,44.0,Skincare,Masks,Face Masks,0,0,0,1,906.0,4.677704194260485,0.9492273730684326,0.9370860927152318,0.03090507726269316,0.6543959888114649,0.8505072076882008,0.8139348638547784,0.8358782701548317,0.9194260485651213,0.9492273730684326,0.9310154525386314,HERO PRODUCT
P431187,Clean Bee Ultra Gentle Facial Cleanser,Farmacy,52562,4.0341,881.0,28.0,Skincare,Cleansers,Face Wash & Cleansers,0,0,0,1,882.0,4.032879818594104,0.7346938775510204,0.7131519274376418,0.17687074829931973,0.8095900632872961,0.8350240256273358,0.809930592632141,0.8249866524292578,0.758219954648526,0.7346938775510204,0.7444019274376417,HYPE GAP
P428416,Honey Butter Beeswax Lip Balm,Farmacy,55236,4.2551,839.0,12.0,Skincare,Lip Balms & Treatments,,0,0,0,1,839.0,4.255065554231227,0.797377830750894,0.7890345649582837,0.12514898688915377,0.8032647438534123,0.8451681793913508,0.802989855846236,0.8282968499733048,0.8137663885578068,0.797377830750894,0.8051400476758045,HYPE GAP
P482676,10% Waterless Vitamin C Serum,Farmacy,27859,4.4315,825.0,50.0,Skincare,Treatments,Face Serums,0,0,0,1,828.0,4.429951690821256,0.8780193236714976,0.8623188405797102,0.0748792270531401,0.6848599632817601,0.6914041644420715,0.800854244527496,0.7351841964762413,0.857487922705314,0.8780193236714976,0.8643719806763286,HERO PRODUCT
P459141,Deep Sweep 2% BHA Pore Cleaning Toner with Moringa + Papaya,Farmacy,93009,4.4835,819.0,32.0,Skincare,Cleansers,Toners,0,0,0,1,821.0,4.483556638246041,0.8708891595615104,0.8574908647990256,0.08526187576126674,0.7969182068285974,0.9215162840363054,0.799786438868126,0.8728243459690337,0.8708891595615103,0.8708891595615104,0.8688794153471376,HERO PRODUCT
P480301,Mini Deep Sweep 2% BHA Pore Cleaning Toner with Moringa + Papaya,Farmacy,17610,4.4835,819.0,16.0,Skincare,Cleansers,Toners,0,0,0,1,821.0,4.483556638246041,0.8708891595615104,0.8574908647990256,0.08526187576126674,0.7969182068285974,0.5616657768286172,0.799786438868126,0.6569140416444207,0.8708891595615103,0.8708891595615104,0.8688794153471376,HERO PRODUCT
P477157,Clearly Clean Makeup Removing Cleansing Balm,Farmacy,22126,4.6494,619.0,36.0,Skincare,Cleansers,Face Wash & Cleansers,0,0,0,1,625.0,4.6448,0.9072,0.9056,0.0592,0.7799654290560754,0.6278697277095568,0.7533368926855313,0.6780565936999466,0.9112,0.9072,0.90916,HERO PRODUCT
P503879,Wake Up Honey Eye Cream with Brightening Vitamin C,Farmacy,28506,4.7118,569.0,45.0,Skincare,Eye Care,Eye Creams & Treatments,0,0,0,1,572.0,4.699300699300699,0.9527972027972028,0.9423076923076923,0.038461538461538464,0.6139270658158276,0.6967431927389215,0.7314468766684463,0.7106246663107314,0.9248251748251748,0.9527972027972028,0.9358391608391607,HERO PRODUCT
P414293,Honey Savior All-in-One Skin Repair Salve,Farmacy,34646,4.4348,529.0,34.0,Skincare,Moisturizers,Moisturizers,0,0,0,1,530.0,4.435849056603773,0.8511627906976744,0.8452830188679246,0.09622641509433963,0.8249474931508303,0.7437266417512013,0.7127602776294715,0.7313400961025094,0.8589622641509433,0.8511627906976744,0.8545705353225099,HERO PRODUCT
P466661,Whipped Greens Oil-Free Foaming Cleanser with Moringa and Papaya,Farmacy,40927,4.5747,482.0,28.0,Skincare,Cleansers,Face Wash & Cleansers,0,0,0,1,485.0,4.5731958762886595,0.8927835051546392,0.8824742268041237,0.07010309278350516,0.8396608485978525,0.7832354511478911,0.683128670581954,0.7431927389215163,0.8932989690721649,0.8927835051546392,0.891520618556701,HERO PRODUCT
P500288,1% Vitamin A Retinol Serum,Farmacy,24674,4.766,453.0,60.0,Skincare,Treatments,Face Serums,0,0,0,1,453.0,4.766004415011038,0.9735099337748344,0.9757174392935982,0.011037527593818985,0.35978094628080726,0.6604378003203417,0.6604378003203417,0.6604378003203417,0.9415011037527594,0.9735099337748344,0.9562362030905077,HERO PRODUCT
P444226,Honey Grail Ultra-Hydrating Face Oil,Farmacy,47186,4.2355,310.0,48.0,Skincare,Moisturizers,Face Oils,0,0,0,0,312.0,4.230769230769231,0.7948717948717948,0.7756410256410257,0.14743589743589744,0.7981394495558642,0.816871329418046,0.5531233315536572,0.7113721302722904,0.8076923076923077,0.7948717948717948,0.7990384615384616,HYPE GAP
P449188,Green Defense Daily Mineral Sunscreen SPF 30,Farmacy,31465,3.9767,300.0,36.0,Skincare,Sunscreen,Face Sunscreen,0,0,0,0,300.0,3.9766666666666666,0.7266666666666667,0.7,0.19666666666666666,0.874333067288186,0.7197010144153764,0.5419113721302723,0.6485851575013348,0.7441666666666666,0.7266666666666667,0.7322916666666667,HYPE GAP
P475540,Honey Halo Moisturizer Jumbo,Farmacy,28597,4.7273,99.0,74.0,Skincare,Moisturizers,Moisturizers,1,0,1,0,100.0,4.73,0.95,0.93,0.04,0.8684484043291637,0.6972770955686065,0.2586759209823812,0.5218366257341164,0.9325000000000001,0.95,0.9373750000000001,HERO PRODUCT
P480165,Healthy Skin Starter Kit,Farmacy,20010,4.7653,98.0,42.0,Skincare,Value & Gift Sets,,0,0,0,1,98.0,4.76530612244898,0.9693877551020408,0.9591836734693877,0.02040816326530612,0.644206959181107,0.601708489054992,0.25253603844100375,0.46203950880939665,0.9413265306122449,0.9693877551020408,0.952423469387755,HIDDEN GEM
P480444,Honey Potion Plus Ceramide Hydration Mask,Farmacy,32523,4.0,70.0,60.0,Skincare,Masks,Face Masks,0,0,0,1,73.0,3.958904109589041,0.6986301369863014,0.684931506849315,0.2328767123287671,0.7749972850529115,0.7314468766684463,0.18499733048585157,0.5128670581954085,0.7397260273972602,0.6986301369863014,0.7191780821917808,HYPE GAP
P467249,Hydra Vizor Invisible Moisturizer Broad Spectrum SPF 30 Sunscreen with Niacinamide + Kalahari Melon,Fenty Skin,64620,4.0128,781.0,39.0,Skincare,Moisturizers,Moisturizers,0,0,0,1,786.0,4.012722646310433,0.7569974554707379,0.7061068702290076,0.16412213740458015,0.8216810903716857,0.8707955152162307,0.792311799252536,0.8394020288307528,0.7531806615776082,0.7569974554707379,0.7472646310432571,HYPE GAP
P500307,Cherry Treat Conditioning + Strengthening Lip Oil,Fenty Skin,119797,4.4484,533.0,24.0,Skincare,Lip Balms & Treatments,,0,0,0,1,549.0,4.448087431693989,0.8615664845173042,0.8561020036429873,0.06739526411657559,0.8054900648338454,0.9460758142018153,0.7213027229044314,0.8561665776828618,0.8620218579234973,0.8615664845173042,0.860997267759563,HERO PRODUCT
P467248,Fat Water Niacinamide Pore-Refining Toner Serum with Barbados Cherry,Fenty Skin,77300,4.1052,485.0,34.0,Skincare,Cleansers,Toners,0,0,0,1,486.0,4.104938271604938,0.7633744855967078,0.7407407407407407,0.15020576131687244,0.8266090248090525,0.9044313934863855,0.6844634276561665,0.8164442071542979,0.7762345679012346,0.7633744855967078,0.7670524691358025,HYPE GAP
P467247,Total Cleans'r Makeup-Removing Cleanser with Barbados Cherry,Fenty Skin,42777,4.103,427.0,28.0,Skincare,Cleansers,Face Wash & Cleansers,0,0,0,1,427.0,4.1030444964871196,0.7728337236533958,0.7423887587822015,0.12646370023419204,0.8053490353046807,0.794981313400961,0.6393486385477843,0.7327282434596903,0.7757611241217799,0.7728337236533958,0.769877049180328,HYPE GAP
P482264,Cookies N Clean Whipped Clay Pore Detox Face Mask with Salicylic Acid + Charcoal,Fenty Skin,73465,4.6897,390.0,35.0,Skincare,Masks,Face Masks,0,0,0,1,392.0,4.683673469387755,0.9566326530612245,0.951530612244898,0.025510204081632654,0.9070328806014456,0.8942872397223706,0.6126534970635344,0.7816337426588361,0.9209183673469388,0.9566326530612245,0.9362244897959183,HERO PRODUCT
P503692,Plush Puddin’ Intensive Recovery Lip Mask With Pomegranate Sterols + Vitamin E,Fenty Skin,76840,4.1144,376.0,22.0,Skincare,Lip Balms & Treatments,,0,0,0,1,384.0,4.1171875,0.7760416666666666,0.7604166666666666,0.1328125,0.7581446586663907,0.9033635878270155,0.6057127602776294,0.7843032568072611,0.779296875,0.7760416666666666,0.7754882812499999,HYPE GAP
P501581,Cocoa Cleans'r Soothing All-Over Cleansing Bar,Fenty Skin,12779,4.1739,299.0,14.0,Skincare,Cleansers,Face Wash & Cleansers,0,0,0,1,300.0,4.176666666666667,0.8366666666666667,0.78,0.06333333333333334,0.856271044774489,0.4596903363587827,0.5419113721302723,0.49257875066737855,0.7941666666666667,0.8366666666666667,0.8047916666666667,HYPE GAP
P500894,Fat Water Hydrating Milky Toner Essence with Hyaluronic Acid + Tamarind,Fenty Skin,24560,4.6554,296.0,34.0,Skincare,Moisturizers,Mists & Essences,0,0,0,1,299.0,4.642140468227424,0.959866220735786,0.9364548494983278,0.026755852842809364,0.875439700531474,0.6572343833422317,0.5387079551521623,0.609823812066204,0.9105351170568561,0.959866220735786,0.9292224080267558,HERO PRODUCT
P467251,Fenty Skin Travel Size Start'r Set,Fenty Skin,38902,4.0647,278.0,45.0,Skincare,Value & Gift Sets,,0,0,0,1,278.0,4.0647482014388485,0.7985611510791367,0.7338129496402878,0.1474820143884892,0.792272968225035,0.7693539775760811,0.5197544046983449,0.6695141484249867,0.7661870503597121,0.7985611510791367,0.7710431654676259,HYPE GAP
P503250,Watch Ya Tone 5% Niacinamide Dark Spot Serum with Vitamin C,Fenty Skin,25289,4.5829,199.0,42.0,Skincare,Treatments,Face Serums,0,0,0,1,199.0,4.582914572864322,0.9346733668341709,0.9246231155778895,0.03015075376884422,0.8442779315842522,0.6679124399359316,0.4316604378003203,0.5734116390816871,0.8957286432160805,0.9346733668341709,0.911746231155779,HERO PRODUCT
P479319,Pre-Show Glow Instant Retexturizing 10% AHA Treatment + Reusable Applicator,Fenty Skin,17786,4.4348,184.0,42.0,Skincare,Treatments,Facial Peels,0,0,0,1,184.0,4.434782608695652,0.907608695652174,0.8858695652173914,0.05434782608695652,0.9039470883249079,0.5659369994660972,0.408435664709023,0.5029364655632675,0.8586956521739131,0.907608695652174,0.8774456521739131,HERO PRODUCT
P467250,Instant Reset Brightening Overnight Recovery Gel-Cream With Niacinamide + Kalahari Melon Oil,Fenty Skin,35804,4.1988,166.0,45.0,Skincare,Moisturizers,Moisturizers,0,0,0,1,168.0,4.208333333333333,0.8214285714285714,0.7916666666666666,0.13690476190476192,0.8000833721059125,0.7487987186332088,0.3809396689802456,0.6016550987720235,0.8020833333333333,0.8214285714285714,0.8063244047619048,HYPE GAP
P504240,Mini Instant Reset Brightening Overnight Recovery Gel-Cream With Niacinamide + Kalahari Melon Oil,Fenty Skin,4881,4.1988,166.0,26.0,Skincare,Moisturizers,Moisturizers,0,1,0,1,168.0,4.208333333333333,0.8214285714285714,0.7916666666666666,0.13690476190476192,0.8000833721059125,0.17084890549919915,0.3809396689802456,0.25488521089161775,0.8020833333333333,0.8214285714285714,0.8063244047619048,LOW TRACTION
P469087,Flash Nap Instant Revival Priming Eye Gel-Cream With Green Tea + Persian Silk Tree,Fenty Skin,26880,3.5143,70.0,36.0,Skincare,Eye Care,Eye Creams & Treatments,0,0,0,1,70.0,3.5142857142857142,0.6142857142857143,0.5857142857142857,0.3142857142857143,0.7904317400593689,0.6828617191671116,0.1791243993593166,0.4813667912439936,0.6285714285714286,0.6142857142857143,0.6178571428571429,LOW TRACTION
P476485,Hydra Vizor Invisible Moisturizer Broad Spectrum SPF 30 Sunscreen with Niacinamide Refill,Fenty Skin,14985,4.4865,37.0,35.0,Skincare,Moisturizers,Moisturizers,0,0,0,1,37.0,4.486486486486487,0.8648648648648649,0.8378378378378378,0.10810810810810811,0.8227856539446732,0.5056059797116925,0.0605979711692472,0.3276027762947144,0.8716216216216217,0.8648648648648649,0.8645270270270271,HIDDEN GEM
P504880,Melt Awf Jelly Oil Makeup-Melting Cleanser,Fenty Skin,8214,4.0909,11.0,34.0,Skincare,Cleansers,Face Wash & Cleansers,0,1,0,1,32.0,4.625,0.875,0.875,0.09375,0.8860071044543694,0.30699412706887347,0.037907100907634814,0.199359316604378,0.90625,0.875,0.8921875,HIDDEN GEM
P248407,Ultra Repair Cream Intense Hydration,First Aid Beauty,300432,4.52,7539.0,38.0,Skincare,Moisturizers,Moisturizers,0,0,0,0,7547.0,4.5184841658937325,0.8343249427917621,0.876772227375116,0.07433417251888168,0.8154486009796084,0.99038974906567,0.9983982915109451,0.99359316604378,0.8796210414734331,0.8343249427917621,0.8656048897541844,HERO PRODUCT
P248404,Pure Skin Face Cleanser,First Aid Beauty,146805,4.3738,4727.0,24.0,Skincare,Cleansers,Face Wash & Cleansers,0,0,0,0,4729.0,4.373863396066822,0.851193499238192,0.840135335165997,0.0979065341509833,0.7743601325396275,0.9626268019220502,0.99145755472504,0.9741591030432462,0.8434658490167055,0.851193499238192,0.8452845670055452,HERO PRODUCT
P278317,Facial Radiance Pads,First Aid Beauty,127405,4.2781,2571.0,36.0,Skincare,Treatments,Facial Peels,0,0,0,0,2573.0,4.276719782355228,0.8454391891891891,0.8212203653322969,0.11154294597745822,0.7746211202637584,0.9524826481580352,0.9636946075814202,0.9569674319273891,0.8191799455888069,0.8454391891891891,0.8273637816304451,HYPE GAP
P415237,Hello FAB Coconut Skin Smoothie Priming Moisturizer,First Aid Beauty,77772,4.1988,1826.0,32.0,Skincare,Moisturizers,Moisturizers,0,0,0,0,1826.0,4.198795180722891,0.8166666666666667,0.7842278203723987,0.13636363636363635,0.8027074888461467,0.9054991991457555,0.9300587293112653,0.9153230112119595,0.7996987951807228,0.8166666666666667,0.8024685104052574,HYPE GAP
P426707,Hello FAB Coconut Water Cream,First Aid Beauty,64785,4.0009,1072.0,36.0,Skincare,Moisturizers,Moisturizers,0,0,0,0,1072.0,4.000932835820896,0.7518656716417911,0.7154850746268657,0.19309701492537312,0.798226207901131,0.8718633208756006,0.8569140416444208,0.8658836091831286,0.7502332089552239,0.7518656716417911,0.7455107276119404,HYPE GAP
P384539,Deep Cleanser with Red Clay,First Aid Beauty,37998,4.2608,1062.0,24.0,Skincare,Cleansers,Face Wash & Cleansers,0,0,0,0,1062.0,4.260828625235405,0.8444444444444444,0.8145009416195856,0.1167608286252354,0.803701255414913,0.7602776294714362,0.8539775760811532,0.797757608115323,0.8152071563088512,0.8444444444444444,0.8238724105461394,HYPE GAP
P375534,Ultra Repair Face Moisturizer,First Aid Beauty,59220,4.1964,988.0,28.0,Skincare,Moisturizers,Moisturizers,0,0,0,0,989.0,4.197168857431749,0.8027613412228797,0.7745197168857432,0.12740141557128412,0.8081705106707512,0.8579818473037907,0.8371596369460759,0.8496529631607048,0.7992922143579373,0.8027613412228797,0.7966170777965909,HYPE GAP
P393076,Ultra Repair Hydra-Firm Night Cream,First Aid Beauty,54167,4.3114,562.0,44.0,Skincare,Moisturizers,Night Creams,0,0,0,0,562.0,4.3113879003558715,0.8143459915611815,0.8096085409252669,0.10498220640569395,0.8127488496094034,0.8387613454351308,0.7277095568606513,0.794340630005339,0.8278469750889679,0.8143459915611815,0.8210609149060768,HYPE GAP
P468821,Ultra Repair Firming Collagen Cream with Peptides and Niacinamide,First Aid Beauty,60505,4.5356,534.0,44.0,Skincare,Moisturizers,Moisturizers,0,0,0,0,535.0,4.536448598130841,0.8953271028037383,0.8897196261682243,0.07663551401869159,0.7002273114387598,0.8617191671115857,0.717298451681794,0.803950880939669,0.8841121495327102,0.8953271028037383,0.8883177570093459,HERO PRODUCT
P447603,Ultra Repair Wild Oat Hydrating Toner,First Aid Beauty,54752,4.4746,531.0,24.0,Skincare,Cleansers,Toners,0,0,0,0,531.0,4.47457627118644,0.879472693032015,0.8625235404896422,0.0847457627118644,0.8469345944722285,0.8403630539241858,0.714095034703684,0.789855846235985,0.8686440677966101,0.879472693032015,0.8709745762711865,HERO PRODUCT
P441220,Ultra Repair Oat & Hemp Seed Dry Oil,First Aid Beauty,28615,4.3545,440.0,36.0,Skincare,Moisturizers,Face Oils,0,0,0,0,440.0,4.3545454545454545,0.8409090909090909,0.8181818181818182,0.10909090909090909,0.8228807711210407,0.6983449012279765,0.6513614522156967,0.6795515216230645,0.8386363636363636,0.8409090909090909,0.83625,HYPE GAP
P456994,Eye Duty Niacinamide Brightening Eye Cream,First Aid Beauty,49318,3.6735,392.0,36.0,Skincare,Eye Care,Eye Creams & Treatments,0,0,0,0,392.0,3.673469387755102,0.6709183673469388,0.6301020408163265,0.25255102040816324,0.8101218055813543,0.8264815803523758,0.6126534970635344,0.7409503470368393,0.6683673469387755,0.6709183673469388,0.6633928571428572,HYPE GAP
P500756,10% Vitamin C Brightening Serum,First Aid Beauty,16175,4.6781,351.0,50.0,Skincare,Treatments,Face Serums,0,0,0,1,351.0,4.678062678062678,0.9572649572649573,0.9515669515669516,0.03133903133903134,0.7734241397484489,0.5306994127068874,0.5843566470902296,0.5521623064602242,0.9195156695156694,0.9572649572649573,0.935648148148148,HERO PRODUCT
P455894,Ultra Repair Oil-Control Moisturizer,First Aid Beauty,24055,4.2388,289.0,36.0,Skincare,Moisturizers,Moisturizers,0,0,0,0,289.0,4.2387543252595155,0.8200692041522492,0.7889273356401384,0.1245674740484429,0.8074148798426146,0.6518953550453818,0.5285638013881474,0.602562733582488,0.8096885813148789,0.8200692041522492,0.8096885813148789,HYPE GAP
P483658,Mineral Sunscreen Zinc Oxide Broad Spectrum SPF 30,First Aid Beauty,9664,4.4878,246.0,28.0,Skincare,Sunscreen,Face Sunscreen,0,0,0,0,246.0,4.487804878048781,0.9105691056910569,0.8983739837398373,0.056910569105691054,0.5757391028331987,0.3598505072076882,0.4858515750133476,0.41025093432995197,0.8719512195121952,0.9105691056910569,0.8875000000000001,HIDDEN GEM
P467115,Facial Radiance Niacinamide Dark Spot Serum,First Aid Beauty,27888,3.6559,186.0,42.0,Skincare,Treatments,Face Serums,0,0,0,0,186.0,3.6559139784946235,0.6236559139784946,0.6075268817204301,0.2903225806451613,0.7965528051563575,0.6919380672717566,0.41217298451681794,0.5800320341697811,0.6639784946236559,0.6236559139784946,0.6434139784946236,HYPE GAP
P442713,FAB Skin Lab Retinol Eye Cream with Triple Hyaluronic Acid,First Aid Beauty,37716,3.7222,162.0,44.0,Skincare,Eye Care,Eye Creams & Treatments,0,0,0,0,162.0,3.7222222222222223,0.654320987654321,0.6481481481481481,0.2654320987654321,0.7929669737051694,0.7592098238120663,0.36972770955686063,0.603416978109984,0.6805555555555556,0.654320987654321,0.6678240740740741,HYPE GAP
P416825,FAB Skin Lab Retinol Serum 0.25% Pure Concentrate,First Aid Beauty,24816,3.9811,159.0,58.0,Skincare,Treatments,Face Serums,0,0,0,0,159.0,3.981132075471698,0.7449664429530202,0.7421383647798742,0.1761006289308176,0.794658442640579,0.6631073144687667,0.3649225840896957,0.5438334223171383,0.7452830188679245,0.7449664429530202,0.7447163479802457,HYPE GAP
P500746,Hydrating Serum with Hyaluronic Acid,First Aid Beauty,8865,4.5727,110.0,40.0,Skincare,Treatments,Face Serums,0,0,0,0,112.0,4.544642857142857,0.9196428571428571,0.9107142857142857,0.0625,0.7436540811448484,0.33208756006406837,0.2837693539775761,0.31276027762947145,0.8861607142857142,0.9196428571428571,0.8998883928571427,HIDDEN GEM
P503809,Bounce-Boosting Serum with Collagen + Peptides,First Aid Beauty,7214,4.7273,88.0,44.0,Skincare,Treatments,Face Serums,0,1,0,0,88.0,4.7272727272727275,0.9545454545454546,0.9318181818181818,0.022727272727272728,0.9166666711198872,0.2717565403096636,0.23117992525360384,0.2555258942872397,0.9318181818181819,0.9545454545454546,0.9386363636363637,HIDDEN GEM
P399656,Fab Faves To Go Kit,First Aid Beauty,10231,4.5854,82.0,30.0,Skincare,Value & Gift Sets,,0,0,0,0,83.0,4.542168674698795,0.9245283018867925,0.891566265060241,0.060240963855421686,0.7989899092777208,0.3806727175654031,0.21863320875600642,0.3158569140416444,0.8855421686746987,0.9245283018867925,0.8981416230961583,HIDDEN GEM
P461161,FAB Pharma BHA Acne Spot Treatment Gel 2% Salicylic Acid,First Aid Beauty,13002,4.2857,77.0,26.0,Skincare,Treatments,Blemish & Acne Treatments,0,0,0,0,77.0,4.285714285714286,0.8181818181818182,0.8051948051948052,0.15584415584415584,0.8392969457308451,0.46476241324079015,0.201815269620929,0.3595835557928457,0.8214285714285714,0.8181818181818182,0.8180194805194805,LOW TRACTION
P480603,2-in-1 Cleansing Oil + Makeup Remover,First Aid Beauty,9294,3.6081,74.0,26.0,Skincare,Cleansers,Face Wash & Cleansers,0,0,0,0,74.0,3.608108108108108,0.6216216216216216,0.5945945945945946,0.2972972972972973,0.7949577355593965,0.34863854778430325,0.18766684463427658,0.28424986652429257,0.652027027027027,0.6216216216216216,0.6342905405405406,LOW TRACTION
P479840,Hydrating Eye Cream with Hyaluronic Acid,First Aid Beauty,17841,3.8429,70.0,30.0,Skincare,Eye Care,Eye Creams & Treatments,0,0,0,0,70.0,3.842857142857143,0.7285714285714285,0.7,0.2,0.7586618075295101,0.5686065136145222,0.1791243993593166,0.4128136679124399,0.7107142857142857,0.7285714285714285,0.7144642857142858,LOW TRACTION
P461162,FAB Pharma White Clay Acne Treatment Pads 2% Salicylic Acid,First Aid Beauty,13624,4.5692,65.0,30.0,Skincare,Treatments,Blemish & Acne Treatments,0,0,0,0,65.0,4.569230769230769,0.9076923076923077,0.9076923076923077,0.09230769230769231,0.9242830295411367,0.4767752269087026,0.1620395088093967,0.35088093966898026,0.8923076923076922,0.9076923076923077,0.8992307692307693,HIDDEN GEM
P472031,FAB Pharma Calamine Pore Purging Mask,First Aid Beauty,14414,4.5366,41.0,30.0,Skincare,Masks,Face Masks,0,0,0,0,41.0,4.536585365853658,0.8536585365853658,0.8048780487804879,0.04878048780487805,0.8982345510274172,0.4938601174586225,0.0798184730379071,0.32824345969033636,0.8841463414634145,0.8536585365853658,0.863109756097561,HIDDEN GEM
P440981,Age Adapting CBD Serum,Flora + Bast,13007,4.6158,177.0,77.0,Skincare,Treatments,Face Serums,0,0,1,1,177.0,4.6158192090395485,0.8813559322033898,0.8757062146892656,0.07344632768361582,0.8373021185398102,0.4655632674853177,0.39829151094500803,0.4386545648691938,0.9039548022598871,0.8813559322033898,0.8929378531073447,HIDDEN GEM
P433453,LUNA fofo,FOREO,9822,2.888,241.0,89.0,Skincare,High Tech Tools,Facial Cleansing Brushes,0,0,0,0,241.0,2.887966804979253,0.45643153526970953,0.43983402489626555,0.4854771784232365,0.7446537252242972,0.36572343833422316,0.4789108382274426,0.41099839829151097,0.47199170124481327,0.45643153526970953,0.4625,LOW TRACTION
P461935,BEAR Facial Toning Device,FOREO,11753,4.4236,229.0,329.0,Skincare,High Tech Tools,Anti-Aging,0,0,1,0,229.0,4.423580786026201,0.9170305676855895,0.8777292576419214,0.07860262008733625,0.8368251285491846,0.4271222637479979,0.46769887880405764,0.44335290977042174,0.8558951965065502,0.9170305676855895,0.8775109170305677,HIDDEN GEM
P419633,ESPADA Blue Light Acne Treatment,FOREO,17954,3.8873,142.0,159.0,Skincare,Treatments,Blemish & Acne Treatments,0,0,0,1,142.0,3.887323943661972,0.7920792079207921,0.7183098591549296,0.19718309859154928,0.707859872529904,0.5723438334223171,0.3368926855312333,0.47816337426588357,0.721830985915493,0.7920792079207921,0.7423772835029983,LOW TRACTION
P461936,BEAR mini Facial Toning Device,FOREO,7401,4.1228,114.0,219.0,Skincare,High Tech Tools,Anti-Aging,0,0,0,0,114.0,4.12280701754386,0.8421052631578947,0.7894736842105263,0.09649122807017543,0.619538351893425,0.2797650827549386,0.28670581954084357,0.2825413774693006,0.7807017543859649,0.8421052631578947,0.8004385964912281,LOW TRACTION
P454821,LUNA Mini 3,FOREO,16929,3.8785,107.0,179.0,Skincare,High Tech Tools,Facial Cleansing Brushes,0,0,0,0,107.0,3.878504672897196,0.7476635514018691,0.7102803738317757,0.18691588785046728,0.8252811463106247,0.5461825947677522,0.27282434596903365,0.4368392952482648,0.719626168224299,0.7476635514018691,0.7266355140186915,LOW TRACTION
P405827,IRIS Illuminating Eye Massager,FOREO,10363,3.5,60.0,149.0,Skincare,Eye Care,Eye Creams & Treatments,0,0,0,0,60.0,3.5,0.6538461538461539,0.6333333333333333,0.3333333333333333,0.7415787364045779,0.38761345435130806,0.14548852108916177,0.29076348104644956,0.625,0.6538461538461539,0.6349038461538461,LOW TRACTION
P502848,LUNA 4 go Facial Cleansing & Massaging Device,FOREO,2761,4.8113,53.0,129.0,Skincare,High Tech Tools,Facial Cleansing Brushes,0,0,0,0,53.0,4.811320754716981,0.9433962264150944,0.9622641509433962,0.03773584905660377,0.7855769223891772,0.08595835557928456,0.12466631073144688,0.10144153764014949,0.9528301886792452,0.9433962264150944,0.9514150943396227,HIDDEN GEM
P468652,UFO 2,FOREO,12668,4.3947,38.0,299.0,Skincare,High Tech Tools,Anti-Aging,0,0,0,0,38.0,4.394736842105263,0.868421052631579,0.868421052631579,0.10526315789473684,0.8367589172479268,0.4548852108916177,0.06673785371062467,0.29962626801922043,0.8486842105263157,0.868421052631579,0.8575657894736841,HIDDEN GEM
P469862,Rich Bitch Cactus + Vitamin C Moisturizer,Freck Beauty,17528,4.3784,222.0,34.0,Skincare,Moisturizers,Moisturizers,0,0,0,0,223.0,4.381165919282512,0.8699551569506726,0.8430493273542601,0.09417040358744394,0.804517638464432,0.5600640683395622,0.4596903363587827,0.5199145755472504,0.8452914798206279,0.8699551569506726,0.8523542600896862,HERO PRODUCT
P469818,Cactus Water Cleansing Lactic Acid Toner,Freck Beauty,10510,4.5311,209.0,32.0,Skincare,Cleansers,Toners,0,0,0,0,209.0,4.5311004784688995,0.9234449760765551,0.8995215311004785,0.05263157894736842,0.8379224155780295,0.39241857981847306,0.44607581420181525,0.41388147357180993,0.8827751196172249,0.9234449760765551,0.8974880382775121,HIDDEN GEM
P7880,Soy Hydrating Gentle Face Cleanser,fresh,282865,4.3628,8733.0,39.0,Skincare,Cleansers,Face Wash & Cleansers,0,0,0,0,8736.0,4.362637362637362,0.8327635327635328,0.8356227106227107,0.09615384615384616,0.761184243760495,0.9887880405766151,0.999466097170315,0.9930592632140951,0.8406593406593406,0.8327635327635328,0.8375351037851038,HYPE GAP
P302103,Sugar Advanced Lip Balm Intense Hydration Treatment,fresh,125611,4.2837,2957.0,28.0,Skincare,Lip Balms & Treatments,,0,0,0,0,2958.0,4.283975659229209,0.7872174590802806,0.8096686950642326,0.12745098039215685,0.7773503700431701,0.9503470368392952,0.9706353443673251,0.9584623598505072,0.8209939148073022,0.7872174590802806,0.8091621951277354,HYPE GAP
P12336,Rose Face Mask,fresh,125801,4.1887,2411.0,64.0,Skincare,Masks,Face Masks,0,0,0,0,2411.0,4.188718374118623,0.8299319727891157,0.7847366238075487,0.12235586893405226,0.7614586280115199,0.9508809396689802,0.9530165509877202,0.9517351841964763,0.7971795935296557,0.8299319727891157,0.8051388618491776,HYPE GAP
P421243,Sugar Hydrating Lip Balm,fresh,132861,4.1991,2200.0,19.0,Skincare,Lip Balms & Treatments,,0,0,0,0,2200.0,4.199545454545454,0.7946428571428571,0.774090909090909,0.11727272727272728,0.7861177012056648,0.9556860651361452,0.9468766684463428,0.9521623064602243,0.7998863636363636,0.7946428571428571,0.7944439935064935,HYPE GAP
P500633,Tea Elixir Niacinamide & Hyaluronic Acid Anti-Aging Serum,fresh,21533,4.7724,1872.0,80.0,Skincare,Treatments,Face Serums,0,0,0,0,1872.0,4.772435897435898,0.9722222222222222,0.9647435897435898,0.009081196581196582,0.48602303721010687,0.6198611852642819,0.9327282434596903,0.7450080085424453,0.9431089743589745,0.9722222222222222,0.9550881410256411,HERO PRODUCT
P471237,Rose & Hyaluronic Acid Deep Hydration Moisturizer,fresh,52868,4.5877,1807.0,46.0,Skincare,Moisturizers,Moisturizers,0,0,0,0,1809.0,4.587064676616915,0.9115533443891652,0.9071310116086235,0.055279159756771695,0.7606417033104942,0.8360918312867058,0.9295248264815803,0.8734650293646556,0.8967661691542288,0.9115533443891652,0.9027570480928689,HERO PRODUCT
P440312,Lotus Anti-Aging Night Moisturizer,fresh,103629,4.4843,1687.0,56.0,Skincare,Moisturizers,Moisturizers,0,0,0,0,1687.0,4.484291641967991,0.8838174273858921,0.8689982216953172,0.06342620035566093,0.8078352028004945,0.9337960491190603,0.9233849439402029,0.9296316070475175,0.8710729104919976,0.8838174273858921,0.8745850622406639,HERO PRODUCT
P503936,Black Tea Anti-Aging Moisturizer with Retinol-Alternative BT Matrix,fresh,6292,4.8434,1386.0,95.0,Skincare,Moisturizers,Moisturizers,0,0,0,0,1389.0,4.843772498200144,0.9840348330914369,0.9841612670986322,0.0021598272138228943,0.5925757633014159,0.2359850507207688,0.8964228510411105,0.5001601708489055,0.9609431245500359,0.9840348330914369,0.9713533584947458,HERO PRODUCT
P417936,Rose & Hyaluronic Acid Deep Hydration Toner,fresh,159149,4.1636,1351.0,46.0,Skincare,Cleansers,Toners,0,0,0,0,1353.0,4.164818920916482,0.7801003344481605,0.7723577235772358,0.1433850702143385,0.7679325958133616,0.9642285104111051,0.8910838227442606,0.9349706353443674,0.7912047302291205,0.7801003344481605,0.7850463604970498,HYPE GAP
P445827,Sugar Strawberry Exfoliating Face Wash,fresh,61862,4.1597,1259.0,33.0,Skincare,Cleansers,Face Wash & Cleansers,0,0,0,0,1260.0,4.160317460317461,0.807936507936508,0.7857142857142857,0.12777777777777777,0.5169584114255944,0.8643886812600107,0.8830752802989856,0.8718633208756006,0.7900793650793652,0.807936507936508,0.7947817460317461,HYPE GAP
P442858,Rose Deep Hydration Sleeping Mask,fresh,44288,4.4586,1232.0,29.0,Skincare,Masks,Face Masks,0,0,0,0,1232.0,4.458603896103896,0.9228896103896104,0.8936688311688312,0.037337662337662336,0.24283334791874714,0.804591564335291,0.8785371062466631,0.8341697810998399,0.864650974025974,0.9228896103896104,0.8864752435064935,HERO PRODUCT
P500777,Sugar Lip Balm Hydrating Treatment,fresh,41928,4.5244,1148.0,25.0,Skincare,Lip Balms & Treatments,,0,0,0,0,1150.0,4.522608695652174,0.9,0.8895652173913043,0.08521739130434783,0.6472802393903297,0.789642285104111,0.8681260010678057,0.8210357714895888,0.8806521739130435,0.9,0.8877934782608696,HERO PRODUCT
P479841,Floral Recovery Overnight Mask with Squalane,fresh,30022,4.797,1128.0,69.0,Skincare,Masks,Face Masks,0,0,0,0,1128.0,4.796985815602837,0.975177304964539,0.973404255319149,0.015070921985815602,0.5803286253759892,0.7111585691404164,0.8654564869193807,0.7728777362520022,0.9492464539007093,0.975177304964539,0.9606493794326241,HERO PRODUCT
P12295,Sugar Face Polish Exfoliator,fresh,78005,4.5196,1070.0,64.0,Skincare,Cleansers,Exfoliators,0,0,0,0,1070.0,4.519626168224299,0.8587257617728532,0.891588785046729,0.0691588785046729,0.8189183391358067,0.9060331019754405,0.8558462359850507,0.8859583555792846,0.8799065420560748,0.8587257617728532,0.8753046444197063,HERO PRODUCT
P454378,Lotus Anti- Aging Daily Moisturizer,fresh,52999,4.3963,1070.0,54.0,Skincare,Moisturizers,Moisturizers,0,0,0,0,1070.0,4.396261682242991,0.8859813084112149,0.8616822429906542,0.07476635514018691,0.8472706902223502,0.8366257341163909,0.8558462359850507,0.8443139348638548,0.8490654205607477,0.8859813084112149,0.8620327102803739,HERO PRODUCT
P457005,Rose & Squalane Deep Hydration Oil-Infused Serum,fresh,55320,4.5838,978.0,60.0,Skincare,Treatments,Face Serums,0,0,0,0,979.0,4.584269662921348,0.933605720122574,0.9121552604698672,0.0296220633299285,0.7797852541761334,0.8457020822210358,0.8344901227976508,0.8412172984516818,0.896067415730337,0.933605720122574,0.9097420837589376,HERO PRODUCT
P39970,Rose Floral Toner,fresh,80841,4.1067,937.0,15.0,Skincare,Cleansers,Toners,0,0,0,0,937.0,4.106723585912487,0.7588832487309645,0.7566702241195304,0.13233724653148346,0.7374092363777326,0.9103043246129204,0.8235451147891084,0.8756006406833956,0.7766808964781218,0.7588832487309645,0.7683400013001859,HYPE GAP
P217513,Black Tea Instant Perfecting Mask,fresh,65834,4.2919,908.0,96.0,Skincare,Masks,Face Masks,0,0,0,0,908.0,4.291850220264317,0.8739130434782608,0.8259911894273128,0.09691629955947137,0.7242550616022907,0.8766684463427656,0.8147357180993059,0.8518953550453817,0.8229625550660793,0.8739130434782608,0.8387019967439189,HERO PRODUCT
P454396,Lotus Youth Preserve Eye Cream,fresh,21612,4.4037,763.0,45.0,Skincare,Eye Care,Eye Creams & Treatments,0,0,0,0,763.0,4.4036697247706424,0.90956749672346,0.8807339449541285,0.03014416775884666,0.8303294985006887,0.6214628937533369,0.7901761879337961,0.6889482114255205,0.8509174311926606,0.90956749672346,0.8729849279161206,HERO PRODUCT
P466122,Kombucha 2-in-1 No-Rinse Cleanser & Prebiotic Treatment,fresh,8957,4.426,716.0,44.0,Skincare,Cleansers,Face Wash & Cleansers,0,0,0,0,716.0,4.425977653631285,0.9245810055865922,0.8840782122905028,0.029329608938547486,0.7076798420637211,0.3379604911906033,0.7824345969033636,0.5157501334757074,0.8564944134078212,0.9245810055865922,0.8810579608938548,HERO PRODUCT
P457517,Rose Petal-Soft Deep Hydration Lip Balm,fresh,28208,4.3891,699.0,25.0,Skincare,Lip Balms & Treatments,,0,0,0,0,699.0,4.3891273247496425,0.8626609442060086,0.8555078683834049,0.058655221745350504,0.7652926916798083,0.6951414842498665,0.7736252002135612,0.7265349706353444,0.8472818311874106,0.8626609442060086,0.8531294706723892,HERO PRODUCT
P384778,Black Tea Firming and De-Puffing Eye Cream,fresh,58657,3.8768,609.0,68.0,Skincare,Eye Care,Eye Creams & Treatments,0,0,0,0,610.0,3.878688524590164,0.6839080459770115,0.6918032786885245,0.20491803278688525,0.7491493503544521,0.8563801388147357,0.7439935931660437,0.811425520555259,0.719672131147541,0.6839080459770115,0.7047625777275297,HYPE GAP
P474832,Sugar Recovery Lip Mask Advanced Therapy,fresh,21441,4.6973,598.0,28.0,Skincare,Lip Balms & Treatments,,0,0,0,0,600.0,4.693333333333333,0.945,0.94,0.03833333333333333,0.7520825373389388,0.6179925253603844,0.7397223705285638,0.6666844634276561,0.9233333333333333,0.945,0.9323333333333333,HERO PRODUCT
P442003,Sugar Mint Rush Freshening Lip Treatment,fresh,26121,4.0833,528.0,25.0,Skincare,Lip Balms & Treatments,,0,0,0,0,528.0,4.083333333333333,0.7916666666666666,0.7708333333333334,0.13636363636363635,0.4842597784197077,0.6727175654030967,0.710891617725574,0.6879871863320877,0.7708333333333333,0.7916666666666666,0.7770833333333332,HYPE GAP
P426080,Lotus Youth Preserve Rescue Mask,fresh,33687,4.351,490.0,69.0,Skincare,Masks,Face Masks,0,0,0,0,490.0,4.351020408163265,0.863265306122449,0.8530612244897959,0.11428571428571428,0.7493820562958717,0.7378537106246663,0.6876668446342765,0.7177789642285104,0.8377551020408163,0.863265306122449,0.847704081632653,HERO PRODUCT
P391799,Black Tea Firming Overnight Mask,fresh,73168,4.1369,482.0,96.0,Skincare,Masks,Face Masks,0,0,0,0,482.0,4.136929460580913,0.8227272727272728,0.7593360995850622,0.16804979253112035,0.771229427207432,0.8932194340630005,0.6801922050186866,0.808008542445275,0.7842323651452283,0.8227272727272728,0.7920463975858167,HYPE GAP
P420158,Vitamin C Glow Moisturizer,fresh,36763,4.2411,419.0,48.0,Skincare,Moisturizers,Moisturizers,0,0,0,0,419.0,4.241050119331742,0.8052631578947368,0.7899761336515513,0.11933174224343675,0.7441536592999975,0.7538707955152162,0.6350774159103043,0.7063534436732515,0.8102625298329356,0.8052631578947368,0.8057197588242683,HYPE GAP
P436353,Mini Rose & Hyaluronic Acid Deep Hydration Toner,fresh,65185,4.125,336.0,26.0,Skincare,Mini Size,,0,0,0,0,337.0,4.12759643916914,0.7833827893175074,0.7685459940652819,0.1543026706231454,0.8300449944850875,0.8756006406833956,0.5718099305926322,0.7540843566470902,0.7818991097922849,0.7833827893175074,0.7803412462908011,HYPE GAP
P448192,Mini Sugar Strawberry Exfoliating Face Wash,fresh,25388,3.8956,182.0,15.0,Skincare,Mini Size,,0,0,0,0,183.0,3.8852459016393444,0.7158469945355191,0.6830601092896175,0.18032786885245902,0.7350427300597613,0.6687132941804591,0.40603310197544046,0.5636412172984516,0.7213114754098361,0.7158469945355191,0.7139344262295082,HYPE GAP
P449158,Mini Lotus Anti-Aging Night Moisturizer,fresh,34666,3.9935,154.0,22.0,Skincare,Mini Size,,0,0,0,0,155.0,3.9935483870967743,0.6774193548387096,0.6451612903225806,0.13548387096774195,0.7875833298265934,0.7442605445808863,0.3569140416444207,0.5893219434063001,0.7483870967741936,0.6774193548387096,0.7116129032258065,HYPE GAP
P481703,Black Tea Corset Cream Firming Moisturizer,fresh,3371,4.0065,153.0,95.0,Skincare,Moisturizers,Moisturizers,0,0,0,0,153.0,4.006535947712418,0.6915887850467289,0.7189542483660131,0.20915032679738563,0.7928601827097032,0.11318739989321944,0.3542445274959957,0.20961025093432994,0.7516339869281046,0.6915887850467289,0.7287184655793781,LOW TRACTION
P450211,Mini Vitamin Nectar Glow Juice Antioxidant Face Serum,fresh,38157,3.9926,136.0,28.0,Skincare,Mini Size,,0,0,0,0,137.0,3.9708029197080292,0.7153284671532847,0.6788321167883211,0.16058394160583941,0.7504176941001788,0.7629471436198612,0.32648158035237584,0.5883609183128671,0.7427007299270073,0.7153284671532847,0.7249087591240876,HYPE GAP
P403748,Black Tea Corset Firming Serum,fresh,15355,3.901,101.0,75.0,Skincare,Treatments,Face Serums,0,0,1,0,102.0,3.911764705882353,0.7105263157894737,0.6764705882352942,0.21568627450980393,0.7561186173498028,0.5152162306460224,0.2642819006940737,0.4148424986652429,0.7279411764705882,0.7105263157894737,0.7149961300309597,LOW TRACTION
P454395,Mini Lotus Youth Preserve Moisturizer,fresh,16661,3.7733,75.0,21.0,Skincare,Mini Size,,0,0,0,0,75.0,3.7733333333333334,0.7333333333333333,0.68,0.22666666666666666,0.7883869806038482,0.5413774693005873,0.19220501868659903,0.401708489054992,0.6933333333333334,0.7333333333333333,0.7033333333333333,LOW TRACTION
P450210,Vitamin Nectar Glow Juice Antioxidant Face Serum,fresh,3789,3.9714,70.0,28.0,Skincare,Treatments,Face Serums,0,0,0,0,70.0,3.9714285714285715,0.7142857142857143,0.7,0.21428571428571427,0.8543093107751946,0.12867058195408435,0.1791243993593166,0.14885210891617723,0.7428571428571429,0.7142857142857143,0.7278571428571429,LOW TRACTION
P439626,Black Tea Firming Eye Serum,fresh,14953,3.7619,63.0,72.0,Skincare,Eye Care,Eye Creams & Treatments,0,0,0,0,63.0,3.761904761904762,0.6349206349206349,0.6190476190476191,0.23809523809523808,0.7858690073893916,0.5040042712226375,0.15509877202349173,0.36444207154297914,0.6904761904761905,0.6349206349206349,0.6630952380952381,LOW TRACTION
P472466,Mini Rose & Hyaluronic Acid Deep Hydration Moisturizer,fresh,22152,3.9808,52.0,18.0,Skincare,Moisturizers,Moisturizers,0,0,0,0,52.0,3.980769230769231,0.7115384615384616,0.6923076923076923,0.19230769230769232,0.7364479973912239,0.6284036305392419,0.1203950880939669,0.42520021356113186,0.7451923076923077,0.7115384615384616,0.7271634615384616,LOW TRACTION
P432256,Mini Black Tea Instant Perfecting Mask,fresh,9725,4.3571,28.0,40.0,Skincare,Mini Size,,0,0,0,0,28.0,4.357142857142857,0.7857142857142857,0.8214285714285714,0.07142857142857142,0.7143601723946631,0.3619861185264282,0.01788574479444741,0.22434596903363588,0.8392857142857142,0.7857142857142857,0.8205357142857143,LOW TRACTION
P505233,Honey Infused Lip Oil,Gisou,547,4.9474,19.0,32.0,Skincare,Lip Balms & Treatments,,0,1,0,0,81.0,4.901234567901234,0.9753086419753086,0.9876543209876543,0.0,0.9583333730697632,0.012279765082754938,0.21169247197010144,0.09204484783769355,0.9753086419753085,0.9753086419753086,0.9771604938271605,HIDDEN GEM
P281835,GLO Brilliant White Smile - At Home Teeth Whitening Device,GLO Science,95949,3.9987,779.0,159.0,Skincare,Value & Gift Sets,,0,0,0,0,779.0,3.998716302952503,0.7567567567567568,0.7509627727856226,0.18741976893453144,0.7793654465312628,0.9273892151628403,0.791777896422851,0.8731446876668446,0.7496790757381258,0.7567567567567568,0.7519949346008395,HYPE GAP
P404465,GLO Lit Teeth Whitening Vials 3 Pack,GLO Science,35507,4.1409,149.0,24.0,Skincare,High Tech Tools,Teeth Whitening,0,0,1,1,149.0,4.140939597315437,0.825503355704698,0.8053691275167785,0.1342281879194631,0.8043689935926407,0.7474639615589963,0.3478376935397758,0.5876134543513081,0.7852348993288591,0.825503355704698,0.8003355704697988,HYPE GAP
P395389,GLO Brilliant Teeth Whitening GLO Vials 10 Pack plus Lip Care,GLO Science,16148,4.4211,133.0,65.0,Skincare,High Tech Tools,Teeth Whitening,0,0,1,0,133.0,4.421052631578948,0.8859649122807017,0.849624060150376,0.07518796992481203,0.8072486166115646,0.5301655098772023,0.3184730379071009,0.4454885210891618,0.855263157894737,0.8859649122807017,0.8636278195488722,HIDDEN GEM
P399755,GLO Lit Teeth Whitening Vials 7 Pack + Lip Care,GLO Science,17417,4.3917,120.0,49.0,Skincare,High Tech Tools,Teeth Whitening,0,0,1,1,120.0,4.391666666666667,0.8833333333333333,0.8583333333333333,0.075,0.7834463992944131,0.5584623598505072,0.297116924719701,0.4539241857981847,0.8479166666666667,0.8833333333333333,0.8601041666666667,HIDDEN GEM
P472467,GLO to Go Teeth Whitening Pen,GLO Science,8059,4.4889,90.0,25.0,Skincare,High Tech Tools,Teeth Whitening,0,0,1,0,90.0,4.488888888888889,0.8888888888888888,0.8666666666666667,0.1,0.6505369318383081,0.3032568072610785,0.23545114789108382,0.27613454351308064,0.8722222222222222,0.8888888888888888,0.876388888888889,HIDDEN GEM
P504523,Futuredew Facial Oil-Serum Hybrid,Glossier,17832,3.9651,86.0,26.0,Skincare,Moisturizers,Face Oils,0,1,0,1,99.0,3.888888888888889,0.7777777777777778,0.6868686868686869,0.1717171717171717,0.7691184804763322,0.5675387079551522,0.2546716497597437,0.44239188467698876,0.7222222222222222,0.7777777777777778,0.7335858585858586,LOW TRACTION
P504524,Milky Jelly Gentle Gel Face Cleanser,Glossier,10558,4.0877,57.0,19.0,Skincare,Cleansers,Face Wash & Cleansers,0,1,0,1,66.0,3.9696969696969697,0.7575757575757576,0.7121212121212122,0.15151515151515152,0.7650895386170118,0.394554191137213,0.16524292578750668,0.3028296849973305,0.7424242424242424,0.7575757575757576,0.7424242424242424,LOW TRACTION
P504794,After Baume Moisture Barrier Recovery Cream,Glossier,9402,4.1429,42.0,28.0,Skincare,Moisturizers,Moisturizers,0,1,0,1,47.0,4.085106382978723,0.7659574468085106,0.7659574468085106,0.19148936170212766,0.7976490688878436,0.35344367325146825,0.10250934329951948,0.2530699412706887,0.7712765957446808,0.7659574468085106,0.7688829787234042,LOW TRACTION
P458219,Watermelon Glow PHA + BHA Pore-Tight Toner,Glow Recipe,252846,4.3728,3305.0,34.0,Skincare,Cleansers,Toners,0,0,0,1,3321.0,4.369165913881361,0.8566696778078892,0.8386028304727492,0.08822643781993375,0.7768886483970457,0.984516817939135,0.9789108382274426,0.982274426054458,0.8422914784703404,0.8566696778078892,0.8460516410719664,HERO PRODUCT
P467762,Mini Watermelon Glow PHA + BHA Pore-Tight Toner,Glow Recipe,111141,4.3728,3305.0,15.0,Skincare,Mini Size,,0,0,0,0,3321.0,4.369165913881361,0.8566696778078892,0.8386028304727492,0.08822643781993375,0.7768886483970457,0.9407367859049653,0.9789108382274426,0.9560064068339562,0.8422914784703404,0.8566696778078892,0.8460516410719664,HERO PRODUCT
P466123,Watermelon Glow Niacinamide Dew Drops,Glow Recipe,389213,4.3975,2136.0,35.0,Skincare,Treatments,Face Serums,0,0,0,1,2200.0,4.406363636363636,0.8663636363636363,0.8472727272727273,0.09454545454545454,0.7071045193570493,0.9951948745328351,0.9468766684463428,0.9758675920982381,0.8515909090909091,0.8663636363636363,0.855375,HERO PRODUCT
P428819,Watermelon Pink Juice Oil-Free Moisturizer,Glow Recipe,162336,3.9995,1927.0,39.0,Skincare,Moisturizers,Moisturizers,0,0,0,1,1930.0,3.9968911917098446,0.7373056994818653,0.7108808290155441,0.18082901554404146,0.7698433077984157,0.9652963160704752,0.9356647090229578,0.9534436732514682,0.7492227979274612,0.7373056994818653,0.7398963730569948,HYPE GAP
P462699,Plum Plump Hyaluronic Acid Serum,Glow Recipe,159339,4.4249,1918.0,45.0,Skincare,Treatments,Face Serums,0,0,0,1,1921.0,4.4252993232691304,0.8745445080687142,0.8511192087454451,0.07235814679854242,0.625740679114668,0.9647624132407902,0.9348638547784304,0.9528029898558462,0.8563248308172826,0.8745445080687142,0.8610098906819365,HERO PRODUCT
P447791,Avocado Fine Line Eye Cream with Retinol,Glow Recipe,176653,4.1087,1886.0,42.0,Skincare,Eye Care,Eye Masks,0,0,0,1,1890.0,4.104761904761904,0.782010582010582,0.7592592592592593,0.14708994708994708,0.6172472693493151,0.9701014415376401,0.9332621462893753,0.9553657234383341,0.7761904761904761,0.782010582010582,0.7753968253968254,HYPE GAP
P479327,Plum Plump Hyaluronic Acid Moisturizer,Glow Recipe,146036,4.4624,1449.0,39.0,Skincare,Moisturizers,Moisturizers,0,0,0,1,1458.0,4.463648834019204,0.8758573388203018,0.8587105624142661,0.0747599451303155,0.749535486439489,0.9620928990923652,0.902562733582488,0.9382808328884142,0.865912208504801,0.8758573388203018,0.867815500685871,HERO PRODUCT
P500472,Mini Plum Plump Hyaluronic Acid Moisturizer,Glow Recipe,26404,4.4624,1449.0,21.0,Skincare,Mini Size,,0,0,0,1,1458.0,4.463648834019204,0.8758573388203018,0.8587105624142661,0.0747599451303155,0.749535486439489,0.6791243993593166,0.902562733582488,0.7684997330485852,0.865912208504801,0.8758573388203018,0.867815500685871,HERO PRODUCT
P460516,Papaya Sorbet Smoothing Enzyme Cleansing Balm & Makeup Remover,Glow Recipe,87376,4.1989,1428.0,32.0,Skincare,Cleansers,Face Wash & Cleansers,0,0,0,1,1428.0,4.1988795518207285,0.8088235294117647,0.7864145658263305,0.12745098039215685,0.7488442448303179,0.9151094500800854,0.9001601708489055,0.9091297383876134,0.7997198879551821,0.8088235294117647,0.8004551820728292,HYPE GAP
P470529,Avocado Soothing Skin Barrier Serum with Ceramides,Glow Recipe,112842,4.471,1412.0,45.0,Skincare,Treatments,Face Serums,0,0,0,1,1417.0,4.472829922371207,0.8743824982357092,0.8609738884968243,0.08045165843330981,0.7291685062852628,0.9428723972237053,0.8980245595301655,0.9249332621462893,0.8682074805928017,0.8743824982357092,0.8689749470712773,HERO PRODUCT
P481989,Watermelon Glow Niacinamide Sunscreen SPF 50,Glow Recipe,64453,3.761,1293.0,35.0,Skincare,Sunscreen,Face Sunscreen,0,0,0,1,1295.0,3.7583011583011583,0.654054054054054,0.6378378378378379,0.25405405405405407,0.7738592509717482,0.8702616123865456,0.8862786972770955,0.8766684463427656,0.6895752895752896,0.654054054054054,0.6711583011583012,HYPE GAP
P436359,Blueberry Bounce Gentle Cleanser,Glow Recipe,72289,3.8103,1065.0,34.0,Skincare,Cleansers,Face Wash & Cleansers,0,0,0,1,1065.0,3.8103286384976527,0.6816901408450704,0.647887323943662,0.231924882629108,0.7447570318423158,0.8905499199145755,0.8547784303256807,0.8762413240790177,0.7025821596244132,0.6816901408450704,0.6881103286384976,HYPE GAP
P455236,Glow Lip Pop Lip Balm,Glow Recipe,73756,4.5778,1047.0,22.0,Skincare,Lip Balms & Treatments,,0,0,0,1,1049.0,4.574833174451859,0.9161105815061964,0.90371782650143,0.044804575786463297,0.758515140252326,0.8948211425520555,0.8510411105178858,0.8773091297383876,0.8937082936129648,0.9161105815061964,0.901930409914204,HERO PRODUCT
P482535,Strawberry Smooth BHA + AHA Salicylic Acid Serum,Glow Recipe,118258,4.5439,1024.0,42.0,Skincare,Treatments,Face Serums,0,0,0,1,1027.0,4.541382667964946,0.9074975657254138,0.8938656280428432,0.06621226874391431,0.7097832807518554,0.9450080085424453,0.8457020822210358,0.9052856380138815,0.8853456669912365,0.9074975657254138,0.8932692307692308,HERO PRODUCT
P442744,Watermelon Glow Ultra-Fine Mist,Glow Recipe,120381,4.1552,992.0,29.0,Skincare,Moisturizers,Mists & Essences,0,0,0,1,992.0,4.155241935483871,0.7913306451612904,0.7671370967741935,0.13205645161290322,0.7658092026077148,0.9466097170315003,0.8376935397757608,0.9030432461292044,0.7888104838709677,0.7913306451612904,0.7863155241935484,HYPE GAP
P472468,Watermelon Glow Hyaluronic Clay Pore-Tight Facial Mask,Glow Recipe,76226,4.5912,981.0,40.0,Skincare,Masks,Face Masks,0,0,0,1,982.0,4.591649694501018,0.9389002036659878,0.9175152749490835,0.0274949083503055,0.737059893890782,0.9012279765082755,0.8350240256273358,0.8747463961558996,0.8979124236252545,0.9389002036659878,0.9131491853360488,HERO PRODUCT
P501760,Guava Vitamin C Bright-Eye Gel Cream,Glow Recipe,72173,4.5109,914.0,38.0,Skincare,Eye Care,Eye Creams & Treatments,0,0,0,1,923.0,4.487540628385699,0.8819068255687974,0.8689057421451788,0.08125677139761647,0.7712815960582632,0.8900160170848905,0.8208756006406834,0.8623598505072076,0.8718851570964248,0.8819068255687974,0.8744447453954498,HERO PRODUCT
P475543,Guava Vitamin C Dark Spot Treatment Serum,Glow Recipe,106447,4.2613,750.0,45.0,Skincare,Treatments,Face Serums,0,0,0,1,750.0,4.261333333333333,0.8146666666666667,0.7986666666666666,0.13333333333333333,0.7077035669649743,0.9375333689268553,0.7880405766150561,0.8777362520021357,0.8153333333333332,0.8146666666666667,0.8126333333333333,HYPE GAP
P501254,Watermelon Glow AHA Night Treatment,Glow Recipe,46292,4.6795,730.0,40.0,Skincare,Treatments,Facial Peels,0,0,0,1,734.0,4.67574931880109,0.9373297002724795,0.9332425068119891,0.039509536784741145,0.7822361761818126,0.8126001067805659,0.785904965296316,0.801922050186866,0.9189373297002725,0.9373297002724795,0.9266008174386922,HERO PRODUCT
P503634,Avocado Ceramide Moisture Barrier Cleanser,Glow Recipe,30873,4.4387,620.0,28.0,Skincare,Cleansers,Face Wash & Cleansers,0,1,0,1,630.0,4.425396825396826,0.8887122416534181,0.8682539682539683,0.06349206349206349,0.6448312220858856,0.7164975974372664,0.7565403096636412,0.7325146823278164,0.8563492063492064,0.8887122416534181,0.8678438312261842,HERO PRODUCT
P504125,Strawberry BHA Pore-Smooth Blur Drops,Glow Recipe,31946,4.686,535.0,32.0,Skincare,Treatments,Face Serums,0,1,0,1,552.0,4.661231884057971,0.9565217391304348,0.9402173913043478,0.02717391304347826,0.7311981555791528,0.7250400427122263,0.7221035771489589,0.7238654564869194,0.9153079710144927,0.9565217391304348,0.9314085144927536,HERO PRODUCT
P435386,Mini Watermelon Pink Juice Oil-Free Moisturizer,Glow Recipe,69635,3.7555,409.0,21.0,Skincare,Mini Size,,0,0,0,0,410.0,3.7585365853658534,0.651219512195122,0.6121951219512195,0.2121951219512195,0.8011376463429897,0.8857447944474106,0.6292044847837693,0.7831286705819541,0.6896341463414634,0.651219512195122,0.6664939024390244,HYPE GAP
P441323,Mini Blueberry Bounce Gentle Cleanser,Glow Recipe,47027,3.7057,316.0,10.0,Skincare,Mini Size,,0,0,0,1,318.0,3.70125786163522,0.6572327044025157,0.6226415094339622,0.24528301886792453,0.8139697930871926,0.8152696209289909,0.5603310197544047,0.7132941804591564,0.675314465408805,0.6572327044025157,0.6619889937106919,HYPE GAP
P504171,Fruit Babies Bestsellers Kit,Glow Recipe,57316,4.6339,183.0,34.0,Skincare,Value & Gift Sets,,0,0,0,1,190.0,4.636842105263158,0.9470899470899471,0.9315789473684211,0.03684210526315789,0.763526613666461,0.8542445274959958,0.4183128670581954,0.6798718633208756,0.9092105263157895,0.9470899470899471,0.9239296157059316,HERO PRODUCT
P504325,Glowy Skin Prep Besties Set,Glow Recipe,26624,4.875,112.0,52.0,Skincare,Value & Gift Sets,,1,1,0,1,116.0,4.853448275862069,0.9827586206896551,0.9741379310344828,0.008620689655172414,0.8352713023507318,0.6812600106780566,0.29017618793379607,0.5248264815803524,0.9633620689655173,0.9827586206896551,0.9707974137931036,HERO PRODUCT
P504849,Plumping Power Duo,Glow Recipe,12092,4.8454,97.0,54.0,Skincare,Value & Gift Sets,,1,1,0,1,98.0,4.836734693877551,0.9897959183673469,0.9591836734693877,0.0,0.8333333333333334,0.4380672717565403,0.25253603844100375,0.36385477843032565,0.9591836734693877,0.9897959183673469,0.9683673469387755,HIDDEN GEM
P456213,GOOPGLOW Microderm Instant Glow Exfoliator,goop,17838,4.4821,2128.0,125.0,Skincare,Cleansers,Exfoliators,0,0,0,0,2128.0,4.482142857142857,0.9008458646616542,0.8881578947368421,0.03336466165413534,0.6473095799787892,0.5680726107848372,0.9458088627869727,0.7191671115856915,0.8705357142857142,0.9008458646616542,0.8822720864661654,HERO PRODUCT
P459299,Mini GOOPGLOW Microderm Instant Glow Exfoliator,goop,14292,4.4821,2128.0,42.0,Skincare,Mini Size,,0,0,0,0,2128.0,4.482142857142857,0.9008458646616542,0.8881578947368421,0.03336466165413534,0.6473095799787892,0.49012279765082756,0.9458088627869727,0.6723972237052857,0.8705357142857142,0.9008458646616542,0.8822720864661654,HERO PRODUCT
P456208,GOOPGLOW 15% Glycolic Acid Overnight Glow Peel,goop,4597,4.255,1196.0,125.0,Skincare,Treatments,Facial Peels,0,0,0,0,1196.0,4.255016722408027,0.8545150501672241,0.822742474916388,0.06270903010033445,0.6732769256861753,0.1596369460758142,0.8737319807794981,0.4452749599572878,0.8137541806020068,0.8545150501672241,0.8273306856187291,LOW TRACTION
P459301,Mini GOOPGLOW 15% Glycolic Acid Overnight Glow Peel,goop,3228,4.255,1196.0,45.0,Skincare,Mini Size,,0,0,0,0,1196.0,4.255016722408027,0.8545150501672241,0.822742474916388,0.06270903010033445,0.6732769256861753,0.10678056593699947,0.8737319807794981,0.4135611318739989,0.8137541806020068,0.8545150501672241,0.8273306856187291,LOW TRACTION
P456211,GOOPGLOW Morning Skin Superpowder,goop,3866,3.991,1110.0,60.0,Skincare,Wellness,Beauty Supplements,0,0,0,0,1110.0,3.990990990990991,0.7612612612612613,0.690990990990991,0.07927927927927927,0.608102324913288,0.13187399893219434,0.8635878270154832,0.4245595301655099,0.7477477477477478,0.7612612612612613,0.7432882882882883,LOW TRACTION
P459300,Mini GOOPGLOW Morning Skin Superpowder,goop,2276,3.991,1110.0,12.0,Skincare,Mini Size,,0,0,0,0,1110.0,3.990990990990991,0.7612612612612613,0.690990990990991,0.07927927927927927,0.608102324913288,0.06994127068873465,0.8635878270154832,0.38739989321943413,0.7477477477477478,0.7612612612612613,0.7432882882882883,LOW TRACTION
P471029,GOOPGLOW Glow Lotion,goop,4306,4.0638,815.0,58.0,Skincare,Moisturizers,Moisturizers,0,0,1,0,815.0,4.063803680981595,0.7865030674846626,0.747239263803681,0.06993865030674846,0.7923396820952366,0.14949279231179927,0.798184730379071,0.408969567538708,0.7659509202453987,0.7865030674846626,0.7693098159509202,LOW TRACTION
P460578,GOOPGENES All-In-One Nourishing Face Cream,goop,2987,4.2846,738.0,98.0,Skincare,Moisturizers,Moisturizers,0,0,0,0,738.0,4.284552845528455,0.8523035230352304,0.8333333333333334,0.05420054200542006,0.7381633847463326,0.09556860651361453,0.7864388681260011,0.37191671115856917,0.8211382113821137,0.8523035230352304,0.8323170731707317,LOW TRACTION
P461165,GOOPGENES All-In-One Nourishing Eye Cream,goop,2741,4.2026,627.0,55.0,Skincare,Eye Care,Eye Creams & Treatments,0,0,0,0,627.0,4.202551834130782,0.8341307814992025,0.8165869218500797,0.07017543859649122,0.7524988114243687,0.08435664709022958,0.7546716497597438,0.3524826481580353,0.8006379585326955,0.8341307814992025,0.8130781499202553,LOW TRACTION
P480606,goopglow Cloudberry Exfoliating Jelly Cleanser,goop,2403,4.0194,413.0,35.0,Skincare,Cleansers,Face Wash & Cleansers,0,0,0,0,414.0,4.021739130434782,0.8091787439613527,0.7729468599033816,0.06280193236714976,0.7354166746139527,0.07207688200747464,0.6326748531767218,0.2963160704751735,0.7554347826086956,0.8091787439613527,0.7741847826086956,LOW TRACTION
P501243,GOOPGLOW Exfoliating Dark Spot Sleep Serum,goop,2143,4.0598,251.0,98.0,Skincare,Treatments,Face Serums,0,0,0,0,251.0,4.059760956175299,0.8047808764940239,0.7529880478087649,0.05976095617529881,0.8227697347601255,0.06513614522156967,0.49038974906567007,0.23523758675920983,0.7649402390438247,0.8047808764940239,0.7750996015936255,LOW TRACTION
P458964,G.Tox Ultimate Dry Brush,goop,16978,3.9815,54.0,25.0,Skincare,High Tech Tools,Anti-Aging,0,0,0,0,54.0,3.9814814814814814,0.7222222222222222,0.7222222222222222,0.18518518518518517,0.8430993593526337,0.5483182060864923,0.12813667912439936,0.38024559530165514,0.7453703703703703,0.7222222222222222,0.7349537037037036,LOW TRACTION
P468143,GOOPGENES All-In-One Super Nutrient Face Oil,goop,3159,3.5676,37.0,98.0,Skincare,Moisturizers,Face Oils,0,0,0,0,37.0,3.5675675675675675,0.6216216216216216,0.5945945945945946,0.3783783783783784,0.7264794860337231,0.10357714895888948,0.0605979711692472,0.08638547784303256,0.6418918918918919,0.6216216216216216,0.6287162162162162,LOW TRACTION
P456210,GOOPGLOW 20% Vitamin C and Hyaluronic Glow Serum,goop,2613,3.5357,28.0,125.0,Skincare,Treatments,Face Serums,0,0,0,0,28.0,3.5357142857142856,0.6071428571428571,0.6071428571428571,0.32142857142857145,0.7145088815689087,0.0806193272824346,0.01788574479444741,0.055525894287239724,0.6339285714285714,0.6071428571428571,0.6218750000000001,LOW TRACTION
P478274,GOOPGENES Clean Nourishing Lip Balm Trio,goop,3354,3.5556,27.0,48.0,Skincare,Value & Gift Sets,,0,0,0,0,27.0,3.5555555555555554,0.48148148148148145,0.5555555555555556,0.2962962962962963,0.7867381884938195,0.11211959423384944,0.012813667912439935,0.07239722370528563,0.6388888888888888,0.48148148148148145,0.5791666666666667,LOW TRACTION
P505408,GOOPGLOW Vita-C Brightening Eye Cream,goop,10,4.2308,26.0,58.0,Skincare,Eye Care,Eye Creams & Treatments,0,1,0,0,100.0,4.21,0.85,0.81,0.04,0.8,0.003203416978109984,0.2586759209823812,0.10539241857981847,0.8025,0.85,0.8178749999999999,LOW TRACTION
P500471,Brume de Beauté Beauty Mist,Gucci,6498,4.6652,451.0,78.0,Skincare,Moisturizers,Mists & Essences,0,0,0,0,451.0,4.665188470066519,0.9423503325942351,0.9356984478935698,0.015521064301552107,0.6632247102037768,0.2429257875066738,0.6583021890016018,0.409076348104645,0.9162971175166297,0.9423503325942351,0.9270232815964524,HIDDEN GEM
P474953,Abeille Royale Advanced Youth Watery Oil,GUERLAIN,13825,4.3465,1215.0,145.0,Skincare,Moisturizers,Face Oils,0,0,1,0,1235.0,4.34331983805668,0.8825910931174089,0.8704453441295547,0.044534412955465584,0.697962972144006,0.48211425520555257,0.8796049119060331,0.6411105178857448,0.83582995951417,0.8825910931174089,0.8550506072874495,HERO PRODUCT
P476513,Mini Abeille Royale Advanced Youth Watery Oil,GUERLAIN,6222,4.3465,1215.0,55.0,Skincare,Mini Size,,0,0,1,0,1235.0,4.34331983805668,0.8825910931174089,0.8704453441295547,0.044534412955465584,0.697962972144006,0.23171382808328883,0.8796049119060331,0.49087026161238656,0.83582995951417,0.8825910931174089,0.8550506072874495,HERO PRODUCT
P461451,Abeille Royale Anti-Aging Fortifying Lotion Toner,GUERLAIN,6480,4.2566,834.0,85.0,Skincare,Cleansers,Toners,0,0,1,0,834.0,4.256594724220624,0.8788968824940048,0.8333333333333334,0.03477218225419664,0.8489489279953497,0.2423918846769888,0.802455953016551,0.4664175120128137,0.8141486810551559,0.8788968824940048,0.8364508393285373,LOW TRACTION
P501236,Abeille Royale Anti-Aging Double R Advanced Serum,GUERLAIN,3942,4.6196,418.0,240.0,Skincare,Treatments,Face Serums,0,0,1,0,419.0,4.6181384248210025,0.9427207637231504,0.9236276849642004,0.02386634844868735,0.3032664542848414,0.13454351308061932,0.6350774159103043,0.33475707421249334,0.9045346062052506,0.9427207637231504,0.9188544152744631,HIDDEN GEM
P408678,Midnight Secret Late Night Recovery Treatment Anti-Fatigue Serum,GUERLAIN,26130,4.102,49.0,32.0,Skincare,Treatments,Face Serums,0,0,1,0,49.0,4.1020408163265305,0.6857142857142857,0.7551020408163265,0.20408163265306123,0.7335666186631994,0.6732514682327816,0.11238654564869194,0.44890549919914574,0.7755102040816326,0.6857142857142857,0.7455102040816327,LOW TRACTION
P500112,N°41 Facial Sunscreen Mist with SPF 41,HABIT,9474,4.4904,208.0,30.0,Skincare,Sunscreen,Face Sunscreen,0,0,1,1,209.0,4.488038277511961,0.8660287081339713,0.8708133971291866,0.10526315789473684,0.8442793059639815,0.35504538174052325,0.44607581420181525,0.39145755472504007,0.8720095693779903,0.8660287081339713,0.8700358851674641,HIDDEN GEM
P500778,N°39 Facial Sunscreen Mist with SPF 39,HABIT,5554,4.708,137.0,30.0,Skincare,Sunscreen,Face Sunscreen,0,0,1,1,137.0,4.708029197080292,0.9416058394160584,0.948905109489051,0.051094890510948905,0.8452830370867027,0.20662039508809396,0.32648158035237584,0.2545648691938067,0.9270072992700731,0.9416058394160584,0.9346715328467153,HIDDEN GEM
P500117,N°38 Facial Sunscreen Mist with SPF 38,HABIT,8924,4.3578,109.0,30.0,Skincare,Sunscreen,Face Sunscreen,0,0,1,1,111.0,4.342342342342342,0.8198198198198198,0.8108108108108109,0.14414414414414414,0.7857979858915011,0.3352909770421783,0.2810998398291511,0.31361452215696745,0.8355855855855856,0.8198198198198198,0.8271396396396397,LOW TRACTION
P483453,Shave Starter Set,Hanni,4292,4.55,180.0,68.0,Skincare,Value & Gift Sets,,0,0,0,1,181.0,4.552486187845304,0.9005524861878453,0.8729281767955801,0.08287292817679558,0.7284539206884801,0.14682327816337426,0.4022957821676455,0.24901227976508278,0.888121546961326,0.9005524861878453,0.8895718232044199,HIDDEN GEM
P483455,The Weighted Razor Kit,Hanni,5333,4.6452,155.0,42.0,Skincare,High Tech Tools,Hair Removal,0,0,0,1,155.0,4.645161290322581,0.9419354838709677,0.9225806451612903,0.04516129032258064,0.6197739768434655,0.19006940736785904,0.3569140416444207,0.25680726107848373,0.9112903225806452,0.9419354838709677,0.9221774193548389,HIDDEN GEM
P483457,Shave Pillow Moisturizing Body Gel,Hanni,3023,4.6954,151.0,24.0,Skincare,Moisturizers,Moisturizers,0,0,0,1,152.0,4.697368421052632,0.9539473684210527,0.9342105263157895,0.03289473684210526,0.5439560520343292,0.09717031500266951,0.35210891617725576,0.19914575547250402,0.924342105263158,0.9539473684210527,0.934703947368421,HIDDEN GEM
P400207,Blue Tansy BHA and Enzyme Pore Refining Mask,Herbivore,126177,4.2448,1928.0,50.0,Skincare,Masks,Face Masks,0,0,0,1,1930.0,4.244559585492228,0.7895791583166333,0.7968911917098446,0.13626943005181347,0.7872707427219623,0.9514148424986653,0.9356647090229578,0.9451147891083822,0.811139896373057,0.7895791583166333,0.802534369256648,HYPE GAP
P400203,Lapis Blue Tansy Face Oil - For Oily & Acne-Prone Skin,Herbivore,68960,4.2461,959.0,74.0,Skincare,Moisturizers,Face Oils,0,0,0,1,960.0,4.244791666666667,0.7844940867279895,0.7875,0.140625,0.7832226838871887,0.8820074746396156,0.8288841430859584,0.8607581420181527,0.8111979166666667,0.7844940867279895,0.7996320801850636,HYPE GAP
P479904,Mini Lapis Blue Tansy Face Oil - For Oily & Acne-Prone Skin,Herbivore,4593,4.2461,959.0,15.0,Skincare,Moisturizers,Face Oils,0,0,1,1,960.0,4.244791666666667,0.7844940867279895,0.7875,0.140625,0.7832226838871887,0.1591030432461292,0.8288841430859584,0.42701548318206084,0.8111979166666667,0.7844940867279895,0.7996320801850636,LOW TRACTION
P460747,Pink Cloud Rosewater + Squalane Makeup Removing Face Wash,Herbivore,41051,4.3577,629.0,26.0,Skincare,Cleansers,Face Wash & Cleansers,0,0,0,0,631.0,4.353407290015848,0.8415213946117274,0.8177496038034865,0.10301109350237718,0.8053800927227712,0.7837693539775761,0.7570742124933262,0.7730912973838762,0.8383518225039619,0.8415213946117274,0.8362123613312202,HYPE GAP
P442564,Emerald CBD + Adaptogens Deep Moisture Glow Oil,Herbivore,41254,4.3645,557.0,60.0,Skincare,Moisturizers,Face Oils,0,0,0,1,558.0,4.365591397849462,0.8351254480286738,0.8261648745519713,0.12903225806451613,0.8358777451224961,0.7848371596369461,0.7255739455419113,0.7611318739989321,0.8413978494623655,0.8351254480286738,0.837231182795699,HYPE GAP
P437981,Emerald Hemp Seed Deep Moisture Glow Oil,Herbivore,42381,4.3291,477.0,50.0,Skincare,Moisturizers,Face Oils,0,0,0,0,477.0,4.329140461215933,0.8259958071278826,0.8155136268343816,0.1320754716981132,0.8103622192718897,0.792311799252536,0.6775226908702616,0.7463961558996263,0.8322851153039832,0.8259958071278826,0.8278825995807128,HYPE GAP
P400204,Phoenix Rosehip Anti-Aging Face Oil - For Dry Skin,Herbivore,43956,4.4169,343.0,88.0,Skincare,Moisturizers,Face Oils,0,0,0,0,343.0,4.4169096209912535,0.825925925925926,0.8279883381924198,0.10495626822157435,0.7844735541858812,0.803523758675921,0.5766150560597971,0.7127602776294715,0.8542274052478134,0.825925925925926,0.8418011013929381,HERO PRODUCT
P479903,Mini Phoenix Rosehip Anti-Aging Face Oil - For Dry Skin,Herbivore,3119,4.4169,343.0,60.0,Skincare,Moisturizers,Face Oils,0,0,0,1,343.0,4.4169096209912535,0.825925925925926,0.8279883381924198,0.10495626822157435,0.7844735541858812,0.10197544046983449,0.5766150560597971,0.29183128670581954,0.8542274052478134,0.825925925925926,0.8418011013929381,HIDDEN GEM
P407444,Bamboo Charcoal Detoxifying Soap Bar,Herbivore,28997,4.3012,342.0,14.0,Skincare,Cleansers,Face Wash & Cleansers,0,0,1,0,342.0,4.3011695906432745,0.8291814946619217,0.8157894736842105,0.1023391812865497,0.824497444040362,0.7020822210357714,0.5750133475707421,0.6512546716497597,0.8252923976608186,0.8291814946619217,0.8250336881646584,HYPE GAP
P421600,Jasmine Green Tea Oil Control Toner,Herbivore,39251,4.0833,312.0,39.0,Skincare,Cleansers,Toners,0,0,0,0,313.0,4.07667731629393,0.7375886524822695,0.7252396166134185,0.17891373801916932,0.7371946662621347,0.7704217832354512,0.5539241857981847,0.6838227442605446,0.7691693290734825,0.7375886524822695,0.753105669227109,HYPE GAP
P454100,Prism AHA + BHA Exfoliating Glow Facial,Herbivore,45368,4.2616,302.0,58.0,Skincare,Treatments,Facial Peels,0,0,0,0,302.0,4.26158940397351,0.8178807947019867,0.8013245033112583,0.13245033112582782,0.8184506120332052,0.807794981313401,0.5456486919380673,0.7029364655632675,0.8153973509933774,0.8178807947019867,0.8140314569536423,HYPE GAP
P436891,Jade De-Puffing Face Roller,Herbivore,33236,3.5479,292.0,32.0,Skincare,Wellness,Facial Rollers,0,0,0,0,292.0,3.547945205479452,0.6404109589041096,0.6027397260273972,0.2945205479452055,0.825495927955935,0.7351841964762413,0.5315002669514148,0.6537106246663107,0.636986301369863,0.6404109589041096,0.6328767123287671,HYPE GAP
P481096,Nova 15% Vitamin C + Turmeric Brightening Serum,Herbivore,24635,4.504,252.0,65.0,Skincare,Treatments,Face Serums,0,0,0,1,253.0,4.4940711462450595,0.8774703557312253,0.849802371541502,0.05138339920948617,0.7019172110171481,0.6588360918312867,0.49305926321409504,0.5925253603844101,0.8735177865612649,0.8774703557312253,0.8711462450592886,HERO PRODUCT
P400205,Orchid Antioxidant Beauty Face Oil - For Combination Skin,Herbivore,26322,4.3527,241.0,74.0,Skincare,Moisturizers,Face Oils,0,0,0,0,241.0,4.352697095435684,0.8031914893617021,0.8008298755186722,0.11618257261410789,0.8333902194933162,0.6775226908702616,0.4789108382274426,0.598077949813134,0.8381742738589211,0.8031914893617021,0.8220777787587181,HYPE GAP
P474326,Pink Cloud Soft Moisture Cream,Herbivore,10870,3.786,229.0,46.0,Skincare,Moisturizers,Moisturizers,0,0,0,0,229.0,3.7860262008733625,0.6550218340611353,0.6419213973799127,0.27074235807860264,0.7003809043765068,0.402562733582488,0.46769887880405764,0.4286171916711159,0.6965065502183406,0.6550218340611353,0.6758733624454148,LOW TRACTION
P474325,Aquarius Pore Purifying BHA Cream,Herbivore,16279,4.287,216.0,46.0,Skincare,Moisturizers,Moisturizers,0,0,0,1,216.0,4.287037037037037,0.8240740740740741,0.8055555555555556,0.1388888888888889,0.7566046918928623,0.5349706353443673,0.45168179391350777,0.5016550987720235,0.8217592592592593,0.8240740740740741,0.8200231481481483,HYPE GAP
P471033,CLOUD JELLY Plumping Hydration Serum,Herbivore,19480,4.3876,209.0,50.0,Skincare,Treatments,Face Serums,0,0,0,1,209.0,4.3875598086124405,0.84688995215311,0.84688995215311,0.07655502392344497,0.656130445752167,0.5907634810464496,0.44607581420181525,0.5328884143085959,0.8468899521531101,0.84688995215311,0.84688995215311,HERO PRODUCT
P503923,Super Nova 5% THD Vitamin C + Caffeine Brightening Eye Cream,Herbivore,14229,4.6207,174.0,48.0,Skincare,Eye Care,Eye Creams & Treatments,0,1,0,1,176.0,4.613636363636363,0.9431818181818182,0.9375,0.017045454545454544,0.6810166986115211,0.4890549919914576,0.396155899626268,0.45189535504538175,0.9034090909090908,0.9431818181818182,0.9204545454545454,HIDDEN GEM
P450583,Prism AHA + BHA Exfoliating Glow Serum,Herbivore,31466,3.9532,171.0,54.0,Skincare,Treatments,Face Serums,0,0,0,0,171.0,3.953216374269006,0.7251461988304093,0.7076023391812866,0.23391812865497075,0.792280431814266,0.7202349172450614,0.38574479444741056,0.5864388681260011,0.7383040935672515,0.7251461988304093,0.7297514619883041,HYPE GAP
P431840,Coconut Milk Bath Soak,Herbivore,31953,3.5497,151.0,22.0,Skincare,Wellness,Holistic Wellness,0,0,0,1,151.0,3.5496688741721854,0.6158940397350994,0.5761589403973509,0.2781456953642384,0.8066209760737849,0.7255739455419113,0.35024025627335825,0.5754404698344902,0.6374172185430463,0.6158940397350994,0.621771523178808,HYPE GAP
P500988,Moon Dew 1% Bakuchiol + Peptides Retinol Alternative Eye Cream,Herbivore,22997,4.2297,148.0,48.0,Skincare,Eye Care,Eye Creams & Treatments,0,0,0,1,149.0,4.221476510067114,0.7919463087248322,0.785234899328859,0.14093959731543623,0.7749813631411613,0.6385477843032568,0.3478376935397758,0.5222637479978643,0.8053691275167785,0.7919463087248322,0.7983221476510067,HYPE GAP
P483661,Moon Fruit 1% Bakuchiol + Peptides Retinol Alternative Serum,Herbivore,15482,4.5135,111.0,62.0,Skincare,Treatments,Face Serums,0,0,0,1,111.0,4.513513513513513,0.9009009009009009,0.8738738738738738,0.09009009009009009,0.6846197583157607,0.5189535504538174,0.2810998398291511,0.4238120662039509,0.8783783783783783,0.9009009009009009,0.8844594594594595,HIDDEN GEM
P441045,Rose Quartz Gua Sha,Herbivore,30982,3.8971,68.0,25.0,Skincare,Wellness,Facial Rollers,0,0,1,0,68.0,3.8970588235294117,0.7058823529411765,0.6911764705882353,0.22058823529411764,0.7606892936369952,0.7175654030966364,0.17245061398825415,0.49951948745328345,0.7242647058823529,0.7058823529411765,0.7137867647058823,HYPE GAP
P452004,Rose Hibiscus Hydrating Mist,Herbivore,13225,4.0588,68.0,36.0,Skincare,Moisturizers,Mists & Essences,0,0,0,0,68.0,4.0588235294117645,0.7647058823529411,0.7794117647058824,0.17647058823529413,0.8268621963533488,0.46769887880405764,0.17245061398825415,0.34959957287773624,0.7647058823529411,0.7647058823529411,0.7669117647058823,LOW TRACTION
P432662,Rose Quartz Facial Roller,Herbivore,14116,3.0952,63.0,40.0,Skincare,Wellness,Facial Rollers,0,0,0,0,63.0,3.0952380952380953,0.5079365079365079,0.47619047619047616,0.38095238095238093,0.7926423560295787,0.48691938067271756,0.15509877202349173,0.3541911372130272,0.5238095238095238,0.5079365079365079,0.5119047619047619,LOW TRACTION
P505316,Aquarius BHA + Blue Tansy Clarity Cleanser,Herbivore,518,5.0,15.0,26.0,Skincare,Cleansers,Face Wash & Cleansers,0,1,0,1,55.0,4.927272727272728,1.0,1.0,0.0,0.8439394100145861,0.011745862253069941,0.13294180459156432,0.06022423918846769,0.9818181818181819,1.0,0.9900000000000001,HIDDEN GEM
P504637,Equilibrium Resurfacing Retinoid Treatment,Hourglass,278,4.8898,118.0,110.0,Skincare,Treatments,Face Serums,0,1,0,0,132.0,4.871212121212121,0.9924242424242424,1.0,0.0,0.2,0.0069407367859049655,0.3171382808328884,0.13101975440469835,0.9678030303030303,0.9924242424242424,0.9800189393939395,HIDDEN GEM
P480608,Equilibrium Instant Plumping Eye Mask,Hourglass,3935,4.4719,89.0,68.0,Skincare,Eye Care,Eye Masks,0,0,0,0,90.0,4.477777777777778,0.9,0.8777777777777778,0.06666666666666667,0.8614324377133296,0.13400961025093433,0.23545114789108382,0.17458622530699414,0.8694444444444445,0.9,0.8798611111111112,HIDDEN GEM
P469831,Equilibrium Intensive Hydrating Eye Balm,Hourglass,4836,4.5303,66.0,82.0,Skincare,Eye Care,Eye Creams & Treatments,0,0,0,0,66.0,4.53030303030303,0.8939393939393939,0.8787878787878788,0.045454545454545456,0.6630861578803313,0.16871329418045916,0.16524292578750668,0.16732514682327815,0.8825757575757576,0.8939393939393939,0.8854166666666667,HIDDEN GEM
P469832,Equilibrium Rebalancing Cream Cleanser,Hourglass,1812,4.4,55.0,52.0,Skincare,Cleansers,Face Wash & Cleansers,0,0,0,0,55.0,4.4,0.8909090909090909,0.8909090909090909,0.05454545454545454,0.8571428571428571,0.053390282968499736,0.13294180459156432,0.08521089161772558,0.8500000000000001,0.8909090909090909,0.868409090909091,HIDDEN GEM
P469833,Equilibrium Restoring Essence,Hourglass,3526,4.7692,52.0,65.0,Skincare,Moisturizers,Mists & Essences,0,0,0,0,52.0,4.769230769230769,0.9615384615384616,0.9615384615384616,0.019230769230769232,0.8548216560612554,0.1190603310197544,0.1203950880939669,0.1195942338494394,0.9423076923076923,0.9615384615384616,0.9509615384615384,HIDDEN GEM
P443349,Skin Squad Pre + ProbioticSupplement for Acne-Prone Skin,HUM Nutrition,15373,4.1152,660.0,40.0,Skincare,Wellness,Beauty Supplements,0,0,0,0,660.0,4.115151515151515,0.8287878787878787,0.7636363636363637,0.08484848484848485,0.7801778938546277,0.5168179391350775,0.7672183662573412,0.616978109983983,0.7787878787878788,0.8287878787878787,0.7915151515151515,HYPE GAP
P386754,Daily Cleanse Clear Skin and Body Detox Supplement,HUM Nutrition,49678,4.0535,617.0,26.0,Skincare,Wellness,Beauty Supplements,0,0,0,0,617.0,4.053484602917342,0.7656565656565657,0.7536466774716369,0.18962722852512157,0.7681359717617889,0.8280832888414309,0.7482648158035238,0.7961558996262681,0.7633711507293355,0.7656565656565657,0.7625981042188498,HYPE GAP
P394826,Flatter Me Digestive Enzyme Supplement,HUM Nutrition,31935,4.2643,401.0,26.0,Skincare,Wellness,Beauty Supplements,0,0,0,0,401.0,4.2643391521197005,0.8579710144927536,0.827930174563591,0.11221945137157108,0.7730102529945756,0.7245061398825414,0.6219967965830219,0.6835024025627336,0.8160847880299251,0.8579710144927536,0.8304274639488235,HYPE GAP
P503052,Mini Flatter Me Digestive Enzyme Supplement,HUM Nutrition,1375,4.2643,401.0,15.0,Skincare,Wellness,Beauty Supplements,0,0,0,0,401.0,4.2643391521197005,0.8579710144927536,0.827930174563591,0.11221945137157108,0.7730102529945756,0.036305392418579815,0.6219967965830219,0.27058195408435665,0.8160847880299251,0.8579710144927536,0.8304274639488235,LOW TRACTION
P457510,Private Party: Supports Vaginal & Urinary Tract Health,HUM Nutrition,14955,4.6727,278.0,26.0,Skincare,Wellness,Beauty Supplements,0,0,1,0,278.0,4.672661870503597,0.960431654676259,0.935251798561151,0.02158273381294964,0.7045479002790372,0.5045381740523225,0.5197544046983449,0.5106246663107314,0.9181654676258992,0.960431654676259,0.933408273381295,HERO PRODUCT
P405826,Raw Beauty Skin & Energy Green Superfood Powder,HUM Nutrition,11891,4.1903,247.0,39.0,Skincare,Wellness,Beauty Supplements,0,0,0,0,247.0,4.190283400809717,0.8235294117647058,0.7692307692307693,0.12955465587044535,0.7602367206905665,0.43246129204484784,0.48718633208756007,0.45435130806193275,0.7975708502024292,0.8235294117647058,0.8011074065253633,LOW TRACTION
P453713,Collagen POP + Vitamin C Dissolvable Tablets,HUM Nutrition,5372,4.3455,220.0,12.0,Skincare,Wellness,Beauty Supplements,0,0,0,0,220.0,4.345454545454546,0.8818181818181818,0.85,0.08636363636363636,0.7468498518521135,0.19273892151628402,0.45568606513614524,0.2979177789642285,0.8363636363636364,0.8818181818181818,0.8520454545454546,HIDDEN GEM
P407387,Beauty zzZz Sleep Support Supplement with Melatonin,HUM Nutrition,14123,4.1542,214.0,10.0,Skincare,Wellness,Beauty Supplements,0,0,0,0,215.0,4.153488372093023,0.8010752688172043,0.7813953488372093,0.15348837209302327,0.7294315878330296,0.4874532835024026,0.44981313400961026,0.4723972237052857,0.7883720930232558,0.8010752688172043,0.7911365341335334,LOW TRACTION
P431847,Glow Sweet Glow - Skin Hydration Vegan Gummies with Hyaluronic Acid & Vitamin C + E,HUM Nutrition,18297,4.107,187.0,26.0,Skincare,Wellness,Beauty Supplements,0,0,0,0,188.0,4.111702127659575,0.8031914893617021,0.75,0.15425531914893617,0.7125107599783314,0.5771489588894821,0.4145755472504004,0.5121195942338495,0.7779255319148937,0.8031914893617021,0.7813164893617022,HYPE GAP
P504575,PRO ACV Healthy Gut Vegan Gummies with 100% Organic Apple Cider Vinegar and Probiotics,HUM Nutrition,797,4.6607,168.0,26.0,Skincare,Wellness,Beauty Supplements,0,1,0,1,168.0,4.660714285714286,0.9642857142857143,0.9404761904761905,0.017857142857142856,0.9166666666666666,0.018152696209289908,0.3809396689802456,0.1632674853176722,0.9151785714285714,0.9642857142857143,0.9337053571428571,HIDDEN GEM
P386755,Collagen Love Skin Firming Supplement with Hyaluronic Acid & Vitamin C,HUM Nutrition,17120,4.4074,135.0,40.0,Skincare,Wellness,Beauty Supplements,0,0,0,0,135.0,4.407407407407407,0.890625,0.8740740740740741,0.06666666666666667,0.7344767188324648,0.5517885744794447,0.3216764548852109,0.4597437266417512,0.8518518518518519,0.890625,0.8668171296296296,HIDDEN GEM
P468149,Calm Sweet Calm Stress Management Vegan Gummies with Ashwagandha & L-Theanine,HUM Nutrition,4531,4.2056,107.0,30.0,Skincare,Wellness,Beauty Supplements,0,0,0,0,107.0,4.205607476635514,0.8130841121495327,0.7850467289719626,0.11214953271028037,0.6666255561867729,0.15589962626801923,0.27282434596903365,0.202669514148425,0.8014018691588785,0.8130841121495327,0.8024532710280373,LOW TRACTION
P474839,Counter Cravings - Helps Reduce Cravings and Boosts Metabolism,HUM Nutrition,5494,4.4,90.0,50.0,Skincare,Wellness,Beauty Supplements,0,0,1,0,91.0,4.406593406593407,0.9010989010989011,0.8901098901098901,0.04395604395604396,0.8499903324991465,0.19914575547250402,0.2389215162840363,0.21505605979711695,0.8516483516483517,0.9010989010989011,0.8722527472527473,HIDDEN GEM
P474838,Boost Sweet Boost - Vegan Gummies for Immune Support,HUM Nutrition,1748,4.8636,88.0,26.0,Skincare,Wellness,Beauty Supplements,0,0,1,1,88.0,4.863636363636363,0.9772727272727273,0.9886363636363636,0.0,0.6527777777777778,0.050720768820074744,0.23117992525360384,0.12290443139348638,0.9659090909090908,0.9772727272727273,0.9727272727272728,HIDDEN GEM
P482005,Fan Club - multi-symptom menopause support,HUM Nutrition,728,4.8171,82.0,40.0,Skincare,Wellness,Beauty Supplements,0,0,1,0,83.0,4.819277108433735,1.0,0.9759036144578314,0.0,0.8867117295394072,0.01601708489054992,0.21863320875600642,0.09706353443673252,0.9548192771084338,1.0,0.9715361445783134,HIDDEN GEM
P386759,Moody Bird PMS Support Supplement,HUM Nutrition,9393,4.2222,81.0,26.0,Skincare,Wellness,Beauty Supplements,0,0,0,0,82.0,4.219512195121951,0.7678571428571429,0.8048780487804879,0.17073170731707318,0.7837506506592036,0.35157501334757074,0.21569674319273893,0.297223705285638,0.8048780487804879,0.7678571428571429,0.7937717770034843,LOW TRACTION
P500111,Womb Service - OBGYN Formulated Prenatal Support Supplement,HUM Nutrition,864,4.8148,81.0,45.0,Skincare,Wellness,Beauty Supplements,0,0,1,0,81.0,4.814814814814815,0.9876543209876543,0.9753086419753086,0.012345679012345678,0.5576923053998214,0.019220501868659905,0.21169247197010144,0.09620928990923652,0.9537037037037037,0.9876543209876543,0.9671296296296297,HIDDEN GEM
P388982,Big ChillAdaptogenStress Management Supplement,HUM Nutrition,14443,4.2609,69.0,25.0,Skincare,Wellness,Beauty Supplements,0,0,0,0,69.0,4.260869565217392,0.75,0.8260869565217391,0.17391304347826086,0.7819020756776782,0.49439402028830753,0.17538707955152164,0.3667912439935932,0.8152173913043479,0.75,0.7972826086956522,LOW TRACTION
P386760,OMG! Omega The Great Fish Oil Supplement,HUM Nutrition,11224,4.3077,65.0,30.0,Skincare,Wellness,Beauty Supplements,0,0,0,0,65.0,4.3076923076923075,0.8333333333333334,0.8307692307692308,0.09230769230769231,0.7718134103042464,0.41110517885744796,0.1620395088093967,0.31147891083822743,0.8269230769230769,0.8333333333333334,0.8294230769230768,LOW TRACTION
P386764,Uber Energy Adrenal Fatigue and Adaptogen Supplement,HUM Nutrition,11104,3.5385,65.0,26.0,Skincare,Wellness,Beauty Supplements,0,0,0,0,65.0,3.5384615384615383,0.4117647058823529,0.6153846153846154,0.3230769230769231,0.8185473190886634,0.408435664709023,0.1620395088093967,0.3098772023491725,0.6346153846153846,0.4117647058823529,0.5648755656108597,LOW TRACTION
P386757,Wing Man Liver Detox and Dark Circle Supplement,HUM Nutrition,14381,3.8254,63.0,26.0,Skincare,Wellness,Beauty Supplements,0,0,0,0,63.0,3.8253968253968256,0.6458333333333334,0.6825396825396826,0.2222222222222222,0.8428574670707026,0.49332621462893755,0.15509877202349173,0.3580352375867592,0.7063492063492064,0.6458333333333334,0.6846230158730159,LOW TRACTION
P386762,Here Comes The Sun Vitamin D Immune System Support Supplement,HUM Nutrition,14709,4.6444,45.0,12.0,Skincare,Wellness,Beauty Supplements,0,0,0,0,46.0,4.6521739130434785,0.9615384615384616,0.8913043478260869,0.043478260869565216,0.755770996551622,0.49919914575547253,0.09717031500266951,0.3383876134543513,0.9130434782608696,0.9615384615384616,0.9243311036789298,HIDDEN GEM
P476428,Brightening Dark Spot Vitamin C Serum,Hyper Skin,13429,4.5664,143.0,58.0,Skincare,Treatments,Face Serums,0,0,0,1,143.0,4.566433566433567,0.9300699300699301,0.9230769230769231,0.06293706293706294,0.8556604130311055,0.47250400427122263,0.3382274426054458,0.4187933796049119,0.8916083916083917,0.9300699300699301,0.9078671328671328,HIDDEN GEM
P500614,Gentle Brightening Gel Cleanser with Mandelic Acid,Hyper Skin,5176,4.701,97.0,28.0,Skincare,Cleansers,Face Wash & Cleansers,0,0,0,1,97.0,4.701030927835052,0.9278350515463918,0.9484536082474226,0.020618556701030927,0.8553415636221567,0.1831286705819541,0.2514682327816337,0.21046449546182594,0.9252577319587629,0.9278350515463918,0.9295103092783505,HIDDEN GEM
P481710,Fade and Glow AHA Mask,Hyper Skin,6857,4.4762,63.0,48.0,Skincare,Masks,Face Masks,0,0,1,1,63.0,4.476190476190476,0.8888888888888888,0.8888888888888888,0.06349206349206349,0.7766588474764968,0.2584089695675387,0.15509877202349173,0.21708489054991992,0.8690476190476191,0.8888888888888888,0.8779761904761905,HIDDEN GEM
P500445,Prep Set Tan Tanning Mist with Hyaluronic Acid,Iconic London,6187,4.2703,37.0,29.0,Skincare,Self Tanners,For Body,0,0,1,1,38.0,4.2894736842105265,0.8157894736842105,0.8157894736842105,0.13157894736842105,0.8002272516489028,0.22957821676454884,0.06673785371062467,0.16444207154297916,0.8223684210526316,0.8157894736842105,0.8194078947368422,LOW TRACTION
P500412,Prep Set Tan Face and Body Brush,Iconic London,5266,4.8214,28.0,25.0,Skincare,Self Tanners,For Body,0,0,1,1,28.0,4.821428571428571,0.9642857142857143,0.9642857142857143,0.03571428571428571,0.6666667461395264,0.18633208756006406,0.01788574479444741,0.1189535504538174,0.9553571428571428,0.9642857142857143,0.9593749999999999,HIDDEN GEM
P500245,C Beyond Triple Serum SPF 40 Mineral Sunscreen with Vitamin C 10% + Niacinamide,ILIA,24716,3.6609,634.0,64.0,Skincare,Sunscreen,Face Sunscreen,0,0,0,0,635.0,3.6566929133858266,0.6755905511811023,0.6078740157480315,0.2031496062992126,0.8070830331973904,0.6609717031500267,0.7589428723972237,0.7001601708489056,0.6641732283464566,0.6755905511811023,0.6591535433070865,HYPE GAP
P504071,Bright Start Retinol Alternative Brightening Eye Cream,ILIA,35799,4.4004,457.0,46.0,Skincare,Eye Care,Eye Creams & Treatments,0,0,0,0,460.0,4.391304347826087,0.8995633187772926,0.8652173913043478,0.05434782608695652,0.7450979995686992,0.7479978643886812,0.6652429257875067,0.7148958889482113,0.8478260869565217,0.8995633187772926,0.8659559521549269,HERO PRODUCT
P395417,Touch Home Permanent Hair Removal Device,iluminage,14204,3.67,100.0,449.0,Skincare,High Tech Tools,Anti-Aging,0,0,1,0,100.0,3.67,0.5925925925925926,0.69,0.29,0.7436189469976389,0.48852108916177256,0.2586759209823812,0.396583021890016,0.6675,0.5925925925925926,0.6484027777777778,LOW TRACTION
P449102,Crystal Ball Roller Gloss,INC.redible,14595,4.3839,112.0,12.0,Skincare,Wellness,Facial Rollers,1,0,0,0,112.0,4.383928571428571,0.8928571428571429,0.8660714285714286,0.08928571428571429,0.8302518102683519,0.4970635344367325,0.2837693539775761,0.4117458622530699,0.8459821428571428,0.8928571428571429,0.8630580357142857,HIDDEN GEM
P469478,Party Recharge Hydrating Hyaluronic Under Eye Masks,INC.redible,30543,3.6842,76.0,20.0,Skincare,Eye Care,Eye Masks,0,0,0,0,76.0,3.6842105263157894,0.631578947368421,0.618421052631579,0.23684210526315788,0.826379521601442,0.7138280832888414,0.19701014415376403,0.5071009076348104,0.6710526315789473,0.631578947368421,0.6513157894736842,HYPE GAP
P471037,Slushy Serum Moisturizer Crush Infused with Bakuchiol,iNNBEAUTY PROJECT,29785,4.6047,387.0,30.0,Skincare,Treatments,Face Serums,0,0,0,1,388.0,4.603092783505154,0.9020618556701031,0.8917525773195877,0.06443298969072164,0.6212047677797575,0.7095568606513615,0.6089161772557394,0.6693005872931126,0.9007731958762886,0.9020618556701031,0.8998067010309279,HERO PRODUCT
P472469,Green Machine Vitamin C + Green Superfoods Jelly Serum,iNNBEAUTY PROJECT,30846,4.4043,376.0,34.0,Skincare,Treatments,Face Serums,0,0,0,1,376.0,4.404255319148936,0.8537234042553191,0.8430851063829787,0.09308510638297872,0.7752691050586493,0.7154297917778965,0.600106780565937,0.6693005872931127,0.8510638297872339,0.8537234042553191,0.8506648936170212,HERO PRODUCT
P480447,10 + 10 Moisturizer with 10% Vitamin C + 10% Peptide Complex + Ceramides,iNNBEAUTY PROJECT,13877,4.5646,294.0,35.0,Skincare,Moisturizers,Moisturizers,0,0,0,1,295.0,4.566101694915254,0.9084745762711864,0.9016949152542373,0.0711864406779661,0.8701519565148788,0.48371596369460756,0.5339028296849974,0.5037907100907635,0.8915254237288135,0.9084745762711864,0.898135593220339,HERO PRODUCT
P471039,Pimple Paste Overnight Blemish Drying Paste,iNNBEAUTY PROJECT,23827,4.1673,251.0,17.0,Skincare,Treatments,Blemish & Acne Treatments,0,0,0,0,252.0,4.166666666666667,0.8253968253968254,0.7896825396825397,0.15476190476190477,0.6101937027268328,0.6492258408969568,0.49145755472504005,0.5861185264281901,0.7916666666666667,0.8253968253968254,0.8014880952380953,HYPE GAP
P483127,Retinol Remix 1% Retinol Treatment With Peptide & Tranexamic Acid,iNNBEAUTY PROJECT,13387,4.7545,224.0,48.0,Skincare,Treatments,Face Serums,0,0,0,0,225.0,4.7555555555555555,0.9644444444444444,0.96,0.017777777777777778,0.8037698734890331,0.47090229578216763,0.4610250934329952,0.4669514148424987,0.9388888888888889,0.9644444444444444,0.9497222222222222,HIDDEN GEM
P471038,Glaze Lip Oil,iNNBEAUTY PROJECT,41560,4.4293,205.0,17.0,Skincare,Lip Balms & Treatments,,0,0,1,0,206.0,4.422330097087379,0.8446601941747572,0.8203883495145631,0.0825242718446602,0.6582988502763251,0.7880405766150561,0.4412706887346503,0.6493326214628938,0.8555825242718447,0.8446601941747572,0.8470266990291263,HERO PRODUCT
P474329,Face Glaze Skin Barrier Protect & Glow Moisturizer,iNNBEAUTY PROJECT,18465,4.6237,194.0,25.0,Skincare,Moisturizers,Moisturizers,0,0,0,1,194.0,4.623711340206185,0.9226804123711341,0.9226804123711341,0.05154639175257732,0.66013628132131,0.5803523758675921,0.4241857981847304,0.5178857447944475,0.9059278350515463,0.9226804123711341,0.9134664948453608,HERO PRODUCT
P503865,Bright & Tight Dark Circle Firming Eye Cream with Vitamin C & Peptides,iNNBEAUTY PROJECT,15443,4.4176,182.0,34.0,Skincare,Eye Care,Eye Creams & Treatments,0,1,0,1,184.0,4.391304347826087,0.8369565217391305,0.8315217391304348,0.11956521739130435,0.8605193702254709,0.5178857447944474,0.408435664709023,0.47410571276027763,0.8478260869565217,0.8369565217391305,0.8421195652173914,HIDDEN GEM
P500687,Keep It Clean Hydrating Gel Cleanser with Ceramides & 10 Amino Acids,iNNBEAUTY PROJECT,7237,4.5226,155.0,26.0,Skincare,Cleansers,Face Wash & Cleansers,0,0,0,1,155.0,4.52258064516129,0.9290322580645162,0.8838709677419355,0.05161290322580645,0.7891242961257191,0.2733582487987186,0.3569140416444207,0.3067805659369994,0.8806451612903226,0.9290322580645162,0.8956451612903226,HIDDEN GEM
P471041,Down to Tone Resurfacing Acid Toner,iNNBEAUTY PROJECT,9487,4.3607,122.0,28.0,Skincare,Cleansers,Toners,0,0,0,0,123.0,4.333333333333333,0.8455284552845529,0.8048780487804879,0.11382113821138211,0.5441133824423847,0.3561131873998932,0.3016550987720235,0.3343299519487454,0.8333333333333333,0.8455284552845529,0.8327235772357723,LOW TRACTION
P471042,Next Level Moisturizer,iNNBEAUTY PROJECT,8788,4.4946,93.0,24.0,Skincare,Moisturizers,Moisturizers,0,0,1,0,93.0,4.494623655913978,0.8494623655913979,0.8387096774193549,0.08602150537634409,0.47027007626589906,0.32995194874532835,0.24426054458088628,0.29567538707955154,0.8736559139784945,0.8494623655913979,0.8611559139784946,HIDDEN GEM
P502322,The Healthy Skin Edit Bestsellers Kit,iNNBEAUTY PROJECT,5447,4.7849,93.0,36.0,Skincare,Value & Gift Sets,,0,0,0,1,93.0,4.78494623655914,0.989247311827957,0.978494623655914,0.010752688172043012,0.8953488372093024,0.19540843566470903,0.24426054458088628,0.21494927923117993,0.946236559139785,0.989247311827957,0.9639784946236559,HIDDEN GEM
P471040,Foam Around Clarifying Daily Cleanser Infused with Glycolic Acid,iNNBEAUTY PROJECT,7064,4.3908,87.0,22.0,Skincare,Cleansers,Face Wash & Cleansers,0,0,1,0,87.0,4.390804597701149,0.8505747126436781,0.8390804597701149,0.12643678160919541,0.45810345147388526,0.26641751201281366,0.22851041110517886,0.2512546716497598,0.8477011494252873,0.8505747126436781,0.8472701149425287,HIDDEN GEM
P504892,Refine AHA + BHA Texture & Pore Serum,iNNBEAUTY PROJECT,790,4.7895,57.0,38.0,Skincare,Treatments,Face Serums,0,1,0,1,83.0,4.746987951807229,0.9759036144578314,0.963855421686747,0.012048192771084338,1.0,0.01761879337960491,0.21863320875600642,0.09802455953016552,0.9367469879518073,0.9759036144578314,0.9525602409638556,HIDDEN GEM
P477413,GREEN MACHINE insta-glo resurfacing acid mask,iNNBEAUTY PROJECT,7419,4.6531,49.0,30.0,Skincare,Masks,Face Masks,0,0,1,1,49.0,4.653061224489796,0.9387755102040817,0.9183673469387755,0.04081632653061224,0.8114730942816961,0.2802989855846236,0.11238654564869194,0.21313400961025092,0.9132653061224489,0.9387755102040817,0.9216836734693878,HIDDEN GEM
P456392,Daily UV Defense Invisible Broad Spectrum SPF 36 Sunscreen,innisfree,145749,4.5393,1452.0,16.0,Skincare,Sunscreen,Face Sunscreen,0,0,0,1,1464.0,4.537568306010929,0.8975409836065574,0.8797814207650273,0.06898907103825136,0.8151495722748768,0.9615589962626802,0.9033635878270155,0.9382808328884142,0.8843920765027322,0.8975409836065574,0.8876451502732241,HERO PRODUCT
P468658,Volcanic AHA Pore Clearing Clay Mask,innisfree,104838,4.6149,1197.0,16.0,Skincare,Masks,Face Masks,0,0,0,1,1200.0,4.615,0.9275,0.9183333333333333,0.04583333333333333,0.6824758669950808,0.9353977576081153,0.8756006406833956,0.9114789108382273,0.90375,0.9275,0.9130625000000001,HERO PRODUCT
P503891,Green Tea Hyaluronic Acid Hydrating Moisturizer,innisfree,13619,4.7299,411.0,29.0,Skincare,Moisturizers,Moisturizers,0,0,0,0,500.0,4.756,0.968,0.958,0.016,0.675886881235358,0.4762413240790176,0.6924719701014416,0.5627335824879871,0.9390000000000001,0.968,0.95055,HERO PRODUCT
P475951,Green Tea Hyaluronic Acid Hydrating Serum,innisfree,41215,4.5836,365.0,30.0,Skincare,Treatments,Face Serums,0,0,0,0,400.0,4.6,0.925,0.91,0.06,0.8137013936415315,0.7843032568072611,0.6195942338494395,0.7184196476241325,0.8999999999999999,0.925,0.909,HERO PRODUCT
P482006,Dewy Glow Moisturizer with Cherry Blossom & Niacinamide,innisfree,40516,4.3745,267.0,26.0,Skincare,Moisturizers,Moisturizers,0,0,0,1,271.0,4.3837638376383765,0.8560885608856088,0.8413284132841329,0.09225092250922509,0.7161472664250956,0.7805659369994661,0.51281366791244,0.6734650293646557,0.8459409594095941,0.8560885608856088,0.8482933579335794,HERO PRODUCT
P456395,Volcanic Clusters Pore Clearing Toner,innisfree,12712,4.5664,143.0,22.0,Skincare,Cleansers,Toners,0,0,0,1,143.0,4.566433566433567,0.8951048951048951,0.8951048951048951,0.04895104895104895,0.7027556100705018,0.45595301655098774,0.3382274426054458,0.408862786972771,0.8916083916083917,0.8951048951048951,0.8931818181818183,HIDDEN GEM
P475112,Pore Clearing Matte Moisturizer with Volcanic Clusters,innisfree,11430,4.5392,102.0,24.0,Skincare,Moisturizers,Moisturizers,0,0,0,0,102.0,4.53921568627451,0.8921568627450981,0.8823529411764706,0.0392156862745098,0.7434232116032106,0.41857981847303793,0.2642819006940737,0.35686065136145223,0.8848039215686274,0.8921568627450981,0.8866421568627452,HIDDEN GEM
P468672,Clarifying Spot Serum with Bija Seed Oil,innisfree,3131,4.5347,101.0,18.0,Skincare,Treatments,Face Serums,0,0,0,1,102.0,4.53921568627451,0.9411764705882353,0.8921568627450981,0.029411764705882353,0.7755555503070355,0.10250934329951948,0.2642819006940737,0.16721836625734118,0.8848039215686274,0.9411764705882353,0.9028186274509804,HIDDEN GEM
P482007,Dewy Glow Jam Cleanser with Jeju Cherry Blossom,innisfree,9095,4.3095,42.0,13.0,Skincare,Cleansers,Face Wash & Cleansers,0,0,0,1,42.0,4.309523809523809,0.8809523809523809,0.8333333333333334,0.09523809523809523,0.8494388516302462,0.34383342231713826,0.08515750133475708,0.24036305392418578,0.8273809523809523,0.8809523809523809,0.8443452380952381,HIDDEN GEM
P468671,Clarifying Cleansing Foam with Bija Seed Oil,innisfree,4981,4.2162,37.0,12.0,Skincare,Cleansers,Face Wash & Cleansers,0,0,0,1,37.0,4.216216216216216,0.7297297297297297,0.7297297297297297,0.13513513513513514,0.8285330004162259,0.17512012813667913,0.0605979711692472,0.12931126534970636,0.804054054054054,0.7297297297297297,0.7706081081081081,LOW TRACTION
P503928,Green Tea Hyaluronic Acid Face Cleanser,innisfree,7953,4.0385,26.0,12.0,Skincare,Cleansers,Face Wash & Cleansers,0,0,0,0,27.0,3.925925925925926,0.6296296296296297,0.6666666666666666,0.2222222222222222,0.8396296004454294,0.3016550987720235,0.012813667912439935,0.18611852642819007,0.7314814814814815,0.6296296296296297,0.6912037037037037,LOW TRACTION
P431180,Self Tanning Bronzing Face Drops,Isle of Paradise,209716,3.9547,2849.0,32.0,Skincare,Self Tanners,For Face,0,0,0,1,2852.0,3.9544179523141656,0.7671809256661991,0.7156381486676017,0.18127629733520337,0.7857483284552019,0.9791777896422851,0.9668980245595301,0.9742658836091831,0.7386044880785414,0.7671809256661991,0.7437324684431978,HYPE GAP
P431181,Self-Tanning Water,Isle of Paradise,73112,3.712,1073.0,32.0,Skincare,Self Tanners,For Face,0,0,0,1,1073.0,3.712022367194781,0.6943150046598322,0.6383970177073626,0.23019571295433364,0.7978604993130117,0.8926855312333155,0.8574479444741057,0.8785904965296315,0.6780055917986952,0.6943150046598322,0.6769571295433364,HYPE GAP
P469482,Even Skin Tone Self-Tanning Body Butter,Isle of Paradise,34228,3.7379,557.0,28.0,Skincare,Self Tanners,For Body,0,0,0,1,557.0,3.7378815080789947,0.6786355475763016,0.6499102333931778,0.24416517055655296,0.8136468439153507,0.7405232247730913,0.7250400427122263,0.7343299519487454,0.6844703770197487,0.6786355475763016,0.6775359066427289,HYPE GAP
P443829,"Glow Clear, Color Correcting Self-Tanning Mousse",Isle of Paradise,23933,3.4289,394.0,32.0,Skincare,Self Tanners,For Body,0,0,0,0,394.0,3.4289340101522843,0.6192893401015228,0.5736040609137056,0.3248730964467005,0.7546973583752635,0.6508275493860117,0.6142552055525894,0.6361986118526428,0.6072335025380711,0.6192893401015228,0.6058058375634517,HYPE GAP
P482008,Self-Tanning Oil Mist,Isle of Paradise,17225,4.3937,320.0,32.0,Skincare,Self Tanners,For Body,0,0,0,1,320.0,4.39375,0.86875,0.84375,0.10625,0.7946115249713648,0.5552589428723972,0.5624666310731447,0.5581420181526962,0.8484375,0.86875,0.853828125,HERO PRODUCT
P456988,Own Your Glow Kit,Isle of Paradise,33502,3.7714,280.0,35.0,Skincare,Value & Gift Sets,,0,0,0,1,280.0,3.7714285714285714,0.7142857142857143,0.6785714285714286,0.225,0.7764266462566761,0.7362520021356114,0.5221569674319274,0.6506139882541377,0.6928571428571428,0.7142857142857143,0.6971428571428572,HYPE GAP
P444614,Express Ultra Dark Mousse,Isle of Paradise,9912,3.7833,120.0,32.0,Skincare,Self Tanners,For Body,0,0,1,1,120.0,3.783333333333333,0.7,0.6666666666666666,0.225,0.7932653824036772,0.36999466097170314,0.297116924719701,0.3408435664709023,0.6958333333333333,0.7,0.6927083333333334,LOW TRACTION
P476540,Pro Glow Spray Tan Kit,Isle of Paradise,26141,4.0946,74.0,30.0,Skincare,Value & Gift Sets,,0,0,1,1,74.0,4.094594594594595,0.7837837837837838,0.7432432432432432,0.1891891891891892,0.8477860689163208,0.6743192738921516,0.18766684463427658,0.47965830218900163,0.7736486486486487,0.7837837837837838,0.7721283783783784,LOW TRACTION
P474957,Night Glow Self-Tan Face Mist,Isle of Paradise,11912,3.7606,71.0,24.0,Skincare,Self Tanners,For Face,0,0,1,1,71.0,3.76056338028169,0.6901408450704225,0.6338028169014085,0.2676056338028169,0.8148570148782297,0.43432995194874535,0.1817939135077416,0.33331553657234386,0.6901408450704225,0.6901408450704225,0.6816901408450704,LOW TRACTION
P474956,Day Dew Self-Tan Face Mist,Isle of Paradise,9157,4.1887,53.0,24.0,Skincare,Self Tanners,For Face,0,0,1,1,53.0,4.188679245283019,0.8490566037735849,0.7735849056603774,0.1320754716981132,0.7943894459141625,0.3446342765616658,0.12466631073144688,0.2566470902295782,0.7971698113207548,0.8490566037735849,0.8091981132075473,LOW TRACTION
P459140,Self-Tanning Water Refill,Isle of Paradise,12579,3.619,42.0,24.0,Skincare,Self Tanners,For Face,0,0,0,1,42.0,3.619047619047619,0.6428571428571429,0.6428571428571429,0.2857142857142857,0.7698897948631873,0.45168179391350777,0.08515750133475708,0.3050720768820075,0.6547619047619048,0.6428571428571429,0.6494047619047619,LOW TRACTION
P470533,Blending Brush,Isle of Paradise,17964,4.8056,36.0,24.0,Skincare,Self Tanners,For Body,0,0,1,1,36.0,4.805555555555555,0.9444444444444444,0.9444444444444444,0.027777777777777776,0.9279156143174452,0.5728777362520021,0.05445808862786973,0.3655098772023492,0.9513888888888888,0.9444444444444444,0.9482638888888888,HIDDEN GEM
P433155,Prep It Self-Tan Priming Spray,Isle of Paradise,11103,4.0313,32.0,24.0,Skincare,Self Tanners,For Body,0,0,0,1,32.0,4.03125,0.8125,0.78125,0.15625,0.7746397180017084,0.40790176187933797,0.037907100907634814,0.2599038974906567,0.7578125,0.8125,0.777734375,LOW TRACTION
P444990,Blend It Multi-Purpose Self-Tan Blender,Isle of Paradise,5294,2.3846,26.0,22.0,Skincare,Self Tanners,For Body,0,0,1,1,26.0,2.3846153846153846,0.34615384615384615,0.3076923076923077,0.6538461538461539,0.7656859216781763,0.18846769887880405,0.007741591030432461,0.1161772557394554,0.34615384615384615,0.34615384615384615,0.3403846153846154,LOW TRACTION
P431419,Over It Magic Self-Tan Eraser,Isle of Paradise,5750,3.04,25.0,30.0,Skincare,Moisturizers,Mists & Essences,0,0,0,1,25.0,3.04,0.48,0.44,0.36,0.714494560956955,0.21356113187399894,0.0026695141484249867,0.12920448478376936,0.51,0.48,0.4905,LOW TRACTION
P411403,Confidence in a Cream Anti-Aging Hydrating Moisturizer,IT Cosmetics,62988,4.62,2484.0,20.0,Skincare,Moisturizers,Moisturizers,0,0,0,0,2487.0,4.616807398472055,0.9493365500603136,0.9300361881785284,0.024527543224768796,0.7777470752758824,0.8670581954084357,0.9604911906033102,0.9044313934863855,0.9042018496180138,0.9493365500603136,0.9216174105347809,HERO PRODUCT
P433435,CC+ Cream Oil-Free Matte with SPF 40,IT Cosmetics,94058,3.846,1422.0,44.0,Skincare,Moisturizers,BB & CC Creams,0,0,0,1,1424.0,3.844803370786517,0.7275280898876404,0.6867977528089888,0.199438202247191,0.7399785172123954,0.9247197010144154,0.899359316604378,0.9145755472504005,0.7112008426966292,0.7275280898876404,0.7124385533707865,HYPE GAP
P411401,Bye Bye Under Eye Brightening Eye Cream for Dark Circles,IT Cosmetics,64892,4.0049,1024.0,49.5,Skincare,Eye Care,Eye Creams & Treatments,0,0,0,1,1026.0,4.004873294346979,0.7763157894736842,0.7290448343079922,0.18518518518518517,0.7971595213496806,0.8729311265349706,0.8451681793913508,0.8618259476775227,0.7512183235867447,0.7763157894736842,0.7554215399610136,HYPE GAP
P411393,Bye Bye Redness Neutralizing Color-Correcting Cream,IT Cosmetics,64038,4.1768,933.0,35.0,Skincare,Moisturizers,Moisturizers,0,0,0,0,934.0,4.174518201284797,0.820476858345021,0.784796573875803,0.13062098501070663,0.8781418108270966,0.8697277095568606,0.8224773091297384,0.8508275493860118,0.7936295503211992,0.820476858345021,0.8003587962615364,HYPE GAP
P502656,Secret Sauce Moisturizer,IT Cosmetics,1132,4.0935,920.0,72.0,Skincare,Moisturizers,Moisturizers,0,0,0,1,921.0,4.090119435396308,0.7832783278327833,0.7698154180238871,0.16395222584147665,0.742700033446612,0.027229044313934865,0.8200747463961559,0.3443673251468233,0.772529858849077,0.7832783278327833,0.7753472334204105,LOW TRACTION
P439057,Confidence in a Gel Lotion,IT Cosmetics,14365,4.5826,448.0,45.0,Skincare,Moisturizers,Moisturizers,0,0,0,0,448.0,4.582589285714286,0.9084821428571429,0.9084821428571429,0.05357142857142857,0.8861938740925065,0.49119060331019754,0.6567004805125467,0.5573945541911371,0.8956473214285714,0.9084821428571429,0.9014229910714286,HERO PRODUCT
P426829,Confidence in a Cleanser Hydrating Facial Cleanser Serum,IT Cosmetics,24647,4.4758,414.0,29.0,Skincare,Cleansers,Face Wash & Cleansers,0,0,0,0,414.0,4.475845410628019,0.8478260869565217,0.8478260869565217,0.0966183574879227,0.7796644339249248,0.6593699946609717,0.6326748531767218,0.6486919380672718,0.8689613526570048,0.8478260869565217,0.8594504830917874,HERO PRODUCT
P454837,Confidence in Your Beauty Sleep Night Cream,IT Cosmetics,15582,4.4599,411.0,58.0,Skincare,Moisturizers,Moisturizers,0,0,0,1,412.0,4.456310679611651,0.8810679611650486,0.8689320388349514,0.08980582524271845,0.8278961894639696,0.5216230646022424,0.6310731446876668,0.5654030966364122,0.8640776699029127,0.8810679611650486,0.8699029126213593,HERO PRODUCT
P482681,Bye Bye Makeup 3-in-1 Makeup Melting Cleansing Balm,IT Cosmetics,5368,4.6741,359.0,42.0,Skincare,Cleansers,Makeup Removers,0,0,1,0,359.0,4.674094707520891,0.935933147632312,0.9275766016713092,0.022284122562674095,0.7478571431977409,0.19220501868659903,0.5907634810464496,0.35162840363053927,0.9185236768802227,0.935933147632312,0.9251044568245125,HIDDEN GEM
P474332,Bye Bye Lines 1.5% Hyaluronic Acid Serum,IT Cosmetics,8711,4.4615,273.0,29.0,Skincare,Treatments,Face Serums,0,0,0,0,300.0,4.403333333333333,0.9166666666666666,0.8766666666666667,0.03,0.8064566241069273,0.32674853176721835,0.5419113721302723,0.41281366791243995,0.8508333333333333,0.9166666666666666,0.8744583333333333,HIDDEN GEM
P474330,Bye Bye Dark Spots 4% Niacinamide Serum,IT Cosmetics,15408,4.3284,271.0,29.0,Skincare,Treatments,Face Serums,0,0,0,0,287.0,4.2543554006968645,0.8606271777003485,0.8083623693379791,0.05574912891986063,0.8032335995273157,0.5173518419647624,0.5264281900694073,0.5209823812066203,0.8135888501742161,0.8606271777003485,0.8269163763066203,HYPE GAP
P474333,Bye Bye Pores 10% Glycolic Acid Serum,IT Cosmetics,12144,4.3532,269.0,29.0,Skincare,Treatments,Face Serums,0,0,0,0,288.0,4.3125,0.8854166666666666,0.8402777777777778,0.0763888888888889,0.5183814059322079,0.4399359316604378,0.5277629471436198,0.4750667378537106,0.828125,0.8854166666666666,0.8471354166666667,HIDDEN GEM
P448934,Bye Bye Pores Leave-On Solution Pore-Refining Toner,IT Cosmetics,25082,4.0481,187.0,34.0,Skincare,Cleansers,Toners,0,0,0,1,187.0,4.048128342245989,0.7540106951871658,0.732620320855615,0.18716577540106952,0.6065427023246421,0.6663107314468767,0.4132407901761879,0.5650827549386012,0.7620320855614973,0.7540106951871658,0.7552139037433154,HYPE GAP
P468369,Hello Results Wrinkle-Reducing Daily Retinol Serum-in-Cream,IT Cosmetics,6989,4.4419,172.0,69.0,Skincare,Moisturizers,Moisturizers,0,0,0,0,172.0,4.441860465116279,0.936046511627907,0.9069767441860465,0.03488372093023256,0.7452423849276134,0.26321409503470367,0.38841430859583553,0.3132941804591564,0.8604651162790697,0.936046511627907,0.8901162790697673,HIDDEN GEM
P455610,Confidence in a Neck Cream,IT Cosmetics,7661,3.5417,48.0,54.0,Skincare,Moisturizers,Decollete & Neck Creams,0,0,1,0,48.0,3.5416666666666665,0.5833333333333334,0.5625,0.3125,0.8207319346459016,0.28937533368926854,0.10838227442605446,0.2169781099839829,0.6354166666666666,0.5833333333333334,0.6088541666666667,LOW TRACTION
P427641,Mini Confidence in a Cream Hydrating Moisturizer,IT Cosmetics,13406,3.6809,47.0,20.0,Skincare,Moisturizers,Moisturizers,0,0,0,0,47.0,3.6808510638297873,0.6382978723404256,0.6170212765957447,0.2553191489361702,0.7100087563196819,0.4719701014415376,0.10250934329951948,0.3241857981847303,0.6702127659574468,0.6382978723404256,0.6526595744680851,LOW TRACTION
P12573,Intense Therapy Lip Balm SPF 25,Jack Black,123439,4.6818,3595.0,10.0,Skincare,Lip Balms & Treatments,,0,0,0,0,3595.0,4.681780250347705,0.9111111111111111,0.9265646731571627,0.03727399165507649,0.7787370517630988,0.9492792311799253,0.9818473037907101,0.9623064602242393,0.9204450625869263,0.9111111111111111,0.9185628187297172,HERO PRODUCT
P449156,Gold Sculpting Bar,Jillian Dempsey,10451,4.4328,67.0,195.0,Skincare,Wellness,Facial Rollers,0,0,1,0,67.0,4.432835820895522,0.8656716417910447,0.8656716417910447,0.11940298507462686,0.805439195183457,0.39081687132941806,0.16898024559530164,0.3020822210357715,0.8582089552238805,0.8656716417910447,0.8615671641791044,HIDDEN GEM
P467126,That Jlo Glow Brightening & Firming Serum with Niacinamide,JLo Beauty,13307,3.9452,602.0,79.0,Skincare,Treatments,Face Serums,0,0,0,0,604.0,3.94205298013245,0.7201986754966887,0.706953642384106,0.16887417218543047,0.6644465010656622,0.4703683929524827,0.7426588360918313,0.5792845702082221,0.7355132450331126,0.7201986754966887,0.7266349337748345,HYPE GAP
P467124,That Blockbuster Cream with Hyaluronic Acid,JLo Beauty,8948,4.1612,552.0,59.0,Skincare,Moisturizers,Moisturizers,0,0,0,0,553.0,4.162748643761302,0.8028933092224232,0.7775768535262206,0.10849909584086799,0.5808455162146624,0.3368926855312333,0.7229044313934864,0.49129738387613453,0.7906871609403254,0.8028933092224232,0.7923824593128391,HYPE GAP
P467123,That Big Screen Moisturizer with Broad Spectrum SPF 30,JLo Beauty,5411,4.1435,467.0,55.0,Skincare,Moisturizers,Moisturizers,0,0,0,0,467.0,4.143468950749464,0.8029978586723768,0.7665952890792291,0.0835117773019272,0.6704493512579908,0.19434063000533902,0.6711158569140416,0.3850507207688201,0.7858672376873661,0.8029978586723768,0.7881156316916488,LOW TRACTION
P467122,That Fresh Take Eye Cream with Peptides,JLo Beauty,7449,4.1559,449.0,49.0,Skincare,Eye Care,Eye Creams & Treatments,0,0,0,0,449.0,4.155902004454343,0.8173719376391982,0.7973273942093542,0.08240534521158129,0.5809426284566217,0.2808328884143086,0.6575013347570742,0.43150026695141486,0.7889755011135857,0.8173719376391982,0.7987472160356348,LOW TRACTION
P467120,That Hit Single Gel-Cream Cleanser,JLo Beauty,6260,4.0992,363.0,39.0,Skincare,Cleansers,Face Wash & Cleansers,0,0,0,0,363.0,4.099173553719008,0.8016528925619835,0.768595041322314,0.09917355371900827,0.6695534921529,0.23384943940202882,0.593699946609717,0.3777896422851041,0.774793388429752,0.8016528925619835,0.7819214876033057,LOW TRACTION
P467118,That Limitless Glow Sheet Mask,JLo Beauty,11890,4.013,307.0,49.0,Skincare,Masks,Sheet Masks,0,0,0,0,307.0,4.013029315960912,0.7654723127035831,0.739413680781759,0.13680781758957655,0.6422080268600473,0.4319273892151628,0.5504538174052322,0.4793379604911906,0.753257328990228,0.7654723127035831,0.7548452768729642,LOW TRACTION
P500002,Brighten. Tighten. Hydrate. 3-Piece Set,JLo Beauty,3952,4.2782,133.0,64.0,Skincare,Value & Gift Sets,,0,0,0,1,134.0,4.2835820895522385,0.9029850746268657,0.8208955223880597,0.05970149253731343,0.7786207738912331,0.13507741591030434,0.3200747463961559,0.20907634810464498,0.8208955223880596,0.9029850746268657,0.8455223880597014,HIDDEN GEM
P500318,That Overnight Hustle AHA + BHA Resurfacer,JLo Beauty,3724,4.4409,127.0,58.0,Skincare,Treatments,Face Serums,0,0,0,1,127.0,4.440944881889764,0.8976377952755905,0.8976377952755905,0.031496062992125984,0.7357579746160162,0.12493326214628937,0.30832888414308596,0.19829151094500802,0.860236220472441,0.8976377952755905,0.8770669291338583,HIDDEN GEM
P218700,100 percent Pure Argan Oil,Josie Maran,134089,4.4998,7763.0,49.0,Skincare,Moisturizers,Face Oils,0,0,0,0,7763.0,4.499806775731032,0.8593117408906883,0.8825196444673451,0.0691742882906093,0.8259635798493543,0.9572877736252002,0.99893219434063,0.9739455419113721,0.874951693932758,0.8593117408906883,0.8713949006003251,HERO PRODUCT
P283501,Argan Cleansing Oil,Josie Maran,29027,4.0524,2023.0,36.0,Skincare,Moisturizers,Face Oils,0,0,0,0,2023.0,4.0523974295600595,0.7002967359050445,0.740484429065744,0.17004448838358874,0.7648118259827889,0.7026161238654565,0.9402028830752803,0.7976508275493861,0.7630993573900149,0.7002967359050445,0.7408663316958832,HYPE GAP
P404338,Whipped Argan Oil Face Butter,Josie Maran,40417,4.1421,1393.0,45.0,Skincare,Moisturizers,Moisturizers,0,0,0,0,1394.0,4.142754662840746,0.8158953722334004,0.766857962697274,0.13558106169296988,0.8339914708366368,0.7789642285104111,0.8974906567004806,0.8263747997864389,0.7856886657101865,0.8158953722334004,0.7919260722152137,HYPE GAP
P377570,Argan Infinity Cream Intensive Creamy Oil,Josie Maran,33244,4.5163,1197.0,28.0,Skincare,Moisturizers,Face Oils,0,0,0,0,1197.0,4.516290726817043,0.8736462093862816,0.8705096073517126,0.07268170426065163,0.8238207050030016,0.7357180993059264,0.8745328350240257,0.7912439935931661,0.8790726817042607,0.8736462093862816,0.8761602788559848,HERO PRODUCT
P384780,Pure Argan Milk Intensive Hydrating Treatment,Josie Maran,39408,4.068,1088.0,56.0,Skincare,Treatments,Face Serums,0,0,0,0,1089.0,4.068870523415978,0.8086124401913876,0.7456382001836547,0.1689623507805326,0.7895671466471261,0.7720234917245061,0.8595835557928457,0.807047517351842,0.7672176308539944,0.8086124401913876,0.7763991590546614,HYPE GAP
P454084,Argan Beta Retinol Pink Algae Serum,Josie Maran,15095,4.4132,760.0,69.0,Skincare,Treatments,Face Serums,0,0,0,0,760.0,4.413157894736842,0.9026315789473685,0.8776315789473684,0.042105263157894736,0.7859457819559774,0.5109450080085425,0.789108382274426,0.6222103577148959,0.8532894736842105,0.9026315789473685,0.8717434210526316,HERO PRODUCT
P458900,Pineapple Enzyme Pore Clearing Cleanser,Josie Maran,16013,4.2437,677.0,29.0,Skincare,Cleansers,Face Wash & Cleansers,0,0,0,0,678.0,4.244837758112094,0.8628318584070797,0.8244837758112095,0.06637168141592921,0.8119025235400372,0.5274959957287774,0.7722904431393487,0.625413774693006,0.8112094395280236,0.8628318584070797,0.8286873156342184,HYPE GAP
P471043,Argan Pro-Retinol Eye Cream,Josie Maran,27604,4.4774,641.0,42.0,Skincare,Eye Care,Eye Creams & Treatments,0,0,0,1,642.0,4.478193146417445,0.8909657320872274,0.883177570093458,0.09190031152647975,0.768231860976719,0.6882007474639615,0.7613454351308062,0.7174586225306994,0.8695482866043613,0.8909657320872274,0.8780179127725857,HERO PRODUCT
P446641,Argan Bright Skin Vitamin C Serum,Josie Maran,12342,4.3955,531.0,66.0,Skincare,Treatments,Face Serums,0,0,0,0,531.0,4.395480225988701,0.9020715630885122,0.8700564971751412,0.04896421845574388,0.8219678275228486,0.44634276561665776,0.714095034703684,0.5534436732514683,0.8488700564971752,0.9020715630885122,0.8680084745762713,HERO PRODUCT
P394124,Argan Daily Moisturizer Tinted SPF 47 Protect + Perfect,Josie Maran,20882,4.0123,487.0,38.0,Skincare,Sunscreen,Face Sunscreen,0,0,0,0,488.0,4.012295081967213,0.7720588235294118,0.7172131147540983,0.1680327868852459,0.8265263690703715,0.6102509343299519,0.6857981847303791,0.6404698344901227,0.7530737704918034,0.7720588235294118,0.7533901880424302,HYPE GAP
P504044,Pro-Retinol Megamoisture Face Cream,Josie Maran,3498,4.7518,278.0,54.0,Skincare,Moisturizers,Moisturizers,0,0,1,0,279.0,4.752688172043011,0.9713261648745519,0.953405017921147,0.010752688172043012,0.7239519991935828,0.11745862253069941,0.5216230646022424,0.2791243993593166,0.9381720430107527,0.9713261648745519,0.9504032258064516,HIDDEN GEM
P482269,Get Even Sun Milk SPF 33,Josie Maran,6781,4.6917,266.0,46.0,Skincare,Sunscreen,Face Sunscreen,0,0,0,0,300.0,4.7,0.95,0.94,0.02666666666666667,0.7412868598593941,0.25360384410037373,0.5419113721302723,0.36892685531233316,0.925,0.95,0.93475,HIDDEN GEM
P504277,Face Stone Nourishing Solid Refillable Facial Oil with Tamanu + Blue Tansy,Kate McLeod,1182,4.6567,134.0,68.0,Skincare,Moisturizers,Face Oils,0,1,1,0,134.0,4.656716417910448,0.9402985074626866,0.9253731343283582,0.029850746268656716,0.4090909090909091,0.028830752802989856,0.3200747463961559,0.14532835024025628,0.914179104477612,0.9402985074626866,0.9236940298507463,HIDDEN GEM
P232903,EradiKate Acne Treatment,Kate Somerville,93898,4.2243,3152.0,28.0,Skincare,Treatments,Blemish & Acne Treatments,0,0,0,0,3153.0,4.224230891214716,0.7765486725663717,0.8160482080558199,0.12813193783698065,0.769891810090658,0.9241857981847303,0.9749065670048052,0.9444741057127602,0.8060577228036789,0.7765486725663717,0.7987035805203079,HYPE GAP
P232915,ExfoliKate Intensive Pore Exfoliating Treatment,Kate Somerville,75332,4.4375,2990.0,98.0,Skincare,Cleansers,Exfoliators,0,0,0,0,2991.0,4.436308926780341,0.8963553530751709,0.87094617184888,0.07689735874289536,0.7663260661953282,0.8990923651895355,0.9722370528563802,0.9283502402562733,0.8590772316950852,0.8963553530751709,0.8720410091321802,HERO PRODUCT
P421276,ExfoliKate Glow Moisturizer,Kate Somerville,15906,4.511,1041.0,76.0,Skincare,Moisturizers,Moisturizers,0,0,0,0,1041.0,4.51104707012488,0.9325626204238922,0.9231508165225745,0.0393852065321806,0.7020340264239844,0.5269620928990923,0.8491724506139883,0.6558462359850508,0.8777617675312199,0.9325626204238922,0.9010103807477248,HERO PRODUCT
P404322,ExfoliKate Cleanser Daily Foaming Wash,Kate Somerville,62349,4.4494,948.0,44.0,Skincare,Cleansers,Face Wash & Cleansers,0,0,0,0,948.0,4.449367088607595,0.8485804416403786,0.8554852320675106,0.08438818565400844,0.7906426068886306,0.8654564869193807,0.8254137746930059,0.8494394020288308,0.8623417721518987,0.8485804416403786,0.8571848919857844,HERO PRODUCT
P232906,Oil Free Moisturizer,Kate Somerville,17558,4.1489,705.0,76.0,Skincare,Moisturizers,Moisturizers,0,0,0,0,705.0,4.148936170212766,0.7355371900826446,0.774468085106383,0.14042553191489363,0.7681778449738441,0.5611318739989322,0.7773625200213561,0.6476241324079017,0.7872340425531914,0.7355371900826446,0.769810093195006,HYPE GAP
P415667,EradiKate Daily Cleanser Acne Treatment,Kate Somerville,36518,4.2392,623.0,44.0,Skincare,Treatments,Blemish & Acne Treatments,0,0,0,0,624.0,4.240384615384615,0.8113207547169812,0.7948717948717948,0.14423076923076922,0.7836528432253801,0.7528029898558463,0.7517351841964762,0.7523758675920982,0.8100961538461537,0.8113207547169812,0.8081798802612482,HYPE GAP
P232910,Goat Milk Moisturizing Cream,Kate Somerville,19623,4.0449,623.0,76.0,Skincare,Moisturizers,Moisturizers,0,0,0,0,623.0,4.044943820224719,0.705607476635514,0.7287319422150883,0.1492776886035313,0.8189345871216259,0.593166043780032,0.7506673785371063,0.6561665776828618,0.7612359550561798,0.705607476635514,0.7396718096038164,HYPE GAP
P232907,Anti Bac Acne Clearing Lotion,Kate Somerville,28025,4.4599,611.0,56.0,Skincare,Treatments,Face Serums,0,0,0,0,611.0,4.459901800327332,0.9103139013452914,0.867430441898527,0.08019639934533551,0.8526335944657895,0.6930058729311266,0.7455953016550988,0.7140416444207155,0.864975450081833,0.9103139013452914,0.8789452342333747,HERO PRODUCT
P306941,DermalQuench Hyaluronic Acid Hydration Treatment,Kate Somerville,9711,4.1824,603.0,110.0,Skincare,Treatments,Face Serums,0,0,0,0,603.0,4.182421227197347,0.8634538152610441,0.802653399668325,0.11774461028192372,0.7017835393421373,0.3614522156967432,0.7418579818473038,0.5136145221569675,0.7956053067993367,0.8634538152610441,0.8170170732681973,HYPE GAP
P377368,D-Scar Scar Diminishing Serum,Kate Somerville,29199,4.0531,414.0,56.0,Skincare,Treatments,Face Serums,0,0,0,0,414.0,4.053140096618358,0.7,0.7560386473429952,0.19806763285024154,0.6426232741657183,0.704484783769354,0.6326748531767218,0.675760811532301,0.7632850241545894,0.7,0.7432125603864734,HYPE GAP
P442867,Kx Active Concentrates Bio-Mimicking Peptides Serum,Kate Somerville,6479,4.4297,384.0,98.0,Skincare,Treatments,Face Serums,0,0,0,1,384.0,4.4296875,0.8984375,0.8697916666666666,0.049479166666666664,0.48410796308965703,0.24185798184730378,0.6057127602776294,0.387399893219434,0.857421875,0.8984375,0.8715820312500001,HIDDEN GEM
P415202,Wrinkle Warrior 2-in-1 Plumping Moisturizer + Serum,Kate Somerville,19713,3.7075,359.0,98.0,Skincare,Moisturizers,Moisturizers,0,0,0,0,359.0,3.7075208913649025,0.6523297491039427,0.6267409470752089,0.2479108635097493,0.721904671559595,0.595835557928457,0.5907634810464496,0.593806727175654,0.6768802228412256,0.6523297491039427,0.6619941893551383,HYPE GAP
P457695,DeliKate Recovery Cream,Kate Somerville,8961,4.4971,350.0,76.0,Skincare,Moisturizers,Moisturizers,0,0,0,0,350.0,4.497142857142857,0.8971428571428571,0.8914285714285715,0.06285714285714286,0.8566372960417474,0.3384943940202883,0.5830218900160171,0.43630539241857985,0.8742857142857143,0.8971428571428571,0.8837142857142857,HIDDEN GEM
P439927,Liquid ExfoliKate Triple Acid Resurfacing Treatment,Kate Somerville,20613,4.3723,282.0,72.0,Skincare,Treatments,Facial Peels,0,0,0,0,282.0,4.372340425531915,0.875886524822695,0.851063829787234,0.09574468085106383,0.657617742843169,0.605445808862787,0.5240256273358249,0.5728777362520021,0.8430851063829787,0.875886524822695,0.8541223404255318,HERO PRODUCT
P232902,Gentle Daily Wash,Kate Somerville,7501,4.1909,220.0,44.0,Skincare,Cleansers,Face Wash & Cleansers,0,0,0,0,220.0,4.1909090909090905,0.8333333333333334,0.7909090909090909,0.1409090909090909,0.7302353006552874,0.28190069407367857,0.45568606513614524,0.3514148424986652,0.7977272727272726,0.8333333333333334,0.8073863636363636,LOW TRACTION
P448932,+Retinol Vitamin C Moisturizer,Kate Somerville,11055,4.2938,177.0,110.0,Skincare,Moisturizers,Moisturizers,0,0,0,0,177.0,4.293785310734464,0.864406779661017,0.8361581920903954,0.096045197740113,0.6176581683158875,0.406833956219968,0.39829151094500803,0.403416978109984,0.8234463276836159,0.864406779661017,0.8376412429378532,LOW TRACTION
P440305,Goat Milk Moisturizing Cleanser,Kate Somerville,16803,4.5575,174.0,44.0,Skincare,Cleansers,Face Wash & Cleansers,0,0,0,0,174.0,4.557471264367816,0.896551724137931,0.8908045977011494,0.06896551724137931,0.8409910706523197,0.5445808862786973,0.39241857981847306,0.48371596369460756,0.889367816091954,0.896551724137931,0.8917385057471264,HERO PRODUCT
P457697,DeliKate Recovery Serum,Kate Somerville,8729,4.641,156.0,98.0,Skincare,Treatments,Face Serums,0,0,0,0,156.0,4.641025641025641,0.9358974358974359,0.9358974358974359,0.019230769230769232,0.847150648764351,0.32888414308595837,0.3593166043780032,0.3410571276027763,0.9102564102564104,0.9358974358974359,0.9217948717948719,HIDDEN GEM
P457696,DeliKate Soothing Cleanser,Kate Somerville,4060,4.1875,144.0,44.0,Skincare,Cleansers,Face Wash & Cleansers,0,0,0,0,144.0,4.1875,0.8263888888888888,0.8055555555555556,0.125,0.772503614278123,0.1366791243993593,0.3398291510945008,0.2179391350774159,0.796875,0.8263888888888888,0.80703125,LOW TRACTION
P411881,Retinol Firming Eye Cream,Kate Somerville,17127,3.4462,130.0,98.0,Skincare,Eye Care,Eye Creams & Treatments,0,0,0,0,131.0,3.4427480916030535,0.4666666666666667,0.5419847328244275,0.3282442748091603,0.6863590065658707,0.5525894287239722,0.3152696209289909,0.4576615056059796,0.6106870229007634,0.4666666666666667,0.557175572519084,LOW TRACTION
P470535,"KateCeuticals Resurfacing Overnight Peel with Glycolic Acid, Retinol & Niacinamide",Kate Somerville,6963,4.7377,122.0,98.0,Skincare,Treatments,Facial Peels,0,0,0,0,122.0,4.737704918032787,0.9508196721311475,0.9590163934426229,0.00819672131147541,0.610418530831854,0.2626801922050187,0.3000533902829685,0.27762947143619865,0.9344262295081966,0.9508196721311475,0.9430327868852459,HIDDEN GEM
P436365,+Retinol Vita C Power Serum,Kate Somerville,8879,3.5041,121.0,110.0,Skincare,Treatments,Face Serums,0,0,0,0,121.0,3.5041322314049586,0.6776859504132231,0.628099173553719,0.3140495867768595,0.6567126035544217,0.33262146289375333,0.298718633208756,0.3190603310197544,0.6260330578512396,0.6776859504132231,0.6418388429752067,LOW TRACTION
P412117,Dry Skin Saver,Kate Somerville,12883,4.3009,113.0,56.0,Skincare,Moisturizers,Moisturizers,0,0,0,0,114.0,4.307017543859649,0.7640449438202247,0.7807017543859649,0.11403508771929824,0.8452627606531407,0.46182594767752266,0.28670581954084357,0.391777896422851,0.8267543859649122,0.7640449438202247,0.8010336585846639,LOW TRACTION
P433468,EradiKate Salicylic Acid Acne Treatment,Kate Somerville,8230,4.1143,105.0,68.0,Skincare,Treatments,Blemish & Acne Treatments,0,0,0,0,105.0,4.114285714285714,0.7428571428571429,0.7428571428571429,0.17142857142857143,0.6322861204108039,0.3075280298985585,0.26988788040576617,0.29247197010144155,0.7785714285714285,0.7428571428571429,0.7625,LOW TRACTION
P469111,KateCeuticals Lifting Eye Cream,Kate Somerville,3993,4.6354,96.0,140.0,Skincare,Eye Care,Eye Creams & Treatments,0,0,0,0,96.0,4.635416666666667,0.9270833333333334,0.9375,0.052083333333333336,0.7673151431575654,0.13561131873998933,0.25040042712226374,0.1815269620928991,0.9088541666666667,0.9270833333333334,0.9186197916666667,HIDDEN GEM
P471045,Daily Deflector Mineral Sunscreen SPF 40  PA++++,Kate Somerville,2924,4.4149,94.0,54.0,Skincare,Sunscreen,Face Sunscreen,0,0,0,0,94.0,4.414893617021277,0.8936170212765957,0.8404255319148937,0.05319148936170213,0.7296942502260209,0.09450080085424453,0.24639615589962627,0.15525894287239722,0.8537234042553192,0.8936170212765957,0.8636968085106385,HIDDEN GEM
P469112,KateCeuticals Total Repair Cream,Kate Somerville,2129,4.7143,91.0,140.0,Skincare,Moisturizers,Moisturizers,0,0,0,0,91.0,4.714285714285714,0.945054945054945,0.9120879120879121,0.02197802197802198,0.49565019458532333,0.06353443673251469,0.2389215162840363,0.13368926855312335,0.9285714285714286,0.945054945054945,0.9310439560439561,HIDDEN GEM
P421271,Wrinkle Warrior Eye Gel Visible Dark Circle Eraser,Kate Somerville,4822,3.0667,90.0,76.0,Skincare,Eye Care,Eye Creams & Treatments,0,0,0,0,90.0,3.066666666666667,0.4647887323943662,0.4222222222222222,0.4111111111111111,0.7021908968248788,0.16817939135077417,0.23545114789108382,0.19508809396689802,0.5166666666666667,0.4647887323943662,0.4869366197183099,LOW TRACTION
P502200,HydraKate Recharging Serum with Hyaluronic Acid,Kate Somerville,1808,4.764,89.0,78.0,Skincare,Treatments,Face Serums,0,0,0,0,89.0,4.764044943820225,0.9662921348314607,0.9550561797752809,0.011235955056179775,0.755555534362793,0.05285638013881474,0.23358248798718634,0.12514682327816337,0.9410112359550562,0.9662921348314607,0.9507022471910113,HIDDEN GEM
P479701,EradiKate Acne Mark Fading Gel with Salicylic Acid,Kate Somerville,4497,4.7011,87.0,68.0,Skincare,Treatments,Blemish & Acne Treatments,0,0,0,0,87.0,4.7011494252873565,0.9540229885057471,0.9195402298850575,0.022988505747126436,0.48682790050903957,0.15429791777896423,0.22851041110517886,0.18398291510945008,0.9252873563218391,0.9540229885057471,0.9330459770114943,HIDDEN GEM
P382356,Age Arrest Anti-Wrinkle Cream,Kate Somerville,6101,4.0349,86.0,98.0,Skincare,Moisturizers,Moisturizers,0,0,0,0,86.0,4.034883720930233,0.7647058823529411,0.7325581395348837,0.19767441860465115,0.7434942914945323,0.22637479978643887,0.22610784837159636,0.22626801922050188,0.7587209302325582,0.7647058823529411,0.7565919972640219,LOW TRACTION
P502197,HydraKate Recharging Water Cream Moisturizer,Kate Somerville,3226,4.8256,86.0,76.0,Skincare,Moisturizers,Moisturizers,0,0,0,0,86.0,4.825581395348837,0.9767441860465116,0.9651162790697675,0.0,0.7720237985253334,0.10624666310731447,0.22610784837159636,0.15419113721302724,0.9563953488372092,0.9767441860465116,0.9638081395348835,HIDDEN GEM
P469110,KateCeuticals Firming Serum with Hyaluronic Acid,Kate Somerville,2724,4.8765,81.0,110.0,Skincare,Treatments,Face Serums,0,0,0,0,81.0,4.8765432098765435,1.0,0.9876543209876543,0.0,0.6733044548468157,0.08382274426054458,0.21169247197010144,0.13497063534436732,0.9691358024691359,1.0,0.981172839506173,HIDDEN GEM
P479703,EradiKate Clarifying Acne Gel Cleanser with Salicylic Acid,Kate Somerville,2655,4.6709,79.0,44.0,Skincare,Treatments,Blemish & Acne Treatments,0,0,0,0,79.0,4.670886075949367,0.9746835443037974,0.9493670886075949,0.02531645569620253,0.5922222336133321,0.08222103577148959,0.20822210357714896,0.13262146289375334,0.9177215189873418,0.9746835443037974,0.9395569620253165,HIDDEN GEM
P467028,Glow In A Wink ExfoliKate Bestsellers Set,Kate Somerville,3372,4.9067,75.0,72.0,Skincare,Value & Gift Sets,,0,0,0,0,75.0,4.906666666666666,0.9866666666666667,0.9866666666666667,0.0,0.37037033173773026,0.11372130272290443,0.19220501868659903,0.14511478910838227,0.9766666666666666,0.9866666666666667,0.9811666666666666,HIDDEN GEM
P404232,DermalQuench +Retinol Advanced Resurfacing Treatment,Kate Somerville,8412,4.0541,74.0,110.0,Skincare,Treatments,Face Serums,0,0,0,0,74.0,4.054054054054054,0.7391304347826086,0.6891891891891891,0.17567567567567569,0.7556015723517963,0.31607047517351844,0.18766684463427658,0.26470902295782167,0.7635135135135136,0.7391304347826086,0.7450499412455934,LOW TRACTION
P232920,Line Release Under Eye Repair Cream,Kate Somerville,4556,3.9143,70.0,140.0,Skincare,Eye Care,Eye Creams & Treatments,0,0,0,0,70.0,3.914285714285714,0.7777777777777778,0.7142857142857143,0.18571428571428572,0.7651404656212906,0.15643352909770422,0.1791243993593166,0.16550987720234916,0.7285714285714285,0.7777777777777778,0.7411904761904762,LOW TRACTION
P383308,Age Arrest Eye Cream,Kate Somerville,4568,3.7451,51.0,98.0,Skincare,Eye Care,Eye Creams & Treatments,0,0,0,0,51.0,3.7450980392156863,0.6666666666666666,0.6666666666666666,0.29411764705882354,0.8666957175731659,0.15723438334223172,0.11665776828617191,0.1410037373198078,0.6862745098039216,0.6666666666666666,0.6774509803921569,LOW TRACTION
P421996,Ultra Facial Moisturizing Cream with Squalane,Kiehl's Since 1851,201776,4.4469,2515.0,78.0,Skincare,Moisturizers,Moisturizers,0,1,0,0,2517.0,4.44735796583234,0.8826121794871795,0.8625347636074692,0.08025427095748908,0.790800457331352,0.9770421783235451,0.9612920448478377,0.9707421249332622,0.8618394914580849,0.8826121794871795,0.868175588689221,HERO PRODUCT
P422510,Mini Ultra Facial Moisturizing Cream with Squalane,Kiehl's Since 1851,31687,4.4469,2515.0,24.0,Skincare,Mini Size,,0,1,0,0,2517.0,4.44735796583234,0.8826121794871795,0.8625347636074692,0.08025427095748908,0.790800457331352,0.7229044313934864,0.9612920448478377,0.8182594767752269,0.8618394914580849,0.8826121794871795,0.868175588689221,HERO PRODUCT
P422000,Creamy Eye Treatment with Avocado,Kiehl's Since 1851,68043,3.9994,1668.0,36.0,Skincare,Eye Care,Eye Creams & Treatments,0,0,0,0,1671.0,4.0,0.7474069554606467,0.7289048473967684,0.1717534410532615,0.7434061064750795,0.8804057661505605,0.9199145755472504,0.8962092899092364,0.75,0.7474069554606467,0.7460578137477093,HYPE GAP
P421998,Midnight Recovery Concentrate Moisturizing Face Oil,Kiehl's Since 1851,101394,4.2174,1173.0,56.0,Skincare,Treatments,Face Serums,0,0,0,0,1173.0,4.217391304347826,0.794066317626527,0.7851662404092071,0.1474850809889173,0.7536693483289482,0.9316604378003204,0.8705285638013881,0.9072076882007475,0.8043478260869565,0.794066317626527,0.7983861356971653,HYPE GAP
P445951,Midnight Recovery Concentrate Moisturizing Face Oil,Kiehl's Since 1851,29687,4.2174,1173.0,30.0,Skincare,Mini Size,,0,0,0,0,1173.0,4.217391304347826,0.794066317626527,0.7851662404092071,0.1474850809889173,0.7536693483289482,0.7079551521623064,0.8705285638013881,0.7729845168179391,0.8043478260869565,0.794066317626527,0.7983861356971653,HYPE GAP
P454838,Powerful-Strength Dark Circle Reducing Vitamin C Eye Serum,Kiehl's Since 1851,46025,3.8646,1041.0,55.0,Skincare,Eye Care,Eye Creams & Treatments,0,0,0,0,1043.0,3.860019175455417,0.7459252157238735,0.7037392138063279,0.16395014381591563,0.8157719145828162,0.8120662039508809,0.8499733048585157,0.8272290443139348,0.7150047938638543,0.7459252157238735,0.7225910834132311,HYPE GAP
P422022,Clearly Corrective Dark Spot Correcting Serum,Kiehl's Since 1851,75403,3.8478,913.0,65.0,Skincare,Treatments,Face Serums,0,0,0,0,913.0,3.8477546549835706,0.7380688124306326,0.687842278203724,0.18400876232201532,0.7523488029837608,0.8996262680192205,0.8160704751735184,0.8662039508809397,0.7119386637458927,0.7380688124306326,0.7161632505199893,HYPE GAP
P455611,Clearly Corrective Dark Spot Solution Duo,Kiehl's Since 1851,10273,3.8478,913.0,125.0,Skincare,Value & Gift Sets,,1,0,1,1,913.0,3.8477546549835706,0.7380688124306326,0.687842278203724,0.18400876232201532,0.7523488029837608,0.3817405232247731,0.8160704751735184,0.5554725040042712,0.7119386637458927,0.7380688124306326,0.7161632505199893,HYPE GAP
P422007,Ultra Facial Cleanser,Kiehl's Since 1851,63080,4.3712,862.0,30.0,Skincare,Cleansers,Face Wash & Cleansers,1,0,0,1,863.0,4.371958285052144,0.8598130841121495,0.8505214368482039,0.09038238702201622,0.746755437784069,0.8675920982381207,0.806727175654031,0.8432461292044848,0.842989571263036,0.8598130841121495,0.8491664049555453,HERO PRODUCT
P501029,Retinol Fast-Release Wrinkle Reducing Night Serum,Kiehl's Since 1851,8391,4.5163,614.0,85.0,Skincare,Treatments,Face Serums,0,0,0,0,614.0,4.51628664495114,0.9332247557003257,0.9022801302931596,0.024429967426710098,0.6644298210740089,0.31446876668446344,0.7474639615589963,0.48766684463427656,0.8790716612377849,0.9332247557003257,0.8987988599348534,HERO PRODUCT
P474840,Micro-Dose Anti-Aging Retinol Serum with Ceramides and Peptide,Kiehl's Since 1851,42766,4.4916,598.0,65.0,Skincare,Treatments,Face Serums,0,0,0,0,598.0,4.491638795986622,0.9147157190635451,0.8913043478260869,0.046822742474916385,0.6780980455712611,0.794447410571276,0.7378537106246663,0.771809930592632,0.8729096989966556,0.9147157190635451,0.8882107023411372,HERO PRODUCT
P457864,Vital Skin-Strengthening Hyaluronic Acid Super Serum,Kiehl's Since 1851,10302,4.2194,597.0,60.0,Skincare,Treatments,Face Serums,0,0,0,0,597.0,4.219430485762144,0.8592964824120602,0.8274706867671692,0.06700167504187604,0.6959414330084581,0.38441003737319807,0.7373198077949813,0.5255739455419114,0.8048576214405361,0.8592964824120602,0.8245812395309883,HYPE GAP
P480177,Super Multi-Corrective Anti-Aging Eye Cream,Kiehl's Since 1851,22539,4.5714,581.0,60.0,Skincare,Eye Care,Eye Creams & Treatments,0,0,0,0,582.0,4.565292096219931,0.9312714776632303,0.9072164948453608,0.030927835051546393,0.7387662418596037,0.6332087560064068,0.7341163908168713,0.6735718099305925,0.8913230240549828,0.9312714776632303,0.9056915807560137,HERO PRODUCT
P422002,Rare Earth Deep Pore Minimizing Cleansing Clay Mask,Kiehl's Since 1851,112588,4.542,524.0,45.0,Skincare,Masks,Face Masks,0,0,0,0,524.0,4.541984732824427,0.8830409356725146,0.8797709923664122,0.0648854961832061,0.7913236020806622,0.9423384943940203,0.708756006406834,0.8489054991991458,0.8854961832061068,0.8830409356725146,0.883900830320075,HERO PRODUCT
P474060,Mini Rare Earth Deep Pore Minimizing Cleansing Clay Mask,Kiehl's Since 1851,19428,4.542,524.0,25.0,Skincare,Mini Size,,0,0,0,0,524.0,4.541984732824427,0.8830409356725146,0.8797709923664122,0.0648854961832061,0.7913236020806622,0.589428723972237,0.708756006406834,0.6371596369460758,0.8854961832061068,0.8830409356725146,0.883900830320075,HERO PRODUCT
P472472,Ferulic Brew Facial Treatment Essence with Lactic Acid,Kiehl's Since 1851,22873,4.5603,514.0,60.0,Skincare,Moisturizers,Mists & Essences,0,0,0,1,514.0,4.560311284046692,0.914396887159533,0.896887159533074,0.04085603112840467,0.7210169903954526,0.6364121729845168,0.7034169781099839,0.6632140950347036,0.8900778210116731,0.914396887159533,0.8983949416342412,HERO PRODUCT
P479329,Ultra Facial Overnight Hydrating Face Mask with 10.5% Squalane,Kiehl's Since 1851,29217,4.5461,434.0,45.0,Skincare,Masks,Face Masks,0,0,0,0,434.0,4.546082949308755,0.9262672811059908,0.9078341013824884,0.06221198156682028,0.796501929213287,0.7052856380138814,0.6473571809930593,0.6821142552055526,0.8865207373271888,0.9262672811059908,0.9016417050691244,HERO PRODUCT
P427529,Powerful-Strength Vitamin C Serum,Kiehl's Since 1851,45478,3.6684,389.0,78.0,Skincare,Treatments,Face Serums,0,0,0,0,389.0,3.6683804627249357,0.6382428940568475,0.6195372750642674,0.2699228791773779,0.7523606365654656,0.8093966898024559,0.6099839829151095,0.7296316070475173,0.6670951156812339,0.6382428940568475,0.651305773101373,HYPE GAP
P446422,Avocado Nourishing Hydration Mask,Kiehl's Since 1851,18646,3.9019,316.0,48.0,Skincare,Masks,Face Masks,0,0,0,0,316.0,3.901898734177215,0.7468354430379747,0.7278481012658228,0.16455696202531644,0.7470787520397384,0.5824879871863321,0.5560597971169248,0.5719167111585692,0.7254746835443038,0.7468354430379747,0.732238924050633,HYPE GAP
P503913,Ultra Facial Advanced Repair Barrier Cream,Kiehl's Since 1851,6823,4.7556,311.0,48.0,Skincare,Moisturizers,Moisturizers,0,1,0,0,314.0,4.75796178343949,0.9681528662420382,0.9617834394904459,0.0031847133757961785,0.8349206494906593,0.25680726107848373,0.5549919914575547,0.37608115323011215,0.9394904458598725,0.9681528662420382,0.9514331210191083,HIDDEN GEM
P422013,Calendula Deep Clean Foaming Face Wash,Kiehl's Since 1851,39855,4.5033,306.0,38.0,Skincare,Cleansers,Face Wash & Cleansers,0,0,0,0,307.0,4.495114006514658,0.88,0.8599348534201955,0.0781758957654723,0.8293549864037523,0.7736252002135612,0.5504538174052322,0.6843566470902296,0.8737785016286646,0.88,0.8735684039087948,HERO PRODUCT
P470221,Milk-Peel Gentle Exfoliating Toner,Kiehl's Since 1851,14773,4.682,305.0,60.0,Skincare,Cleansers,Toners,0,0,0,1,305.0,4.6819672131147545,0.940983606557377,0.9344262295081968,0.019672131147540985,0.7496539865293212,0.5013347570742125,0.5483182060864923,0.5201281366791244,0.9204918032786886,0.940983606557377,0.9287295081967214,HERO PRODUCT
P483664,Midnight  Recovery Omega-Rich Cloud Cream,Kiehl's Since 1851,11696,4.5233,300.0,60.0,Skincare,Moisturizers,Moisturizers,0,0,0,0,300.0,4.513333333333334,0.9,0.8933333333333333,0.05,0.6588482066341068,0.4255205552589429,0.5419113721302723,0.47207688200747466,0.8783333333333334,0.9,0.8870833333333334,HIDDEN GEM
P422257,Midnight Recovery Botanical Cleansing Oil,Kiehl's Since 1851,24814,4.2844,225.0,35.0,Skincare,Cleansers,Face Wash & Cleansers,0,0,0,0,226.0,4.287610619469026,0.8165137614678899,0.7920353982300885,0.11061946902654868,0.8169144629077478,0.6625734116390817,0.4628937533368927,0.5827015483182061,0.8219026548672566,0.8165137614678899,0.8158058983518713,HYPE GAP
P440937,Cannabis Sativa Seed Oil Herbal Concentrate (Hemp-Derived),Kiehl's Since 1851,17721,4.1396,222.0,55.0,Skincare,Moisturizers,Face Oils,0,0,0,0,222.0,4.13963963963964,0.7927927927927928,0.7657657657657657,0.15765765765765766,0.7866219747698668,0.5632674853176722,0.45888948211425523,0.5215162840363055,0.7849099099099099,0.7927927927927928,0.7844031531531532,HYPE GAP
P449541,Pure Vitality Skin Renewing Cream,Kiehl's Since 1851,5068,4.3301,206.0,75.0,Skincare,Moisturizers,Moisturizers,0,0,0,0,207.0,4.314009661835748,0.8792270531400966,0.855072463768116,0.0821256038647343,0.8542997364886105,0.17672183662573412,0.44340630005339027,0.2833956219967966,0.8285024154589371,0.8792270531400966,0.8477053140096619,HIDDEN GEM
P470040,Ultra Facial Oil-Free Gel Cream,Kiehl's Since 1851,11677,4.4876,201.0,38.0,Skincare,Moisturizers,Moisturizers,0,0,0,0,201.0,4.487562189054726,0.8955223880597015,0.8805970149253731,0.06467661691542288,0.7038061406749946,0.42498665242925787,0.43539775760811533,0.4291510945008008,0.8718905472636815,0.8955223880597015,0.8802860696517412,HIDDEN GEM
P421997,Calendula Herbal Extract Alcohol Free Toner,Kiehl's Since 1851,37317,4.2216,194.0,47.0,Skincare,Cleansers,Toners,0,0,0,0,194.0,4.221649484536083,0.7688172043010753,0.7577319587628866,0.12371134020618557,0.7737910573152785,0.7565403096636412,0.4241857981847304,0.6235985050720768,0.8054123711340206,0.7688172043010753,0.7872817592284669,HYPE GAP
P432239,Buttermask Intense Repair Lip Treatment,Kiehl's Since 1851,40755,4.0419,191.0,28.0,Skincare,Lip Balms & Treatments,,0,0,0,0,191.0,4.041884816753926,0.7225130890052356,0.7277486910994765,0.17277486910994763,0.7205364465290773,0.7816337426588361,0.4193806727175654,0.6367325146823278,0.7604712041884816,0.7225130890052356,0.7441753926701571,HYPE GAP
P422248,Rare Earth Deep Pore Daily Cleanser,Kiehl's Since 1851,22813,4.2872,188.0,28.0,Skincare,Cleansers,Face Wash & Cleansers,0,0,0,0,188.0,4.287234042553192,0.8087431693989071,0.7872340425531915,0.12234042553191489,0.7390743254027405,0.6358782701548318,0.4145755472504004,0.5473571809930592,0.821808510638298,0.8087431693989071,0.8127027380537147,HYPE GAP
P422011,Ultra Facial Toner,Kiehl's Since 1851,27710,4.2637,182.0,24.0,Skincare,Cleansers,Toners,0,1,0,0,182.0,4.263736263736264,0.8333333333333334,0.7857142857142857,0.15384615384615385,0.7674745792957177,0.6892685531233316,0.40443139348638546,0.5753336892685532,0.8159340659340659,0.8333333333333334,0.8166208791208791,HYPE GAP
P461948,Super Multi-Corrective Anti-Aging Face and Neck Cream,Kiehl's Since 1851,9733,4.2824,170.0,76.0,Skincare,Moisturizers,Moisturizers,0,0,0,0,171.0,4.2631578947368425,0.8771929824561403,0.8304093567251462,0.10526315789473684,0.745428624865599,0.36252002135611316,0.38574479444741056,0.3718099305926321,0.8157894736842106,0.8771929824561403,0.8364035087719298,LOW TRACTION
P422012,Ultra Facial Cream Sunscreen SPF 30,Kiehl's Since 1851,24886,3.8344,157.0,38.0,Skincare,Moisturizers,Moisturizers,0,0,0,0,158.0,3.8417721518987342,0.6730769230769231,0.6582278481012658,0.22784810126582278,0.8170369661871403,0.6641751201281367,0.36252002135611316,0.5435130806193273,0.7104430379746836,0.6730769230769231,0.6914009250243428,HYPE GAP
P422003,Daily Reviving Concentrate,Kiehl's Since 1851,26859,4.3986,138.0,59.0,Skincare,Treatments,Face Serums,0,0,0,0,138.0,4.398550724637682,0.8518518518518519,0.8188405797101449,0.09420289855072464,0.7891870582220601,0.6823278163374266,0.32995194874532835,0.5413774693005873,0.8496376811594204,0.8518518518518519,0.8456823671497585,HERO PRODUCT
P429522,Super Fluid Daily UV Defense Sunscreen Broad Spectrum SPF 50+,Kiehl's Since 1851,18993,3.6048,124.0,68.0,Skincare,Sunscreen,Face Sunscreen,0,1,0,0,125.0,3.616,0.576,0.552,0.288,0.7959607305510021,0.5856914041644421,0.30512546716497596,0.4734650293646556,0.654,0.576,0.6153,LOW TRACTION
P422004,Ultra Facial Moisturizer Sunscreen SPF 30,Kiehl's Since 1851,12320,3.7473,91.0,38.0,Skincare,Moisturizers,Moisturizers,0,0,0,0,91.0,3.7472527472527473,0.6966292134831461,0.6153846153846154,0.1978021978021978,0.8106857115868479,0.4458088627869728,0.2389215162840363,0.3630539241857982,0.6868131868131868,0.6966292134831461,0.679043709099889,LOW TRACTION
P422005,Ultra Facial Moisturizer,Kiehl's Since 1851,10346,3.7143,84.0,38.0,Skincare,Moisturizers,Moisturizers,0,0,0,0,84.0,3.7142857142857144,0.6538461538461539,0.6190476190476191,0.2261904761904762,0.7557048715891377,0.38707955152162304,0.22156967431927388,0.3208756006406834,0.6785714285714286,0.6538461538461539,0.6622252747252748,LOW TRACTION
P431733,Epidermal Re-Texturizing Micro-Dermabrasion,Kiehl's Since 1851,17152,4.6173,81.0,46.0,Skincare,Cleansers,Exfoliators,0,0,0,0,81.0,4.617283950617284,0.9012345679012346,0.9012345679012346,0.08641975308641975,0.8180645199940552,0.5541911372130273,0.21169247197010144,0.4171916711158569,0.904320987654321,0.9012345679012346,0.9029320987654322,HIDDEN GEM
P461947,Calendula Petal-Infused Calming Mask with Aloe Vera,Kiehl's Since 1851,10799,4.5111,45.0,47.0,Skincare,Masks,Face Masks,0,0,0,0,45.0,4.511111111111111,0.8888888888888888,0.8888888888888888,0.08888888888888889,0.882921626418829,0.400427122263748,0.09369994660971703,0.2777362520021356,0.8777777777777778,0.8888888888888888,0.8827777777777778,HIDDEN GEM
P436378,Dermatologist Solutions Centella Sensitive Cica-Cream,Kiehl's Since 1851,6043,4.5152,33.0,46.0,Skincare,Moisturizers,Moisturizers,0,0,0,0,33.0,4.515151515151516,0.8787878787878788,0.8787878787878788,0.09090909090909091,0.8810092138521599,0.22370528563801387,0.04217832354511479,0.15109450080085424,0.8787878787878789,0.8787878787878788,0.8787878787878789,HIDDEN GEM
P422253,Rare Earth Pore Refining Tonic,Kiehl's Since 1851,5263,3.5758,33.0,25.0,Skincare,Cleansers,Toners,0,0,0,0,33.0,3.5757575757575757,0.6363636363636364,0.6363636363636364,0.3333333333333333,0.8276530360734021,0.18579818473037907,0.04217832354511479,0.12835024025627334,0.6439393939393939,0.6363636363636364,0.640530303030303,LOW TRACTION
P294018,Cleansing Spa Water Cloths,Koh Gen Do,23197,4.4789,284.0,23.0,Skincare,Cleansers,Face Wipes,0,0,0,0,284.0,4.47887323943662,0.7878787878787878,0.8838028169014085,0.08450704225352113,0.8465906395763159,0.6412172984516817,0.5248264815803524,0.59466097170315,0.869718309859155,0.7878787878787878,0.8472791293213828,HERO PRODUCT
P434336,Mini Noni Glow Face Oil,KORA Organics,26453,4.3877,1166.0,28.0,Skincare,Mini Size,,0,0,0,1,1167.0,4.387317909168809,0.8483455882352942,0.8414738646101114,0.11053984575835475,0.8026315237413038,0.6796583021890016,0.8697277095568606,0.7556860651361452,0.8468294772922023,0.8483455882352942,0.8464809686728162,HERO PRODUCT
P418624,Noni Glow Plumping Face Oil,KORA Organics,38003,4.4112,1121.0,72.0,Skincare,Moisturizers,Face Oils,0,0,0,1,1122.0,4.410873440285205,0.8552253116011506,0.8484848484848485,0.1051693404634581,0.7997800626658967,0.7613454351308062,0.8649225840896957,0.802776294714362,0.8527183600713013,0.8552253116011506,0.8528354187922882,HERO PRODUCT
P471046,Turmeric Glow Brightening Moisturizer,KORA Organics,17005,4.4985,1017.0,62.0,Skincare,Moisturizers,Moisturizers,0,0,0,1,1018.0,4.49901768172888,0.9135559921414538,0.8899803536345776,0.04223968565815324,0.6255507605206786,0.5488521089161773,0.8441003737319808,0.6669514148424986,0.87475442043222,0.9135559921414538,0.8886787819253439,HERO PRODUCT
P455241,Noni Night AHA Pore & Resurfacing Serum,KORA Organics,8710,4.3946,555.0,74.0,Skincare,Treatments,Face Serums,0,0,0,1,555.0,4.394594594594595,0.9009009009009009,0.8828828828828829,0.04864864864864865,0.740644475092759,0.3262146289375334,0.7242391884676989,0.4854244527495996,0.8486486486486486,0.9009009009009009,0.8694594594594595,HERO PRODUCT
P433627,Turmeric BHA Pore & Brightening Treatment Mask,KORA Organics,40323,4.1626,492.0,52.0,Skincare,Masks,Face Masks,0,0,0,0,493.0,4.164300202839756,0.7870182555780934,0.7789046653144016,0.16024340770791076,0.8278149656559292,0.7784303256807261,0.689535504538174,0.7428723972237052,0.7910750507099391,0.7870182555780934,0.7880324543610547,HYPE GAP
P461177,Mini Turmeric BHA Pore & Brightening Treatment Mask,KORA Organics,12716,4.1626,492.0,18.0,Skincare,Mini Size,,0,0,1,1,493.0,4.164300202839756,0.7870182555780934,0.7789046653144016,0.16024340770791076,0.8278149656559292,0.4570208222103577,0.689535504538174,0.5500266951414843,0.7910750507099391,0.7870182555780934,0.7880324543610547,HYPE GAP
P468684,Milky Mushroom Gentle Cleansing Oil Makeup Remover,KORA Organics,8251,4.4597,459.0,44.0,Skincare,Cleansers,Face Wash & Cleansers,0,0,1,0,459.0,4.459694989106754,0.8888888888888888,0.8779956427015251,0.06100217864923747,0.6906606711979423,0.30912973838761343,0.6641751201281367,0.4511478910838228,0.8649237472766884,0.8888888888888888,0.874074074074074,HIDDEN GEM
P476876,Berry Bright Firming Vitamin C Eye Cream,KORA Organics,16219,4.6225,408.0,58.0,Skincare,Eye Care,Eye Creams & Treatments,0,0,0,1,408.0,4.622549019607843,0.9215686274509803,0.9166666666666666,0.0392156862745098,0.8250637476642927,0.5317672183662573,0.6276027762947144,0.5701014415376401,0.9056372549019607,0.9215686274509803,0.9120710784313725,HERO PRODUCT
P428816,Noni Radiant Brightening Eye Oil,KORA Organics,24957,3.7915,398.0,42.0,Skincare,Eye Care,Eye Creams & Treatments,0,0,0,1,400.0,3.7875,0.6625,0.6275,0.2325,0.715101878117458,0.6652429257875067,0.6195942338494395,0.6469834490122798,0.696875,0.6625,0.67615625,HYPE GAP
P446419,Noni Bright 12% Vitamin C Serum,KORA Organics,21320,4.2288,389.0,73.0,Skincare,Treatments,Face Serums,0,0,0,1,389.0,4.22879177377892,0.8354755784061697,0.8046272493573264,0.10025706940874037,0.7231054449720042,0.6166577682861719,0.6099839829151095,0.6139882541377469,0.8071979434447301,0.8354755784061697,0.8152956298200514,HYPE GAP
P500618,Turmeric Glow Foaming Cleanser,KORA Organics,9992,4.6111,288.0,44.0,Skincare,Cleansers,Face Wash & Cleansers,0,0,0,1,290.0,4.610344827586207,0.9206896551724137,0.9241379310344827,0.04482758620689655,0.802130025110127,0.37319807794981313,0.5290977042178323,0.4355579284570208,0.9025862068965518,0.9206896551724137,0.91125,HIDDEN GEM
P500055,Active Algae Lightweight Moisturizer,KORA Organics,5384,4.6763,207.0,48.0,Skincare,Moisturizers,Moisturizers,0,0,0,0,209.0,4.679425837320574,0.9186602870813397,0.9138755980861244,0.03827751196172249,0.792448320388794,0.19380672717565403,0.44607581420181525,0.29471436198611856,0.9198564593301435,0.9186602870813397,0.9186004784688995,HIDDEN GEM
P474068,Minty Mineral Hydration Face Mist with Aloe Vera,KORA Organics,4877,4.5027,183.0,44.0,Skincare,Moisturizers,Mists & Essences,0,0,1,1,184.0,4.505434782608695,0.9293478260869565,0.9130434782608695,0.05434782608695652,0.8412890938066301,0.17031500266951416,0.408435664709023,0.26556326748531767,0.8763586956521738,0.9293478260869565,0.8977581521739131,HIDDEN GEM
P440072,Noni Glow Overnight Plumping Hydration Mask,KORA Organics,12672,3.7283,92.0,52.0,Skincare,Masks,Face Masks,0,0,0,0,92.0,3.7282608695652173,0.6630434782608695,0.6521739130434783,0.25,0.7881844925529816,0.4554191137213027,0.2421249332621463,0.37010144153764013,0.6820652173913043,0.6630434782608695,0.671875,LOW TRACTION
P432835,Rose Quartz Facial De-Puffing & Lifting Gua Sha,KORA Organics,10216,4.0714,28.0,63.0,Skincare,Wellness,Facial Rollers,0,0,0,0,28.0,4.071428571428571,0.75,0.7857142857142857,0.17857142857142858,0.7005658668598959,0.3801388147357181,0.01788574479444741,0.2352375867592098,0.7678571428571428,0.75,0.7651785714285715,LOW TRACTION
P456412,Greek Yoghurt Foaming Cream Cleanser,KORRES,38097,4.5667,4186.0,28.0,Skincare,Cleansers,Face Wash & Cleansers,0,0,1,0,4186.0,4.566650740563784,0.9303680169446651,0.9111323459149546,0.04180602006688963,0.8130601644029661,0.7618793379604912,0.9861185264281901,0.8515750133475708,0.8916626851409459,0.9303680169446651,0.9061947337981631,HERO PRODUCT
P480612,Santorini Grape Poreless Skin Cream,KORRES,5890,4.4026,3167.0,38.5,Skincare,Moisturizers,Moisturizers,0,0,1,0,3167.0,4.402589201136722,0.9194821597726555,0.8882222923902747,0.023997473950110516,0.3696306464497489,0.2172984516817939,0.9759743726641751,0.5207688200747463,0.8506473002841806,0.9194821597726555,0.8769340069466373,HERO PRODUCT
P456207,Greek Yoghurt Nourishing Probiotic Gel-Cream,KORRES,9157,4.348,3112.0,38.5,Skincare,Moisturizers,Moisturizers,0,0,1,0,3112.0,4.348007712082262,0.8978149100257069,0.8615038560411311,0.040167095115681235,0.7660480604223583,0.3446342765616658,0.9738387613454351,0.5963160704751735,0.8370019280205656,0.8978149100257069,0.8589211118251928,HERO PRODUCT
P456418,Wild Rose Night-Brightening Sleeping Facial,KORRES,10482,4.3596,1424.0,50.0,Skincare,Moisturizers,Night Creams,0,0,1,0,1424.0,4.359550561797753,0.7893175074183977,0.8377808988764045,0.09831460674157304,0.8324300020465011,0.39188467698878804,0.899359316604378,0.594874532835024,0.8398876404494382,0.7893175074183977,0.824400589304171,HYPE GAP
P456417,Wild Rose Brightening Absolute Oil,KORRES,5462,4.3553,622.0,54.0,Skincare,Moisturizers,Face Oils,0,0,1,0,622.0,4.355305466237942,0.7978723404255319,0.8231511254019293,0.1302250803858521,0.813413646571415,0.19754404698344902,0.7498665242925787,0.41847303790710094,0.8388263665594855,0.7978723404255319,0.8241888725456661,LOW TRACTION
P456414,Greek Yoghurt Probiotic Superdose Face Mask,KORRES,12229,4.5049,509.0,52.0,Skincare,Masks,Face Masks,0,0,1,0,509.0,4.504911591355599,0.9135559921414538,0.9017681728880157,0.04911591355599214,0.7845431944874467,0.4442071542979178,0.7004805125467165,0.5467164975974372,0.8762278978388998,0.9135559921414538,0.8912573673870334,HERO PRODUCT
P474340,Santorini Grape Velvet Skin Drink,KORRES,13454,4.5878,427.0,50.0,Skincare,Moisturizers,Face Oils,0,0,1,0,430.0,4.590697674418605,0.9372093023255814,0.9232558139534883,0.020930232558139535,0.7508710492402315,0.47303790710090765,0.6422851041110518,0.5407367859049653,0.8976744186046512,0.9372093023255814,0.9133720930232558,HERO PRODUCT
P456421,Black Pine 3D Eye-Lift Super Serum,KORRES,4302,4.0063,158.0,61.0,Skincare,Eye Care,Eye Creams & Treatments,0,0,1,0,159.0,4.0062893081761,0.7007299270072993,0.710691823899371,0.2138364779874214,0.818788211290718,0.14842498665242926,0.3649225840896957,0.23502402562733585,0.7515723270440251,0.7007299270072993,0.7301875315613093,LOW TRACTION
P456413,Mini Greek Yoghurt Foaming Cream Cleanser,KORRES,12738,4.2471,85.0,16.0,Skincare,Mini Size,,0,0,1,0,85.0,4.247058823529412,0.8117647058823529,0.7764705882352941,0.09411764705882353,0.8203348196629021,0.4586225306994127,0.22397223705285638,0.3647624132407902,0.8117647058823529,0.8117647058823529,0.8064705882352942,LOW TRACTION
P455919,MenoReverse Volumizing Serum-in-Moisturizer,KORRES,3897,4.0517,58.0,45.0,Skincare,Moisturizers,Moisturizers,0,0,1,0,58.0,4.051724137931035,0.6724137931034483,0.6551724137931034,0.15517241379310345,0.8455420544272975,0.13294180459156432,0.1401494927923118,0.1358248798718633,0.7629310344827587,0.6724137931034483,0.7196120689655173,LOW TRACTION
P500329,Plump + Juicy Lip Booster Buttery Treatment,Kosas,22688,4.2938,194.0,25.0,Skincare,Lip Balms & Treatments,,0,0,0,0,194.0,4.293814432989691,0.8298969072164949,0.8195876288659794,0.11855670103092783,0.6319213921609133,0.6348104644954619,0.4241857981847304,0.5505605979711693,0.8234536082474226,0.8298969072164949,0.8248067010309279,HYPE GAP
P502745,Plump + Juicy Vegan Collagen + Probiotic Spray-On Serum,Kosas,22286,4.3741,139.0,48.0,Skincare,Moisturizers,Mists & Essences,0,0,0,0,141.0,4.382978723404255,0.8723404255319149,0.8652482269503546,0.07092198581560284,0.8594982658309498,0.6300053390282968,0.3352909770421783,0.5121195942338495,0.8457446808510638,0.8723404255319149,0.8566489361702128,HERO PRODUCT
P387511,Immortelle Divine Cream,L'Occitane,6151,3.8805,159.0,115.0,Skincare,Moisturizers,Moisturizers,0,0,1,0,159.0,3.880503144654088,0.5846153846153846,0.6477987421383647,0.2138364779874214,0.7162514990195632,0.22744260544580885,0.3649225840896957,0.2824345969033636,0.720125786163522,0.5846153846153846,0.6686236090953073,LOW TRACTION
P442734,Immortelle Reset Overnight Reset Oil-In Serum,L'Occitane,12040,4.5333,60.0,65.0,Skincare,Treatments,Face Serums,0,0,1,0,61.0,4.508196721311475,0.8852459016393442,0.8688524590163934,0.08196721311475409,0.7890437294418613,0.4367325146823278,0.14762413240790176,0.3210891617725574,0.8770491803278688,0.8852459016393442,0.8782786885245901,HIDDEN GEM
P416341,Crème de la Mer Moisturizer,La Mer,90776,4.0566,1377.0,380.0,Skincare,Moisturizers,Moisturizers,0,0,0,0,1378.0,4.05732946298984,0.7545239968528717,0.7452830188679245,0.18214804063860668,0.6612382611178086,0.9183128670581954,0.895088093966898,0.9090229578216764,0.7643323657474601,0.7545239968528717,0.7585324530471533,HYPE GAP
P426501,Mini Crème de la Mer Moisturizer,La Mer,18102,4.0566,1377.0,100.0,Skincare,Mini Size,,0,0,0,0,1378.0,4.05732946298984,0.7545239968528717,0.7452830188679245,0.18214804063860668,0.6612382611178086,0.5734116390816871,0.895088093966898,0.7020822210357716,0.7643323657474601,0.7545239968528717,0.7585324530471533,HYPE GAP
P461949,The Concentrate Serum,La Mer,7514,4.5187,563.0,425.0,Skincare,Treatments,Face Serums,0,0,0,0,563.0,4.518650088809947,0.8827708703374778,0.8880994671403197,0.047957371225577264,0.7540868321562758,0.2829684997330486,0.7282434596903363,0.4610784837159637,0.8796625222024868,0.8827708703374778,0.8818605683836591,HIDDEN GEM
P480613,The Treatment Lotion,La Mer,8097,4.6439,424.0,180.0,Skincare,Moisturizers,Mists & Essences,0,0,0,0,424.0,4.643867924528302,0.9316037735849056,0.9245283018867925,0.025943396226415096,0.7676135218661765,0.3043246129204485,0.6374799786438868,0.4375867592098238,0.9109669811320755,0.9316037735849056,0.9191922169811321,HIDDEN GEM
P482024,Mini The Treatment Lotion,La Mer,5212,4.6439,424.0,125.0,Skincare,Moisturizers,Mists & Essences,0,0,0,0,424.0,4.643867924528302,0.9316037735849056,0.9245283018867925,0.025943396226415096,0.7676135218661765,0.18526428190069408,0.6374799786438868,0.3661505605979712,0.9109669811320755,0.9316037735849056,0.9191922169811321,HIDDEN GEM
P475124,The Hydrating Infused Emulsion,La Mer,8930,4.6222,360.0,125.0,Skincare,Moisturizers,Mists & Essences,0,0,0,0,360.0,4.622222222222222,0.9222222222222223,0.925,0.025,0.43751238810795323,0.3358248798718633,0.5918312867058195,0.43822744260544577,0.9055555555555554,0.9222222222222223,0.9134722222222222,HIDDEN GEM
P455924,The Eye Concentrate Cream,La Mer,16236,4.0535,318.0,260.0,Skincare,Eye Care,Eye Creams & Treatments,0,0,0,0,318.0,4.053459119496855,0.7735849056603774,0.7547169811320755,0.1540880503144654,0.7578182232379913,0.5328350240256273,0.5603310197544047,0.5438334223171383,0.7633647798742138,0.7735849056603774,0.7651336477987422,HYPE GAP
P417241,The Renewal Oil,La Mer,14920,4.4256,195.0,270.0,Skincare,Moisturizers,Face Oils,0,0,0,0,199.0,4.422110552763819,0.8823529411764706,0.8693467336683417,0.08040201005025126,0.738630497455597,0.5034703683929524,0.4316604378003203,0.47474639615589964,0.8555276381909547,0.8823529411764706,0.8656480934082176,HIDDEN GEM
P417242,The Lip Balm,La Mer,28090,3.9323,192.0,75.0,Skincare,Lip Balms & Treatments,,0,0,0,0,192.0,3.9322916666666665,0.6708074534161491,0.7135416666666666,0.21354166666666666,0.7218891781215605,0.6940736785904965,0.4204484783769354,0.5846235985050721,0.7330729166666666,0.6708074534161491,0.7114635901915114,HYPE GAP
P450290,The Regenerating Serum,La Mer,5356,4.375,152.0,410.0,Skincare,Treatments,Face Serums,0,0,0,0,174.0,4.402298850574713,0.8448275862068966,0.8448275862068966,0.05747126436781609,0.19915551170120088,0.19113721302722905,0.39241857981847306,0.2716497597437267,0.8505747126436782,0.8448275862068966,0.8479885057471266,HIDDEN GEM
P429637,The Moisturizing Cool Gel Cream,La Mer,8727,3.6788,137.0,200.0,Skincare,Moisturizers,Moisturizers,0,0,0,0,137.0,3.678832116788321,0.6715328467153284,0.6715328467153284,0.27007299270072993,0.8157103324449191,0.32835024025627335,0.32648158035237584,0.32760277629471435,0.6697080291970803,0.6715328467153284,0.6705291970802919,LOW TRACTION
P416344,The Cleansing Foam,La Mer,19070,4.0,119.0,95.0,Skincare,Cleansers,Face Wash & Cleansers,0,0,0,0,119.0,4.0,0.7027027027027027,0.7058823529411765,0.16806722689075632,0.7237158690889677,0.586759209823812,0.2952482648158035,0.4701548318206086,0.75,0.7027027027027027,0.7291931637519873,LOW TRACTION
P505160,The Moisturizing Soft Cream Moisturizer,La Mer,295,4.5146,103.0,380.0,Skincare,Moisturizers,Moisturizers,0,1,1,0,200.0,4.48,0.89,0.88,0.05,0.6854838700063767,0.007474639615589963,0.43379604911906033,0.17800320341697815,0.8700000000000001,0.89,0.8775000000000001,HIDDEN GEM
P417107,The Moisturizing Soft Lotion,La Mer,4580,4.0704,71.0,320.0,Skincare,Moisturizers,Moisturizers,0,0,0,0,71.0,4.070422535211268,0.8059701492537313,0.7605633802816901,0.11267605633802817,0.7084828307231267,0.1585691404164442,0.1817939135077416,0.16785904965296317,0.767605633802817,0.8059701492537313,0.7780586504099223,LOW TRACTION
P417118,The Broad Spectrum SPF 50 UV Protecting Fluid,La Mer,12975,4.2537,67.0,105.0,Skincare,Sunscreen,Face Sunscreen,0,0,0,0,67.0,4.253731343283582,0.7833333333333333,0.7611940298507462,0.13432835820895522,0.7876362954194729,0.46342765616657766,0.16898024559530164,0.34564869193806724,0.8134328358208955,0.7833333333333333,0.7965671641791046,LOW TRACTION
P421249,The Moisturizing Matte Lotion,La Mer,4347,4.2258,62.0,320.0,Skincare,Moisturizers,Moisturizers,0,0,0,0,62.0,4.225806451612903,0.7931034482758621,0.7580645161290323,0.08064516129032258,0.7832335248589516,0.15002669514148426,0.15082754938601176,0.15034703683929526,0.8064516129032258,0.7931034482758621,0.7951890989988877,LOW TRACTION
P444964,The Lip Volumizer,La Mer,19686,3.5536,56.0,85.0,Skincare,Lip Balms & Treatments,,0,0,0,0,56.0,3.5535714285714284,0.625,0.5892857142857143,0.2857142857142857,0.7533541289242831,0.595301655098772,0.1366791243993593,0.4118526428190069,0.6383928571428571,0.625,0.6270089285714286,LOW TRACTION
P417111,The Eye Balm Intense,La Mer,10037,3.5818,55.0,260.0,Skincare,Eye Care,Eye Creams & Treatments,0,0,0,0,55.0,3.581818181818182,0.574468085106383,0.6363636363636364,0.3090909090909091,0.8213816996452943,0.37479978643886813,0.13294180459156432,0.2780565936999466,0.6454545454545455,0.574468085106383,0.6227949709864604,LOW TRACTION
P431416,The Replenishing Oil Exfoliator,La Mer,8653,4.6596,47.0,135.0,Skincare,Cleansers,Exfoliators,0,0,0,0,47.0,4.659574468085107,0.8723404255319149,0.8936170212765957,0.02127659574468085,0.8681302727623419,0.3230112119594234,0.10250934329951948,0.23481046449546183,0.9148936170212767,0.8723404255319149,0.8989361702127661,HIDDEN GEM
P417243,The Tonic,La Mer,9567,4.1333,45.0,95.0,Skincare,Cleansers,Toners,0,0,0,0,45.0,4.133333333333334,0.7948717948717948,0.7555555555555555,0.17777777777777778,0.7307327470996163,0.3571809930592632,0.09369994660971703,0.25178857447944475,0.7833333333333334,0.7948717948717948,0.7826282051282052,LOW TRACTION
P417114,The Cleansing Micellar Water,La Mer,6735,4.2,45.0,95.0,Skincare,Cleansers,Face Wash & Cleansers,0,0,0,0,45.0,4.2,0.8048780487804879,0.7555555555555555,0.15555555555555556,0.7959428412670438,0.2514682327816337,0.09369994660971703,0.18836091831286705,0.8,0.8048780487804879,0.7947967479674797,LOW TRACTION
P416538,The Lifting and Firming Mask,La Mer,15023,4.2857,42.0,300.0,Skincare,Masks,Face Masks,0,0,0,0,42.0,4.285714285714286,0.775,0.7857142857142857,0.16666666666666666,0.7452150224929764,0.5088093966898024,0.08515750133475708,0.33934863854778424,0.8214285714285714,0.775,0.8021428571428572,LOW TRACTION
P417115,The Intensive Revitalizing Mask,La Mer,6256,4.4571,35.0,200.0,Skincare,Masks,Face Masks,0,0,0,0,35.0,4.457142857142857,0.8181818181818182,0.8571428571428571,0.08571428571428572,0.8353687323191586,0.23331553657234383,0.04965296316070475,0.1598505072076882,0.8642857142857143,0.8181818181818182,0.849383116883117,HIDDEN GEM
P416725,The Revitalizing Hydrating Serum,La Mer,8300,4.0,29.0,255.0,Skincare,Treatments,Face Serums,0,0,0,0,29.0,4.0,0.8,0.7241379310344828,0.1724137931034483,0.7736777241887718,0.31179925253603846,0.022957821676454885,0.19626268019220502,0.75,0.8,0.7611206896551725,LOW TRACTION
P379510,Advanced Génifique Radiance Boosting Face Serum,Lancôme,82978,4.4032,1602.0,132.0,Skincare,Treatments,Face Serums,0,0,0,0,1603.0,4.402994385527137,0.8914421553090333,0.8577666874610106,0.0792264504054897,0.7397359563091277,0.9129738387613454,0.9135077415910304,0.9131873998932194,0.8507485963817842,0.8914421553090333,0.8640093777218429,HERO PRODUCT
P54509,Tonique Confort Re-Hydrating Comforting Toner with Acacia Honey,Lancôme,55339,4.5585,1581.0,39.0,Skincare,Cleansers,Toners,0,0,0,0,1581.0,4.558507273877293,0.936006168080185,0.9127134724857685,0.041113219481340925,0.770752345318029,0.8462359850507207,0.9119060331019755,0.8725040042712227,0.8896268184693232,0.936006168080185,0.9070036214550485,HERO PRODUCT
P453825,Hydra Zen Glow Liquid Lightweight Moisturizer with Hyaluronic Acid,Lancôme,9381,4.413,1511.0,54.0,Skincare,Moisturizers,Moisturizers,0,0,0,0,1511.0,4.412971542025149,0.913964262078094,0.8755790866975512,0.02911978821972204,0.7296395699183146,0.35077415910304327,0.9071009076348104,0.5733048585157502,0.8532428855062872,0.913964262078094,0.8748097286565188,HERO PRODUCT
P422430,Hydra Zen Gel-Cream Oil-Free Moisturizer with Salicylic Acid,Lancôme,15564,4.5629,1256.0,48.0,Skincare,Moisturizers,Moisturizers,0,0,0,0,1256.0,4.562898089171974,0.9339171974522293,0.9132165605095541,0.02786624203821656,0.7363373770421704,0.5210891617725574,0.8825413774693006,0.6656700480512547,0.8907245222929936,0.9339171974522293,0.9070561305732484,HERO PRODUCT
P470041,"UV Expert Aquagel Defense Sunscreen, Primer & Moisturizer SPF 50 Duo",Lancôme,3271,4.2383,1045.0,65.0,Skincare,Value & Gift Sets,,1,0,0,1,1045.0,4.238277511961723,0.8583732057416268,0.816267942583732,0.08229665071770335,0.7779430533515527,0.10945008008542445,0.8505072076882008,0.405872931126535,0.8095693779904307,0.8583732057416268,0.8252153110047847,LOW TRACTION
P375841,Advanced Génifique Yeux Light-Pearl Eye Serum,Lancôme,21787,4.0968,1002.0,80.0,Skincare,Eye Care,Eye Creams & Treatments,0,0,0,0,1002.0,4.0968063872255485,0.8300220750551877,0.7694610778443114,0.08882235528942116,0.7991270000463003,0.6246663107314468,0.8403630539241858,0.7109450080085424,0.7742015968063871,0.8300220750551877,0.7902366624367159,HYPE GAP
P470536,Clarifique Exfoliating & Hydrating Face Essence with Glycolic Acid,Lancôme,10202,4.643,846.0,95.0,Skincare,Moisturizers,Mists & Essences,0,0,0,0,847.0,4.64344746162928,0.9574970484061394,0.9421487603305785,0.012987012987012988,0.6632299223278142,0.3796049119060331,0.8056593699946609,0.5500266951414843,0.91086186540732,0.9574970484061394,0.9295454545454545,HERO PRODUCT
P472981,Advanced Génifique Wrinkle & Dark Circle Eye Cream,Lancôme,22310,4.6133,706.0,79.0,Skincare,Eye Care,Eye Creams & Treatments,0,0,0,0,708.0,4.610169491525424,0.942090395480226,0.9251412429378532,0.022598870056497175,0.5771510182908087,0.6305392418579818,0.7784303256807261,0.6896956753870795,0.902542372881356,0.942090395480226,0.9177966101694917,HERO PRODUCT
P479971,Rénergie H.C.F. Triple Serum: For Plumping & Anti-Aging,Lancôme,9070,4.4419,602.0,140.0,Skincare,Treatments,Face Serums,0,0,0,0,603.0,4.439469320066335,0.912106135986733,0.8855721393034826,0.03482587064676617,0.6944982762399473,0.34223171382808326,0.7418579818473038,0.5020822210357715,0.8598673300165838,0.912106135986733,0.8793946932006634,HERO PRODUCT
P502761,Advanced Génifique Night Cream with Triple Ceramide Complex,Lancôme,2887,4.7127,463.0,95.0,Skincare,Moisturizers,Night Creams,0,0,0,0,463.0,4.712742980561555,0.9654427645788337,0.9546436285097192,0.0064794816414686825,0.8445378243923187,0.09236518953550454,0.6687132941804591,0.32290443139348635,0.9281857451403888,0.9654427645788337,0.9433315334773218,HIDDEN GEM
P217932,Crème Radiance Gentle Cleansing Creamy-Foam Cleanser,Lancôme,17120,4.4416,394.0,34.0,Skincare,Cleansers,Face Wash & Cleansers,0,0,0,0,394.0,4.441624365482234,0.8362068965517241,0.8553299492385786,0.09137055837563451,0.846822453424794,0.5517885744794447,0.6142552055525894,0.5767752269087026,0.8604060913705585,0.8362068965517241,0.8523849116051112,HERO PRODUCT
P453826,Rénergie Lift Multi-Action Ultra Dark Spot Correcting Cream SPF 30,Lancôme,8888,4.6909,317.0,135.0,Skincare,Moisturizers,Moisturizers,0,0,0,0,317.0,4.690851735015773,0.9558359621451105,0.9495268138801262,0.022082018927444796,0.7841784954071045,0.33315536572343835,0.5579284570208222,0.42306460224239184,0.9227129337539433,0.9558359621451105,0.936671924290221,HIDDEN GEM
P467630,Rénergie Lift Multi-Action Ultra Dark Circle Correcting Eye Cream,Lancôme,9874,4.6376,298.0,82.0,Skincare,Eye Care,Eye Creams & Treatments,0,0,0,0,298.0,4.6375838926174495,0.9261744966442953,0.9228187919463087,0.050335570469798654,0.818204159617424,0.36839295248264814,0.5371062466631074,0.4358782701548318,0.9093959731543624,0.9261744966442953,0.9164429530201342,HIDDEN GEM
P217931,Tonique Radiance Clarifying Refining Toner,Lancôme,6619,4.103,165.0,31.0,Skincare,Cleansers,Toners,0,0,0,0,165.0,4.1030303030303035,0.7727272727272727,0.7515151515151515,0.12727272727272726,0.781283400952816,0.24719701014415377,0.3742658836091831,0.2980245595301655,0.7757575757575759,0.7727272727272727,0.7712121212121212,LOW TRACTION
P474843,Absolue Soft Cream Revitalizing & Brightening Moisturizer,Lancôme,5913,4.6763,139.0,150.0,Skincare,Moisturizers,Moisturizers,0,0,1,0,139.0,4.676258992805756,0.9568345323741008,0.9496402877697842,0.007194244604316547,0.8954174895675815,0.2194340630005339,0.3323545114789108,0.2646022423918847,0.9190647482014389,0.9568345323741008,0.9349820143884892,HIDDEN GEM
P474844,Absolue Revitalizing Eye Cream,Lancôme,5509,4.6094,128.0,135.0,Skincare,Eye Care,Eye Creams & Treatments,0,0,1,0,128.0,4.609375,0.921875,0.90625,0.046875,0.8629337300856909,0.201815269620929,0.30966364121729845,0.2449546182594768,0.90234375,0.921875,0.9087890625000001,HIDDEN GEM
P482025,Absolue Rich Cream Moisturizer,Lancôme,1453,4.8031,127.0,270.0,Skincare,Moisturizers,Moisturizers,0,0,1,0,127.0,4.803149606299213,0.984251968503937,0.984251968503937,0.007874015748031496,0.9291666746139526,0.039508809396689805,0.30832888414308596,0.14703683929524827,0.9507874015748032,0.984251968503937,0.9658464566929135,HIDDEN GEM
P430813,Advanced Génifique Hydrogel Melting Mask,Lancôme,13528,4.0833,108.0,15.0,Skincare,Masks,Sheet Masks,0,0,0,0,108.0,4.083333333333333,0.75,0.75,0.19444444444444445,0.8142815305906184,0.47463961558996265,0.27549386011745863,0.39498131340096104,0.7708333333333333,0.75,0.7614583333333333,LOW TRACTION
P422428,Hydra Zen Anti-Stress Moisturizing Face Cream,Lancôme,5273,4.2692,78.0,57.0,Skincare,Moisturizers,Moisturizers,0,0,1,0,78.0,4.269230769230769,0.8441558441558441,0.8461538461538461,0.07692307692307693,0.7464247031344308,0.18686599038974908,0.20608649225840897,0.19455419113721303,0.8173076923076923,0.8441558441558441,0.8296890609390609,LOW TRACTION
P376135,Rénergie Lift Multi-Action Night Cream,Lancôme,8299,4.3571,56.0,160.0,Skincare,Moisturizers,Moisturizers,0,0,0,0,56.0,4.357142857142857,0.8285714285714286,0.8392857142857143,0.125,0.6960362179712816,0.31126534970635344,0.1366791243993593,0.24143085958355578,0.8392857142857142,0.8285714285714286,0.8360714285714286,LOW TRACTION
P433461,Rose Sugar Scrub,Lancôme,7764,3.8049,41.0,34.0,Skincare,Cleansers,Face Wash & Cleansers,0,0,0,0,42.0,3.761904761904762,0.6904761904761905,0.6666666666666666,0.2619047619047619,0.8101154628552889,0.2952482648158035,0.08515750133475708,0.21121195942338494,0.6904761904761905,0.6904761904761905,0.6869047619047619,LOW TRACTION
P379009,Rénergie Lift Multi-Action Day Cream with SPF 15 - All Skin Types,Lancôme,3448,3.8108,37.0,135.0,Skincare,Moisturizers,Moisturizers,0,0,0,0,37.0,3.810810810810811,0.5789473684210527,0.7027027027027027,0.24324324324324326,0.8044254285948617,0.11639081687132942,0.0605979711692472,0.09407367859049653,0.7027027027027027,0.5789473684210527,0.6655761024182077,LOW TRACTION
P447607,Rose Milk Re-Hydrating Mist,Lancôme,5507,3.5517,29.0,30.0,Skincare,Moisturizers,Mists & Essences,0,0,0,0,29.0,3.5517241379310347,0.6551724137931034,0.6206896551724138,0.27586206896551724,0.8402116651888247,0.200747463961559,0.022957821676454885,0.12963160704751733,0.6379310344827587,0.6551724137931034,0.6405172413793103,LOW TRACTION
P447608,Rose Sorbet Cryo-Mask,Lancôme,3771,3.5185,27.0,45.0,Skincare,Masks,Face Masks,0,0,0,0,27.0,3.5185185185185186,0.5925925925925926,0.5555555555555556,0.3333333333333333,0.7775566176726267,0.12733582487987186,0.012813667912439935,0.08152696209289909,0.6296296296296297,0.5925925925925926,0.6074074074074075,LOW TRACTION
P505452,Clarifique Pro-Solution Brightening & Dark Spot Reducing Serum,Lancôme,23,4.4,5.0,85.0,Skincare,Treatments,Face Serums,0,1,0,0,81.0,4.54320987654321,0.9753086419753086,0.9629629629629629,0.0,1.0,0.004271222637479978,0.21169247197010144,0.08723972237052857,0.8858024691358024,0.9753086419753086,0.9242283950617283,HIDDEN GEM
P420652,Lip Sleeping Mask Intense Hydration with Vitamin C,LANEIGE,1081315,4.3508,16118.0,24.0,Skincare,Lip Balms & Treatments,,0,0,0,1,16138.0,4.3504771347131,0.829674822315869,0.8187507745693394,0.11519395216259759,0.7761568073019429,1.0,1.0,1.0,0.837619283678275,0.829674822315869,0.8324056689032129,HYPE GAP
P443563,Lip Glowy Balm,LANEIGE,471406,4.3923,3722.0,18.0,Skincare,Lip Balms & Treatments,,0,0,0,1,3742.0,4.393105291288081,0.8551576696953501,0.8399251737039016,0.08284339925173703,0.778514206298318,0.997330485851575,0.9829151094500801,0.9915643352909771,0.8482763228220203,0.8551576696953501,0.8490880545163014,HERO PRODUCT
P446930,Cream Skin Toner & Moisturizer,LANEIGE,143173,4.4481,1859.0,33.0,Skincare,Moisturizers,Moisturizers,0,0,0,1,1865.0,4.448793565683646,0.8916890080428954,0.864343163538874,0.061126005361930295,0.7927984585995074,0.9604911906033102,0.9321943406300054,0.9491724506139883,0.8621983914209115,0.8916890080428954,0.8713672922252009,HERO PRODUCT
P454313,Cica Sleeping Mask,LANEIGE,80111,4.6375,971.0,34.0,Skincare,Masks,Face Masks,0,0,0,1,977.0,4.6366427840327535,0.9201637666325486,0.9089048106448311,0.05322415557830092,0.7531138619314879,0.9087026161238655,0.8331553657234383,0.8784837159636946,0.9091606960081884,0.9201637666325486,0.9124232343909928,HERO PRODUCT
P469490,Lip Treatment Balm,LANEIGE,93358,4.2128,719.0,25.0,Skincare,Lip Balms & Treatments,,0,0,0,1,719.0,4.212795549374131,0.7830319888734353,0.7621696801112656,0.12795549374130738,0.754477800212253,0.9225840896956754,0.7843032568072611,0.8672717565403096,0.8031988873435327,0.7830319888734353,0.7909944367176635,HYPE GAP
P482693,Water Bank Blue Hyaluronic Cream Moisturizer,LANEIGE,48729,3.9928,699.0,40.0,Skincare,Moisturizers,Moisturizers,0,0,0,0,700.0,3.9914285714285715,0.7342857142857143,0.7214285714285714,0.20857142857142857,0.7305267342463168,0.8238120662039509,0.7752269087026161,0.8043780032034169,0.7478571428571429,0.7342857142857143,0.7398214285714286,HYPE GAP
P466134,Radian-C Cream with Vitamin C,LANEIGE,45923,4.4913,631.0,35.0,Skincare,Moisturizers,Moisturizers,0,0,0,1,632.0,4.492088607594937,0.884493670886076,0.8781645569620253,0.06962025316455696,0.5616771451464282,0.8115323011211959,0.7576081153230112,0.789962626801922,0.8730221518987342,0.884493670886076,0.8772349683544305,HERO PRODUCT
P479330,Water Sleeping Mask with Squalane,LANEIGE,78940,4.3623,472.0,32.0,Skincare,Masks,Face Masks,0,0,0,1,473.0,4.363636363636363,0.8625792811839323,0.8414376321353065,0.10993657505285412,0.7549235547971576,0.9065670048051254,0.6745862253069941,0.8137746930058729,0.8409090909090908,0.8625792811839323,0.8474894291754757,HERO PRODUCT
P482692,Water Bank Blue Hyaluronic Serum,LANEIGE,24759,4.7355,310.0,45.0,Skincare,Treatments,Face Serums,0,0,0,1,311.0,4.736334405144695,0.9453376205787781,0.9356913183279743,0.01929260450160772,0.6206759575564983,0.6615056059797116,0.5525894287239722,0.6179391350774158,0.9340836012861737,0.9453376205787781,0.9377009646302252,HERO PRODUCT
P460514,Cream Skin Milk Oil Cleanser,LANEIGE,27415,4.3729,303.0,34.0,Skincare,Cleansers,Face Wash & Cleansers,0,0,0,1,304.0,4.375,0.8552631578947368,0.8322368421052632,0.08881578947368421,0.6985441827939616,0.6871329418045916,0.5472504004271223,0.6311799252536039,0.84375,0.8552631578947368,0.8454769736842105,HERO PRODUCT
P460513,Cream Skin Mist,LANEIGE,43168,4.5739,291.0,27.0,Skincare,Moisturizers,Mists & Essences,0,0,0,1,292.0,4.575342465753424,0.8904109589041096,0.886986301369863,0.06164383561643835,0.6963000493031917,0.797116924719701,0.5315002669514148,0.6908702616123865,0.8938356164383561,0.8904109589041096,0.8917808219178082,HERO PRODUCT
P503867,Retinol Firming Cream Treatment with Peptides + Hyaluronic Acid,LANEIGE,8178,4.5728,213.0,39.0,Skincare,Treatments,Face Serums,0,0,0,1,234.0,4.581196581196581,0.9786324786324786,0.9487179487179487,0.004273504273504274,0.2990338106950124,0.3059263214095035,0.47010144153764016,0.37159636946075814,0.8952991452991452,0.9786324786324786,0.9283119658119658,HIDDEN GEM
P501030,Radian-C Brightening Treatment Essence,LANEIGE,10478,4.6995,203.0,39.0,Skincare,Moisturizers,Mists & Essences,0,0,0,1,203.0,4.699507389162561,0.9950738916256158,0.9753694581280788,0.0049261083743842365,0.2228162640548614,0.391350774159103,0.43726641751201284,0.40971703150026695,0.9248768472906403,0.9950738916256158,0.9535098522167489,HIDDEN GEM
P504212,Berries n' Choco Kisses Set,LANEIGE,71206,4.5954,173.0,26.0,Skincare,Value & Gift Sets,,1,1,0,1,183.0,4.601092896174864,0.9016393442622951,0.907103825136612,0.06557377049180328,0.8559177847629463,0.8873465029364656,0.40603310197544046,0.6948211425520555,0.9002732240437159,0.9016393442622951,0.9017076502732241,HERO PRODUCT
P482695,Water Bank Blue Hyaluronic Gel Moisturizer,LANEIGE,15636,4.0473,169.0,40.0,Skincare,Moisturizers,Moisturizers,0,0,0,1,191.0,4.141361256544503,0.8167539267015707,0.7853403141361257,0.16753926701570682,0.7511122117886383,0.5226908702616124,0.4193806727175654,0.4813667912439936,0.7853403141361257,0.8167539267015707,0.7947643979057591,LOW TRACTION
P481825,Hydro UV Defense Sunscreen Broad Spectrum SPF 50+,LANEIGE,19738,4.2583,151.0,30.0,Skincare,Sunscreen,Face Sunscreen,0,0,0,1,152.0,4.256578947368421,0.8157894736842105,0.8092105263157895,0.09868421052631579,0.8199945007469139,0.596903363587827,0.35210891617725576,0.49898558462359854,0.8141447368421053,0.8157894736842105,0.8138980263157896,HYPE GAP
P482696,Water Bank Blue Hyaluronic Eye Cream,LANEIGE,16508,4.5385,130.0,43.0,Skincare,Eye Care,Eye Creams & Treatments,0,0,0,1,131.0,4.534351145038168,0.916030534351145,0.8931297709923665,0.030534351145038167,0.6861834248451337,0.5387079551521623,0.3152696209289909,0.44933262146289377,0.883587786259542,0.916030534351145,0.8947519083969465,HIDDEN GEM
P484055,Water Bank Blue Hyaluronic Hydration Set,LANEIGE,40254,4.0192,52.0,45.0,Skincare,Value & Gift Sets,,0,0,0,1,52.0,4.019230769230769,0.7115384615384616,0.7307692307692307,0.17307692307692307,0.6709950488238108,0.7773625200213561,0.1203950880939669,0.5145755472504003,0.7548076923076923,0.7115384615384616,0.7382211538461538,HYPE GAP
P459116,Mini Cream Skin Toner & Moisturizer,LANEIGE,17031,4.3077,52.0,15.0,Skincare,Mini Size,,0,0,0,1,52.0,4.3076923076923075,0.8461538461538461,0.7884615384615384,0.07692307692307693,0.7832136947889717,0.5499199145755472,0.1203950880939669,0.3781099839829151,0.8269230769230769,0.8461538461538461,0.8269230769230769,LOW TRACTION
P504208,Midnight to Morning Hydration Set,LANEIGE,41957,4.2632,38.0,21.0,Skincare,Value & Gift Sets,,1,1,0,1,39.0,4.17948717948718,0.8205128205128205,0.7948717948717948,0.07692307692307693,0.8017696496602651,0.7901761879337961,0.07100907634810465,0.5025093432995195,0.7948717948717949,0.8205128205128205,0.8025641025641026,HYPE GAP
P482694,Mini Water Bank Blue Hyaluronic Cream Moisturizer,LANEIGE,13024,3.5135,37.0,23.0,Skincare,Moisturizers,Moisturizers,0,0,0,1,37.0,3.5135135135135136,0.6756756756756757,0.5675675675675675,0.24324324324324326,0.6746900605432915,0.4660971703150027,0.0605979711692472,0.3038974906567005,0.6283783783783784,0.6756756756756757,0.6334459459459459,LOW TRACTION
P500982,Water Bank Cleansing Foam,LANEIGE,7317,3.9286,28.0,25.0,Skincare,Cleansers,Face Wash & Cleansers,0,0,0,1,29.0,3.9655172413793105,0.6896551724137931,0.6896551724137931,0.2413793103448276,0.8646284577747186,0.2776294714361986,0.022957821676454885,0.1757608115323011,0.7413793103448276,0.6896551724137931,0.7181034482758621,LOW TRACTION
P458546,Set The Stage Hydrating Primer Serum,LAWLESS,12625,4.5976,251.0,32.0,Skincare,Treatments,Face Serums,0,0,0,1,251.0,4.597609561752988,0.9243027888446215,0.9203187250996016,0.05179282868525897,0.4922010449280266,0.45274959957287775,0.49038974906567007,0.46780565936999463,0.8994023904382471,0.9243027888446215,0.9100099601593625,HIDDEN GEM
P454771,Aglow Cleansing Butter,lilah b.,4469,4.5349,86.0,14.0,Skincare,Cleansers,Face Wash & Cleansers,0,0,1,0,86.0,4.534883720930233,0.8837209302325582,0.8837209302325582,0.08139534883720931,0.8612786391948132,0.15323011211959423,0.22610784837159636,0.1823812066203951,0.8837209302325582,0.8837209302325582,0.8837209302325582,HIDDEN GEM
P505047,High Performance Face Serum with Vitamin C and Hyaluronic Acid,MACRENE actives,254,4.9268,41.0,195.0,Skincare,Treatments,Face Serums,0,1,1,1,96.0,4.927083333333333,0.9791666666666666,0.9791666666666666,0.0,0.25,0.0058729311265349705,0.25040042712226374,0.10368392952482648,0.9817708333333333,0.9791666666666666,0.9805989583333332,HIDDEN GEM
P505140,Plumping High Performance Lip Filler with Hyaluronic Acid,MACRENE actives,422,4.7692,26.0,95.0,Skincare,Lip Balms & Treatments,,0,1,1,1,94.0,4.531914893617022,0.9148936170212766,0.8829787234042553,0.031914893617021274,0.39329404367340937,0.010678056593699947,0.24639615589962627,0.10496529631607047,0.8829787234042554,0.9148936170212766,0.8925531914893619,HIDDEN GEM
P505142,High Performance Eye Cream for Dark Circles with Hyaluronic Acid,MACRENE actives,328,4.8947,19.0,135.0,Skincare,Eye Care,Eye Creams & Treatments,0,1,1,1,51.0,4.8431372549019605,0.9803921568627451,0.9607843137254902,0.0196078431372549,0.7222223281860352,0.008542445274959957,0.11665776828617191,0.05178857447944474,0.9607843137254901,0.9803921568627451,0.9666666666666666,HIDDEN GEM
P505131,Moisturizing High Performance Face Cream with Peptides,MACRENE actives,297,4.9333,15.0,225.0,Skincare,Moisturizers,Moisturizers,0,1,1,1,31.0,4.709677419354839,0.967741935483871,0.967741935483871,0.0,0.6393939080563459,0.00800854244527496,0.03310197544046983,0.01804591564335291,0.9274193548387097,0.967741935483871,0.9455645161290324,HIDDEN GEM
P505133,High Performance Face Cleanser for Clear Skin with Niacinamide,MACRENE actives,204,4.9231,13.0,85.0,Skincare,Cleansers,Face Wash & Cleansers,0,1,1,1,55.0,4.927272727272728,1.0,1.0,0.0,0.8312500007450581,0.005339028296849973,0.13294180459156432,0.05638013881473571,0.9818181818181819,1.0,0.9900000000000001,HIDDEN GEM
P503992,Chia + Moringa Algae Enzyme Cleansing Oil,MARA,4444,4.8839,224.0,58.0,Skincare,Cleansers,Face Wash & Cleansers,0,1,0,0,241.0,4.8796680497925315,0.983402489626556,0.9875518672199171,0.008298755186721992,0.8863095283508301,0.15269620928990923,0.4789108382274426,0.2831820608649226,0.9699170124481329,0.983402489626556,0.9766078838174275,HIDDEN GEM
P503991,Algae + Moringa Universal Hydrating Face Oil,MARA,1595,4.9009,111.0,72.0,Skincare,Moisturizers,Face Oils,0,1,0,0,156.0,4.871794871794871,0.9871794871794872,0.9743589743589743,0.00641025641025641,0.9028395334879558,0.044847837693539776,0.3593166043780032,0.17063534436732514,0.9679487179487178,0.9871794871794872,0.974679487179487,HIDDEN GEM
P504026,Mini Algae + Moringa Universal Face Oil,MARA,1333,4.9009,111.0,40.0,Skincare,Moisturizers,Face Oils,0,1,0,0,156.0,4.871794871794871,0.9871794871794872,0.9743589743589743,0.00641025641025641,0.9028395334879558,0.034703683929524824,0.3593166043780032,0.16454885210891618,0.9679487179487178,0.9871794871794872,0.974679487179487,HIDDEN GEM
P504016,Mini Evening Primrose + Green Tea Algae Retinol Face Oil,MARA,1039,4.9487,78.0,66.0,Skincare,Moisturizers,Face Oils,0,1,0,0,78.0,4.948717948717949,1.0,1.0,0.0,0.8928571428571429,0.024292578750667378,0.20608649225840897,0.09701014415376402,0.9871794871794872,1.0,0.9929487179487181,HIDDEN GEM
P504031,Evening Primrose + Green Tea Algae Retinol Face Oil,MARA,940,4.9487,78.0,120.0,Skincare,Moisturizers,Face Oils,0,1,0,0,78.0,4.948717948717949,1.0,1.0,0.0,0.8928571428571429,0.02189001601708489,0.20608649225840897,0.09556860651361453,0.9871794871794872,1.0,0.9929487179487181,HIDDEN GEM
P504059,Chlorella + Reishi Sea Vitamin C Sérum,MARA,1554,4.9032,62.0,96.0,Skincare,Treatments,Face Serums,0,1,0,0,76.0,4.881578947368421,1.0,1.0,0.0,0.9597701368660763,0.04378003203416978,0.19701014415376403,0.10507207688200748,0.9703947368421053,1.0,0.983717105263158,HIDDEN GEM
P504199,Plankton + PHAFlower Acid Algae Serum,MARA,1159,4.8846,52.0,74.0,Skincare,Treatments,Face Serums,0,1,0,0,53.0,4.849056603773585,0.9811320754716981,0.9622641509433962,0.0,0.8452380704028266,0.027762947143619862,0.12466631073144688,0.06652429257875067,0.9622641509433962,0.9811320754716981,0.9679245283018869,HIDDEN GEM
P504134,Sea Silk Lip Balm,MARA,6580,4.4444,36.0,26.0,Skincare,Lip Balms & Treatments,,0,1,1,0,37.0,4.45945945945946,0.8108108108108109,0.7837837837837838,0.08108108108108109,0.812412943158831,0.24559530165509877,0.0605979711692472,0.17159636946075812,0.8648648648648649,0.8108108108108109,0.8364864864864866,LOW TRACTION
P504023,Algae + Zinc Sea Kale Mineral Sunscreen Sérum SPF 30,MARA,1323,4.5714,28.0,52.0,Skincare,Treatments,Face Serums,0,1,0,0,28.0,4.571428571428571,0.8928571428571429,0.8571428571428571,0.03571428571428571,0.7760416865348816,0.03363587827015483,0.01788574479444741,0.02733582487987186,0.8928571428571428,0.8928571428571429,0.8875,HIDDEN GEM
P504040,Spirulina + Ashwagandha Volcanic Sea Clay Detox Masque,MARA,1713,4.8519,27.0,54.0,Skincare,Masks,Face Masks,0,1,0,0,41.0,4.878048780487805,1.0,1.0,0.0,0.7499999977075137,0.04911906033101975,0.0798184730379071,0.061398825413774685,0.9695121951219512,1.0,0.9832317073170732,HIDDEN GEM
P440498,Drying Lotion,Mario Badescu,57039,4.0955,398.0,17.0,Skincare,Treatments,Blemish & Acne Treatments,0,0,0,0,398.0,4.0954773869346734,0.7839195979899497,0.7587939698492462,0.16080402010050251,0.6502400945140937,0.8537106246663108,0.6174586225306994,0.7592098238120661,0.7738693467336684,0.7839195979899497,0.7746231155778894,HYPE GAP
P440482,"Facial Spray with Aloe, Herbs and Rosewater",Mario Badescu,42146,3.7567,300.0,7.0,Skincare,Moisturizers,Mists & Essences,0,0,0,0,300.0,3.77,0.7,0.6666666666666666,0.25666666666666665,0.7485375582914928,0.791243993593166,0.5419113721302723,0.6915109450080086,0.6925,0.7,0.690875,HYPE GAP
P440503,Lip Balm,Mario Badescu,32609,4.2515,167.0,8.0,Skincare,Lip Balms & Treatments,,0,0,0,0,167.0,4.251497005988024,0.8263473053892215,0.8023952095808383,0.1377245508982036,0.8256491835766692,0.7330485851575014,0.3785371062466631,0.591243993593166,0.812874251497006,0.8263473053892215,0.8153443113772455,HYPE GAP
P440483,"Facial Spray with Aloe, Cucumber and Green Tea",Mario Badescu,19617,3.9603,126.0,7.0,Skincare,Moisturizers,Mists & Essences,0,0,0,0,126.0,3.9603174603174605,0.7698412698412699,0.7301587301587301,0.19047619047619047,0.8158332311162134,0.592632140950347,0.30672717565403096,0.4782701548318206,0.7400793650793651,0.7698412698412699,0.7475198412698413,LOW TRACTION
P444967,"Mini Facial Spray with Aloe, Herbs and Rosewater",Mario Badescu,32572,4.1138,123.0,5.0,Skincare,Mini Size,,0,0,0,0,124.0,4.096774193548387,0.782258064516129,0.7580645161290323,0.16129032258064516,0.7827440914797023,0.7319807794981313,0.3032568072610785,0.5604911906033102,0.7741935483870968,0.782258064516129,0.7741935483870968,HYPE GAP
P440484,"Facial Spray with Aloe, Chamomile and Lavender",Mario Badescu,16337,4.4396,91.0,7.0,Skincare,Moisturizers,Mists & Essences,0,0,0,0,91.0,4.43956043956044,0.8351648351648352,0.8571428571428571,0.06593406593406594,0.7529353226625151,0.5365723438334223,0.2389215162840363,0.41751201281366795,0.8598901098901099,0.8351648351648352,0.8520604395604396,HIDDEN GEM
P440490,Acne Facial Cleanser,Mario Badescu,13045,3.7625,80.0,15.0,Skincare,Cleansers,Face Wash & Cleansers,0,0,0,0,80.0,3.7625,0.675,0.6375,0.2375,0.8069739563124521,0.46663107314468766,0.20928990923651897,0.3636946075814202,0.690625,0.675,0.67796875,LOW TRACTION
P440502,Hyaluronic Eye Cream,Mario Badescu,10678,3.24,75.0,18.0,Skincare,Eye Care,Eye Creams & Treatments,0,0,0,0,75.0,3.24,0.52,0.49333333333333335,0.37333333333333335,0.8411104843020439,0.39829151094500803,0.19220501868659903,0.31585691404164445,0.56,0.52,0.538,LOW TRACTION
P440486,Glycolic Acid Toner,Mario Badescu,14598,4.1507,73.0,18.0,Skincare,Cleansers,Toners,0,0,0,0,73.0,4.1506849315068495,0.7671232876712328,0.7397260273972602,0.1506849315068493,0.801760087337564,0.49759743726641753,0.18499733048585157,0.3725573945541911,0.7876712328767124,0.7671232876712328,0.7743150684931508,LOW TRACTION
P440485,Enzyme Cleansing Gel,Mario Badescu,6291,3.75,72.0,14.0,Skincare,Cleansers,Face Wash & Cleansers,0,0,0,0,72.0,3.75,0.6527777777777778,0.6388888888888888,0.2638888888888889,0.6757160720844118,0.23545114789108382,0.18339562199679657,0.21462893753336892,0.6875,0.6527777777777778,0.6697916666666667,LOW TRACTION
P444968,"Mini Facial Spray with Aloe, Cucumber and Green Tea",Mario Badescu,16475,3.8382,68.0,5.0,Skincare,Mini Size,,0,0,0,0,68.0,3.838235294117647,0.7205882352941176,0.6911764705882353,0.20588235294117646,0.6944461181050255,0.5381740523224773,0.17245061398825415,0.39188467698878804,0.7095588235294118,0.7205882352941176,0.710110294117647,LOW TRACTION
P440489,Glycolic Foaming Cleanser,Mario Badescu,8640,4.129,62.0,16.0,Skincare,Cleansers,Face Wash & Cleansers,0,0,0,0,62.0,4.129032258064516,0.7903225806451613,0.7741935483870968,0.16129032258064516,0.7883692920721811,0.3216764548852109,0.15082754938601176,0.2533368926855312,0.782258064516129,0.7903225806451613,0.7834677419354837,LOW TRACTION
P440501,Seaweed Night Cream,Mario Badescu,7833,3.8387,62.0,22.0,Skincare,Moisturizers,Moisturizers,0,0,0,0,62.0,3.838709677419355,0.7096774193548387,0.6612903225806451,0.24193548387096775,0.7794960151825633,0.2979177789642285,0.15082754938601176,0.2390816871329418,0.7096774193548387,0.7096774193548387,0.7024193548387097,LOW TRACTION
P440494,Vitamin C Serum,Mario Badescu,10060,4.0816,49.0,45.0,Skincare,Treatments,Face Serums,0,0,0,0,49.0,4.081632653061225,0.7755102040816326,0.7551020408163265,0.16326530612244897,0.7463054479436672,0.3758675920982381,0.11238654564869194,0.27047517351841965,0.7704081632653061,0.7755102040816326,0.7696428571428572,LOW TRACTION
P444969,"Mini Facial Spray with Aloe, Chamomile and Lavender",Mario Badescu,11554,3.8511,47.0,5.0,Skincare,Mini Size,,0,0,0,0,48.0,3.7916666666666665,0.6666666666666666,0.6458333333333334,0.20833333333333334,0.8044973603553243,0.4223171382808329,0.10838227442605446,0.2967431927389215,0.6979166666666666,0.6666666666666666,0.6807291666666667,LOW TRACTION
P440496,Buffering Lotion,Mario Badescu,4679,3.9512,41.0,19.0,Skincare,Cleansers,Toners,0,0,0,0,41.0,3.951219512195122,0.7560975609756098,0.7317073170731707,0.24390243902439024,0.7761865825288825,0.16177255739455418,0.0798184730379071,0.12899092365189535,0.7378048780487805,0.7560975609756098,0.7423780487804877,LOW TRACTION
P440491,Botanical Exfoliating Scrub,Mario Badescu,6646,4.5405,37.0,26.0,Skincare,Cleansers,Exfoliators,0,0,0,0,37.0,4.54054054054054,0.8918918918918919,0.8918918918918919,0.10810810810810811,0.8550492334453499,0.24879871863320877,0.0605979711692472,0.17351841964762413,0.8851351351351351,0.8918918918918919,0.8881756756756757,HIDDEN GEM
P440492,Buttermilk Moisturizer,Mario Badescu,5546,3.9714,35.0,18.0,Skincare,Moisturizers,Moisturizers,0,0,1,0,35.0,3.9714285714285715,0.7428571428571429,0.6571428571428571,0.2,0.6688268078911689,0.20581954084356646,0.04965296316070475,0.14335290977042178,0.7428571428571429,0.7428571428571429,0.73,LOW TRACTION
P444615,Witch Hazel & Rosewater Toner,Mario Badescu,12154,4.0882,34.0,14.0,Skincare,Cleansers,Toners,0,0,0,0,34.0,4.088235294117647,0.7647058823529411,0.7352941176470589,0.20588235294117646,0.7164234980009496,0.4404698344901228,0.04591564335290977,0.2826481580352376,0.7720588235294117,0.7647058823529411,0.7643382352941177,LOW TRACTION
P440499,Silver Powder,Mario Badescu,6384,4.3939,33.0,12.0,Skincare,Treatments,Face Serums,0,0,0,0,33.0,4.393939393939394,0.9090909090909091,0.8787878787878788,0.06060606060606061,0.8632838418707252,0.2386545648691938,0.04217832354511479,0.16006406833956222,0.8484848484848484,0.9090909090909091,0.8712121212121212,HIDDEN GEM
P455909,Facial Spray with Aloe Sage & Orange Blossom,Mario Badescu,6786,4.4375,32.0,7.0,Skincare,Moisturizers,Mists & Essences,0,0,0,0,32.0,4.4375,0.875,0.84375,0.09375,0.8415878684289994,0.2544046983449012,0.037907100907634814,0.16780565936999464,0.859375,0.875,0.8617187500000001,HIDDEN GEM
P440493,Oil Free Moisturizer Broad Spectrum SPF 30,Mario Badescu,4935,3.6452,31.0,28.0,Skincare,Moisturizers,Moisturizers,0,0,0,0,31.0,3.6451612903225805,0.5483870967741935,0.5806451612903226,0.1935483870967742,0.765986607809152,0.17298451681793914,0.03310197544046983,0.11703150026695142,0.6612903225806451,0.5483870967741935,0.6153225806451612,LOW TRACTION
P502966,Great Skin Instant Glow Serum with Niacinamide and Hyaluronic Acid,MERIT,45008,4.6486,481.0,38.0,Skincare,Treatments,Face Serums,0,0,0,1,488.0,4.639344262295082,0.9282786885245902,0.9098360655737705,0.02459016393442623,0.8429962255305528,0.806727175654031,0.6857981847303791,0.7583555792845702,0.9098360655737705,0.9282786885245902,0.9153688524590163,HERO PRODUCT
P453253,Vegan Milk Moisturizer,MILK MAKEUP,35156,4.2213,1672.0,38.0,Skincare,Moisturizers,Moisturizers,0,0,0,1,1674.0,4.220430107526882,0.8357228195937874,0.8016726403823178,0.1039426523297491,0.7400698692862144,0.7463961558996263,0.9207154297917779,0.816123865456487,0.8051075268817205,0.8357228195937874,0.8137768817204301,HYPE GAP
P404795,Cooling Water,MILK MAKEUP,107607,3.6775,1327.0,28.0,Skincare,Moisturizers,Moisturizers,0,0,0,1,1328.0,3.6754518072289155,0.6437632135306554,0.6393072289156626,0.2560240963855422,0.7712168008138985,0.9380672717565403,0.8873465029364656,0.9177789642285104,0.6688629518072289,0.6437632135306554,0.6568996718905219,HYPE GAP
P404793,Sunshine Vitamin C + Squalane Face Oil,MILK MAKEUP,22337,4.3713,967.0,39.0,Skincare,Moisturizers,Face Oils,0,0,0,1,967.0,4.371251292657704,0.9007238883143743,0.8717683557394003,0.033092037228541885,0.7700607874926101,0.6321409503470369,0.8312867058195409,0.7117992525360385,0.8428128231644261,0.9007238883143743,0.8645294725956567,HERO PRODUCT
P456126,Vegan Milk Cleanser,MILK MAKEUP,17898,4.4259,789.0,30.0,Skincare,Cleansers,Face Wash & Cleansers,0,0,0,1,789.0,4.425855513307985,0.9011406844106464,0.8745247148288974,0.059569074778200254,0.6550816979730266,0.5702082221035771,0.7936465563267485,0.6595835557928458,0.8564638783269962,0.9011406844106464,0.8725760456273766,HERO PRODUCT
P430903,Watermelon Brightening Serum,MILK MAKEUP,38968,3.7258,299.0,36.0,Skincare,Treatments,Face Serums,0,0,0,1,299.0,3.725752508361204,0.6755852842809364,0.6354515050167224,0.24414715719063546,0.7821369687660357,0.7698878804057662,0.5387079551521623,0.6774159103043246,0.681438127090301,0.6755852842809364,0.6727842809364549,HYPE GAP
P404794,Hydrating Oil Stick,MILK MAKEUP,40465,3.8478,276.0,32.0,Skincare,Moisturizers,Face Oils,0,0,0,1,276.0,3.847826086956522,0.6802030456852792,0.677536231884058,0.22826086956521738,0.7917765855609652,0.7794981313400962,0.5162840363053924,0.6742124933262147,0.7119565217391305,0.6802030456852792,0.6972674354447143,HYPE GAP
P500102,Hydro Ungrip Makeup Removing Cleansing Balm,MILK MAKEUP,17719,4.6829,164.0,36.0,Skincare,Cleansers,Makeup Removers,0,0,0,1,164.0,4.682926829268292,0.9390243902439024,0.9512195121951219,0.03048780487804878,0.7326260656118393,0.5627335824879872,0.37213027229044315,0.4864922584089696,0.9207317073170731,0.9390243902439024,0.9307926829268293,HERO PRODUCT
P500101,Hydro Ungrip Makeup Remover + Cleansing Water,MILK MAKEUP,14632,4.6475,139.0,32.0,Skincare,Cleansers,Makeup Removers,0,0,0,1,139.0,4.64748201438849,0.9280575539568345,0.935251798561151,0.02877697841726619,0.8360768042323066,0.4981313400961025,0.3323545114789108,0.4318206086492258,0.9118705035971224,0.9280575539568345,0.9202338129496404,HIDDEN GEM
P432049,SuperYou Daily Stress Management,Moon Juice,17924,4.5584,505.0,49.0,Skincare,Wellness,Beauty Supplements,0,0,0,0,510.0,4.5627450980392155,0.9137254901960784,0.903921568627451,0.06274509803921569,0.6576628723362489,0.5712760277629472,0.7010144153764015,0.623171382808329,0.8906862745098039,0.9137254901960784,0.8995833333333333,HERO PRODUCT
P454799,Mini SuperYou Daily Stress Management,Moon Juice,5313,4.5749,494.0,25.0,Skincare,Mini Size,,0,0,0,0,499.0,4.579158316633267,0.9178356713426854,0.9078156312625251,0.05811623246492986,0.6537697326147418,0.18953550453817405,0.6914041644420715,0.39028296849973304,0.8947895791583167,0.9178356713426854,0.9036573146292586,HIDDEN GEM
P435800,Acid Potion AHA + BHA Resurfacing Exfoliator,Moon Juice,43083,4.547,404.0,42.0,Skincare,Treatments,Facial Peels,0,0,0,1,405.0,4.548148148148148,0.891358024691358,0.8765432098765432,0.0691358024691358,0.8375380652985851,0.7965830218900161,0.6252002135611319,0.7280298985584623,0.8870370370370371,0.891358024691358,0.8867592592592595,HERO PRODUCT
P432831,Plump Jelly Hyaluronic Serum,Moon Juice,12648,4.2605,215.0,58.0,Skincare,Treatments,Face Serums,0,0,0,1,215.0,4.26046511627907,0.8,0.7906976744186046,0.14883720930232558,0.8115954358914965,0.4532835024025627,0.44981313400961026,0.4518953550453817,0.8151162790697675,0.8,0.8069186046511629,LOW TRACTION
P423157,Sex Dust   Adaptogens For Fire*,Moon Juice,14485,3.8529,136.0,38.0,Skincare,Wellness,Beauty Supplements,0,0,0,0,136.0,3.8529411764705883,0.7352941176470589,0.7205882352941176,0.20588235294117646,0.7519323040864297,0.49492792311799255,0.3232781633742659,0.42626801922050184,0.7132352941176471,0.7352941176470589,0.7209558823529412,LOW TRACTION
P454090,Cosmic Cream Collagen Protecting Moisturizer,Moon Juice,4295,3.4667,75.0,58.0,Skincare,Moisturizers,Moisturizers,0,0,0,1,75.0,3.466666666666667,0.5733333333333334,0.5866666666666667,0.36,0.6873634806642793,0.14789108382274427,0.19220501868659903,0.16561665776828619,0.6166666666666667,0.5733333333333334,0.5991666666666667,LOW TRACTION
P457002,SuperBeauty Daily Antioxidant SkinSupplement,Moon Juice,6806,4.8696,69.0,60.0,Skincare,Wellness,Beauty Supplements,0,0,0,0,69.0,4.869565217391305,0.9565217391304348,0.9710144927536232,0.014492753623188406,0.8707672245800495,0.25520555258942873,0.17538707955152164,0.22327816337426587,0.9673913043478262,0.9565217391304348,0.9646739130434783,HIDDEN GEM
P477202,Ting Energy + Metabolism Non-Stim Supplement With Ginseng,Moon Juice,3042,4.5932,59.0,42.0,Skincare,Wellness,Beauty Supplements,0,0,0,1,59.0,4.593220338983051,0.8983050847457628,0.9152542372881356,0.05084745762711865,0.8364552596341008,0.09877202349172451,0.1428190069407368,0.11639081687132943,0.8983050847457628,0.8983050847457628,0.9008474576271188,HIDDEN GEM
P423159,Brain Dust,Moon Juice,6912,3.9608,51.0,38.0,Skincare,Wellness,Beauty Supplements,0,0,0,0,51.0,3.9607843137254903,0.7647058823529411,0.7254901960784313,0.23529411764705882,0.7715982904746419,0.2605445808862787,0.11665776828617191,0.20298985584623597,0.7401960784313726,0.7647058823529411,0.7453431372549019,LOW TRACTION
P454315,Milk Cleanse Gentle Foaming Cleanser,Moon Juice,2902,4.4043,47.0,32.0,Skincare,Cleansers,Face Wash & Cleansers,0,0,0,1,48.0,4.395833333333333,0.8958333333333334,0.8333333333333334,0.0625,0.8491023503243923,0.09343299519487454,0.10838227442605446,0.0994127068873465,0.8489583333333333,0.8958333333333334,0.8606770833333333,HIDDEN GEM
P432823,Gua Sha Facial Lifting Tool,Mount Lai,93790,4.1254,303.0,30.0,Skincare,High Tech Tools,Anti-Aging,0,0,1,0,304.0,4.128289473684211,0.7960526315789473,0.7598684210526315,0.1611842105263158,0.6919886176801445,0.9231179925253604,0.5472504004271223,0.7727709556860651,0.7820723684210527,0.7960526315789473,0.782935855263158,HYPE GAP
P432824,De-Puffing Jade Facial Roller,Mount Lai,32471,3.8771,179.0,36.0,Skincare,Wellness,Facial Rollers,0,0,1,0,179.0,3.877094972067039,0.7150837988826816,0.6983240223463687,0.22905027932960895,0.8068601765632629,0.7309129738387613,0.4001601708489055,0.598611852642819,0.7192737430167597,0.7150837988826816,0.7148743016759778,HYPE GAP
P501518,Calming Herbal Repair Overnight Recovery Balm for Skin Barrier Support,Mount Lai,2516,4.0875,160.0,60.0,Skincare,Treatments,Face Serums,0,0,1,0,160.0,4.0875,0.8375,0.7875,0.04375,0.9054726415605687,0.07634810464495462,0.36732514682327816,0.19273892151628405,0.7718750000000001,0.8375,0.79390625,LOW TRACTION
P434340,De-Puffing Rose Quartz Facial Roller,Mount Lai,18840,4.0,75.0,40.0,Skincare,Wellness,Facial Rollers,0,0,1,0,75.0,4.0,0.7333333333333333,0.7333333333333333,0.17333333333333334,0.8051263093948364,0.5835557928457021,0.19220501868659903,0.4270154831820609,0.75,0.7333333333333333,0.7425,LOW TRACTION
P440309,Amethyst Roller,Mount Lai,13390,4.3774,53.0,46.0,Skincare,Wellness,Facial Rollers,0,0,1,0,53.0,4.377358490566038,0.8301886792452831,0.8301886792452831,0.07547169811320754,0.7657202250271473,0.47143619861185265,0.12466631073144688,0.3327282434596903,0.8443396226415094,0.8301886792452831,0.8379716981132075,LOW TRACTION
P444470,De-Puffing Rose Quartz Eye Treatment Tool,Mount Lai,9940,4.7241,29.0,30.0,Skincare,Wellness,Facial Rollers,0,0,1,0,29.0,4.724137931034483,0.9310344827586207,0.9310344827586207,0.06896551724137931,0.8491185163629467,0.3713294180459156,0.022957821676454885,0.23198077949813134,0.9310344827586208,0.9310344827586207,0.9310344827586208,HIDDEN GEM
P446639,Massaging Jade Textured Facial Roller,Mount Lai,5375,3.8276,29.0,36.0,Skincare,Wellness,Facial Rollers,0,0,1,0,29.0,3.8275862068965516,0.7241379310344828,0.7241379310344828,0.2413793103448276,0.7245419599391796,0.19327282434596904,0.022957821676454885,0.12514682327816337,0.7068965517241379,0.7241379310344828,0.7146551724137931,LOW TRACTION
P4016,Acne Control Clarifying Cleanser,Murad,56973,4.2348,2572.0,36.0,Skincare,Cleansers,Face Wash & Cleansers,0,0,0,0,2572.0,4.234836702954899,0.8071519795657727,0.8118195956454122,0.12830482115085537,0.7994217388999927,0.8531767218366257,0.9631607047517352,0.8971703150026695,0.8087091757387248,0.8071519795657727,0.8087085798728424,HYPE GAP
P440651,Mini Acne Control Clarifying Cleanser,Murad,12651,4.236,2449.0,14.0,Skincare,Mini Size,,0,0,0,0,2449.0,4.236014699877501,0.8045454545454546,0.8133932217231523,0.1278072682727644,0.8021507325457103,0.45381740523224773,0.9567538707955152,0.6549919914575548,0.8090036749693752,0.8045454545454546,0.8083246408552657,HYPE GAP
P411365,Retinol Youth Renewal Serum,Murad,38145,4.5878,1031.0,92.0,Skincare,Treatments,Face Serums,0,0,0,0,1031.0,4.587778855480116,0.932067932067932,0.9194956353055286,0.04849660523763336,0.7304857723346959,0.7624132407901761,0.8465029364655633,0.7960491190603309,0.896944713870029,0.932067932067932,0.910864317544725,HERO PRODUCT
P440650,Mini Retinol Youth Renewal Serum,Murad,16664,4.6089,987.0,32.0,Skincare,Mini Size,,0,0,0,0,987.0,4.608915906788247,0.9404388714733543,0.9270516717325228,0.0425531914893617,0.7298210815203433,0.5419113721302723,0.8360918312867058,0.6595835557928458,0.9022289766970617,0.9404388714733543,0.9174153493852686,HERO PRODUCT
P254720,Acne Control Clarifying Cream Cleanser,Murad,32202,4.3477,906.0,39.0,Skincare,Cleansers,Face Wash & Cleansers,0,0,0,0,906.0,4.347682119205298,0.8317757009345794,0.8432671081677704,0.10485651214128035,0.797892677485223,0.7287773625200213,0.8139348638547784,0.7628403630539242,0.8369205298013245,0.8317757009345794,0.8363290678962678,HYPE GAP
P4015,Clarifying Toner,Murad,21951,4.318,890.0,30.0,Skincare,Cleansers,Toners,0,0,0,0,890.0,4.317977528089887,0.8223684210526315,0.8370786516853933,0.09213483146067415,0.7127149859375327,0.6257341163908169,0.810998398291511,0.6998398291510946,0.8294943820224718,0.8223684210526315,0.8284942341809579,HYPE GAP
P9940,Essential-C Day Moisture Broad Spectrum SPF 30 PA+++,Murad,24570,4.2485,829.0,68.0,Skincare,Moisturizers,Moisturizers,0,0,0,0,829.0,4.248492159227985,0.8591836734693877,0.8057901085645356,0.1278648974668275,0.8350522396239367,0.6583021890016018,0.801388147357181,0.7155365723438334,0.8121230398069963,0.8591836734693877,0.8252912902193446,HYPE GAP
P4010,AHA/BHA Exfoliating Cleanser,Murad,54926,4.4981,789.0,46.0,Skincare,Cleansers,Face Wash & Cleansers,0,0,0,0,789.0,4.498098859315589,0.8581560283687943,0.8808618504435995,0.07097591888466413,0.8012381921272824,0.8419647624132408,0.7936465563267485,0.8226374799786439,0.8745247148288973,0.8581560283687943,0.8705646792330717,HERO PRODUCT
P394397,Invisiblur Perfecting Shield Broad Spectrum SPF 30 PA+++,Murad,36774,3.9547,773.0,71.0,Skincare,Treatments,Face Serums,0,0,0,0,773.0,3.9547218628719274,0.759581881533101,0.7244501940491591,0.19922380336351875,0.8773860691990665,0.7544046983449012,0.791243993593166,0.769140416444207,0.7386804657179818,0.759581881533101,0.7428163497121942,HYPE GAP
P471788,Mini AHA/BHA Exfoliating Cleanser,Murad,10438,4.4898,733.0,17.0,Skincare,Mini Size,,0,0,0,0,733.0,4.489768076398363,0.8509803921568627,0.8772169167803547,0.07094133697135062,0.8016463602656749,0.3897490656700481,0.785371062466631,0.5479978643886813,0.8724420190995907,0.8509803921568627,0.866719765668887,HERO PRODUCT
P446423,InvisiScar Post-Acne Resurfacing Treatment,Murad,43504,4.1167,711.0,38.0,Skincare,Treatments,Face Serums,0,0,0,0,711.0,4.1167369901547115,0.8143459915611815,0.7749648382559775,0.1308016877637131,0.7254158320921748,0.800320341697811,0.7794981313400962,0.791991457554725,0.7791842475386779,0.8143459915611815,0.789099859353024,HYPE GAP
P466673,Rapid Dark Spot Correcting Serum,Murad,19264,4.3876,663.0,83.0,Skincare,Treatments,Face Serums,0,0,0,0,663.0,4.38763197586727,0.9019607843137255,0.8838612368024132,0.06033182503770739,0.7375055054750512,0.5878270154831821,0.7688200747463961,0.6602242391884677,0.8469079939668176,0.9019607843137255,0.8689668174962293,HERO PRODUCT
P34402,Acne Control Clarifying Body Spray,Murad,16688,4.2898,635.0,48.0,Skincare,Treatments,Blemish & Acne Treatments,0,0,0,0,635.0,4.289763779527559,0.8757763975155279,0.8409448818897638,0.10393700787401575,0.7977796025602112,0.5435130806193272,0.7589428723972237,0.6296849973304859,0.8224409448818897,0.8757763975155279,0.8412171712231623,HERO PRODUCT
P427638,Nutrient-Charged Water Gel,Murad,21135,4.4755,633.0,71.0,Skincare,Moisturizers,Moisturizers,0,0,0,0,633.0,4.475513428120063,0.8957345971563981,0.8736176935229067,0.06951026856240126,0.818829124327749,0.614522156967432,0.7581420181526962,0.6719701014415377,0.8688783570300158,0.8957345971563981,0.877646129541864,HERO PRODUCT
P421432,Rapid Relief Acne Spot Treatment,Murad,41475,3.9253,589.0,26.0,Skincare,Treatments,Face Serums,0,0,0,0,590.0,3.9271186440677965,0.7526690391459074,0.7186440677966102,0.19152542372881357,0.7660929366213376,0.7869727709556861,0.7362520021356114,0.7666844634276562,0.7317796610169491,0.7526690391459074,0.7360761354725858,HYPE GAP
P446934,Oil and Pore Control Mattifier Broad Spectrum SPF 45 PA++++,Murad,17782,3.9357,544.0,49.0,Skincare,Moisturizers,Moisturizers,0,0,0,0,544.0,3.9356617647058822,0.7536764705882353,0.7352941176470589,0.20955882352941177,0.8549397491183677,0.5654030966364122,0.7197010144153764,0.6271222637479978,0.7339154411764706,0.7536764705882353,0.7400505514705883,HYPE GAP
P500857,Deep Relief Acne Treatment with Salicylic Acid,Murad,15103,4.7074,516.0,45.0,Skincare,Treatments,Blemish & Acne Treatments,0,0,0,0,517.0,4.707930367504836,0.9574468085106383,0.9535783365570599,0.013539651837524178,0.705193663875644,0.5114789108382275,0.7047517351841964,0.588788040576615,0.9269825918762089,0.9574468085106383,0.9401112185686654,HERO PRODUCT
P7365,Pure Skin Clarifying Dietary Supplement,Murad,12516,4.0723,512.0,50.0,Skincare,Wellness,Beauty Supplements,0,0,0,0,512.0,4.072265625,0.7222222222222222,0.7890625,0.16796875,0.5844908965382781,0.45008008542445277,0.7026161238654565,0.5510945008008542,0.76806640625,0.7222222222222222,0.7574625651041667,HYPE GAP
P479645,Targeted Wrinkle Corrector,Murad,10901,4.7252,484.0,79.0,Skincare,Treatments,Face Serums,0,0,0,0,485.0,4.7195876288659795,0.9649484536082474,0.9567010309278351,0.01443298969072165,0.7202514485831846,0.403630539241858,0.683128670581954,0.5154297917778964,0.9298969072164949,0.9649484536082474,0.9444329896907218,HERO PRODUCT
P482540,Correct & Protect Broad Spectrum SPF 45| PA++++,Murad,5581,4.7366,467.0,69.0,Skincare,Sunscreen,Face Sunscreen,0,0,0,0,467.0,4.736616702355461,0.9635974304068522,0.9507494646680942,0.019271948608137045,0.8523256044055141,0.20822210357714896,0.6711158569140416,0.39337960491190604,0.9341541755888652,0.9635974304068522,0.9454764453961456,HIDDEN GEM
P268700,Hydro-Dynamic Ultimate Moisture,Murad,17680,4.3565,446.0,83.0,Skincare,Moisturizers,Moisturizers,0,0,0,0,446.0,4.356502242152466,0.7372262773722628,0.827354260089686,0.11210762331838565,0.8461206532219081,0.5621996796583022,0.6561665776828617,0.599786438868126,0.8391255605381165,0.7372262773722628,0.8067900805210959,HYPE GAP
P9941,Essential-C Cleanser,Murad,18246,4.4962,391.0,44.0,Skincare,Cleansers,Face Wash & Cleansers,0,0,0,0,391.0,4.4961636828644505,0.8670886075949367,0.8797953964194374,0.05115089514066496,0.7921336813127262,0.5750133475707421,0.6115856914041644,0.589642285104111,0.8740409207161126,0.8670886075949367,0.8728183981352586,HERO PRODUCT
P480461,Retinol Youth Renewal Eye Masks,Murad,20483,4.6294,367.0,42.0,Skincare,Eye Care,Eye Creams & Treatments,0,0,0,1,368.0,4.619565217391305,0.9375,0.9293478260869565,0.02717391304347826,0.8674928679624024,0.604378003203417,0.5966364121729845,0.601281366791244,0.9048913043478262,0.9375,0.9183423913043479,HERO PRODUCT
P453928,Retinol Youth Renewal Eye Serum,Murad,27356,4.5278,360.0,89.0,Skincare,Eye Care,Eye Creams & Treatments,0,0,0,0,360.0,4.527777777777778,0.9166666666666666,0.9,0.06388888888888888,0.7526715547717803,0.6865990389749066,0.5918312867058195,0.6486919380672718,0.8819444444444444,0.9166666666666666,0.8950694444444445,HERO PRODUCT
P470227,Vitamin C Triple Exfoliating Facial,Murad,7452,4.7306,360.0,85.0,Skincare,Treatments,Facial Peels,0,0,0,0,362.0,4.732044198895028,0.9640883977900553,0.9475138121546961,0.013812154696132596,0.7944135665893555,0.2813667912439936,0.593166043780032,0.406086492258409,0.9330110497237569,0.9640883977900553,0.9445096685082873,HIDDEN GEM
P444970,Replenishing Multi-Acid Peel,Murad,8621,4.6106,357.0,79.0,Skincare,Treatments,Facial Peels,0,0,0,0,357.0,4.610644257703081,0.9159663865546218,0.9103641456582633,0.056022408963585436,0.6430475968144723,0.3203416978109984,0.5880939668980245,0.4274426054458088,0.9026610644257702,0.9159663865546218,0.9078081232492996,HIDDEN GEM
P456571,Vitamin C Glycolic Brightening Serum,Murad,28653,4.2621,351.0,88.0,Skincare,Treatments,Face Serums,0,0,0,0,351.0,4.262108262108262,0.8603988603988604,0.8233618233618234,0.08262108262108261,0.7532970344817097,0.6994127068873465,0.5843566470902296,0.6533902829684997,0.8155270655270654,0.8603988603988604,0.8301638176638176,HYPE GAP
P417980,City Skin Age Defense Broad Spectrum SPF 50 PA++++,Murad,26245,4.3219,351.0,69.0,Skincare,Sunscreen,Face Sunscreen,0,0,0,0,351.0,4.321937321937322,0.8375,0.8233618233618234,0.1168091168091168,0.8520580246004947,0.6759209823812066,0.5843566470902296,0.6392952482648158,0.8304843304843306,0.8375,0.8315206552706553,HYPE GAP
P475135,Mini Vitamin C Glycolic Brightening Serum,Murad,10296,4.2621,351.0,30.0,Skincare,Mini Size,,0,0,1,0,351.0,4.262108262108262,0.8603988603988604,0.8233618233618234,0.08262108262108261,0.7532970344817097,0.38280832888414307,0.5843566470902296,0.46342765616657766,0.8155270655270654,0.8603988603988604,0.8301638176638176,LOW TRACTION
P474075,AHA/BHA/Retinoid Daily Clarifying Peel,Murad,7135,4.739,341.0,44.0,Skincare,Treatments,Facial Peels,0,0,0,0,341.0,4.73900293255132,0.9706744868035191,0.9648093841642229,0.008797653958944282,0.808333333581686,0.26908702616123864,0.5742124933262146,0.39113721302722904,0.93475073313783,0.9706744868035191,0.9500366568914957,HIDDEN GEM
P453929,Retinol Youth Renewal Night Cream,Murad,21491,4.6078,334.0,88.0,Skincare,Moisturizers,Moisturizers,0,0,0,0,334.0,4.607784431137724,0.9251497005988024,0.9281437125748503,0.04491017964071856,0.6895231311377004,0.6187933796049119,0.5691404164442072,0.59893219434063,0.9019461077844311,0.9251497005988024,0.9128368263473053,HERO PRODUCT
P4032,Hydrating Toner,Murad,15366,4.2934,317.0,42.0,Skincare,Cleansers,Toners,0,0,0,0,317.0,4.2933753943217665,0.676923076923077,0.8264984227129337,0.11356466876971609,0.7751922083251617,0.5157501334757074,0.5579284570208222,0.5326214628937533,0.8233438485804416,0.676923076923077,0.779890803203106,HYPE GAP
P434550,Revitalixir Recovery Serum,Murad,7556,4.3693,306.0,97.0,Skincare,Treatments,Face Serums,0,0,0,0,306.0,4.369281045751634,0.8856209150326797,0.8627450980392157,0.08496732026143791,0.7508248891507354,0.2840363053924186,0.5491190603310198,0.39006940736785906,0.8423202614379084,0.8856209150326797,0.8583741830065359,HIDDEN GEM
P456572,Vitamin C Dark Circle Correcting Eye Serum,Murad,23093,4.0687,291.0,67.0,Skincare,Eye Care,Eye Creams & Treatments,0,0,0,0,291.0,4.0687285223367695,0.8006872852233677,0.7697594501718213,0.13745704467353953,0.7827270298390775,0.6396155899626268,0.5301655098772023,0.595835557928457,0.7671821305841924,0.8006872852233677,0.7776202749140894,HYPE GAP
P9939,Essential-C Toner,Murad,15154,4.3088,272.0,42.0,Skincare,Cleansers,Toners,0,0,0,0,272.0,4.3088235294117645,0.8088235294117647,0.8272058823529411,0.08823529411764706,0.6530508944776161,0.5120128136679124,0.5141484249866525,0.5128670581954085,0.8272058823529411,0.8088235294117647,0.8216911764705882,HYPE GAP
P433143,Outsmart Acne Clarifying Treatment,Murad,10030,4.1923,260.0,49.0,Skincare,Treatments,Blemish & Acne Treatments,0,0,0,0,260.0,4.1923076923076925,0.823076923076923,0.7923076923076923,0.14615384615384616,0.8044858847345625,0.3742658836091831,0.50106780565937,0.4249866524292579,0.7980769230769231,0.823076923076923,0.8047115384615384,LOW TRACTION
P38217,Renewing Cleansing Cream,Murad,7682,4.4646,254.0,45.0,Skincare,Cleansers,Face Wash & Cleansers,0,0,0,0,254.0,4.464566929133858,0.8620689655172413,0.8779527559055118,0.07480314960629922,0.7777612488213423,0.2904431393486385,0.49466097170315004,0.37213027229044315,0.8661417322834646,0.8620689655172413,0.8666915557969047,HIDDEN GEM
P107306,Renewing Eye Cream,Murad,13212,4.0316,253.0,89.0,Skincare,Eye Care,Eye Creams & Treatments,0,0,0,0,253.0,4.031620553359684,0.7088607594936709,0.7549407114624506,0.18181818181818182,0.7863085042232665,0.4671649759743727,0.49305926321409504,0.4775226908702616,0.7579051383399209,0.7088607594936709,0.7427471606544254,LOW TRACTION
P4039,Perfecting Day Cream Broad Spectrum SPF 30 PA+++,Murad,7792,4.1724,174.0,65.0,Skincare,Moisturizers,Moisturizers,0,0,0,0,174.0,4.172413793103448,0.8076923076923077,0.7816091954022989,0.13218390804597702,0.8505907913049062,0.29604911906033105,0.39241857981847306,0.3345969033635878,0.7931034482758621,0.8076923076923077,0.7957559681697614,LOW TRACTION
P377178,Rapid Collagen Infusion,Murad,10417,4.128,125.0,89.0,Skincare,Treatments,Face Serums,0,0,0,0,125.0,4.128,0.7777777777777778,0.768,0.16,0.7552509281511713,0.38921516284036306,0.30512546716497596,0.3555792845702082,0.782,0.7777777777777778,0.7786333333333333,LOW TRACTION
P429526,Multi-Vitamin Infusion Oil,Murad,5518,4.4272,103.0,85.0,Skincare,Moisturizers,Face Oils,0,0,0,0,103.0,4.427184466019417,0.8640776699029126,0.8640776699029126,0.10679611650485436,0.7410561634253149,0.20288307528029897,0.26615056059797115,0.22819006940736786,0.8567961165048543,0.8640776699029126,0.8600728155339806,HIDDEN GEM
P454514,"Youth Renewal Retinol Trial Kit for Smoother, Younger-Looking Skin",Murad,17238,3.7879,33.0,59.0,Skincare,Value & Gift Sets,,0,0,0,0,33.0,3.787878787878788,0.696969696969697,0.6666666666666666,0.2727272727272727,0.7253984759251276,0.5557928457020822,0.04217832354511479,0.35034703683929524,0.696969696969697,0.696969696969697,0.6924242424242425,LOW TRACTION
P433973,Get Even Cold-Pressed Peel Pads,Naturally Serious,8129,4.7217,230.0,32.0,Skincare,Treatments,Facial Peels,0,0,0,1,230.0,4.721739130434782,0.9478260869565217,0.9434782608695652,0.030434782608695653,0.8014376893639564,0.30539241857981847,0.46930058729311264,0.3709556860651362,0.9304347826086956,0.9478260869565217,0.9376086956521739,HIDDEN GEM
P473133,Fruit-Tox Resurfacing Facial Remedy,Naturally Serious,1467,4.6,195.0,27.0,Skincare,Treatments,Facial Peels,0,0,1,0,196.0,4.6020408163265305,0.9387755102040817,0.9081632653061225,0.05102040816326531,0.8660754160239146,0.0405766150560598,0.4271222637479979,0.19519487453283504,0.9005102040816326,0.9387755102040817,0.9131377551020409,HIDDEN GEM
P444216,After-Dark Natural Peptide Sleeping Cream,Naturally Serious,6996,4.4407,177.0,37.0,Skincare,Moisturizers,Moisturizers,0,0,0,0,177.0,4.440677966101695,0.864406779661017,0.8418079096045198,0.0847457627118644,0.8282194335300189,0.2642819006940737,0.39829151094500803,0.3178857447944474,0.8601694915254237,0.864406779661017,0.8586864406779662,HIDDEN GEM
P433971,Skin Warrior Moisture Rescue Cream,Naturally Serious,3211,4.1905,168.0,35.0,Skincare,Moisturizers,Moisturizers,0,0,0,1,168.0,4.190476190476191,0.7976190476190477,0.7857142857142857,0.15476190476190477,0.7888279574257987,0.10517885744794447,0.3809396689802456,0.21548318206086492,0.7976190476190477,0.7976190476190477,0.7958333333333334,LOW TRACTION
P473148,Mask-imum Revival Hydra-Plumping Mask,Naturally Serious,978,4.381,126.0,27.0,Skincare,Masks,Face Masks,0,0,1,0,126.0,4.380952380952381,0.873015873015873,0.8492063492063492,0.1111111111111111,0.8381679785251618,0.022957821676454885,0.30672717565403096,0.13646556326748532,0.8452380952380953,0.873015873015873,0.8541666666666667,HIDDEN GEM
P433975,Zero Baggage Anti-Dark Circle Eye Cream,Naturally Serious,6994,4.2155,116.0,26.0,Skincare,Eye Care,Eye Creams & Treatments,0,0,0,1,116.0,4.2155172413793105,0.8189655172413793,0.8103448275862069,0.13793103448275862,0.8293120938998002,0.2637479978643887,0.29017618793379607,0.2743192738921516,0.8038793103448276,0.8189655172413793,0.8093750000000001,LOW TRACTION
P433974,Supercharge Anti-Oxidant Moisture Serum,Naturally Serious,3597,4.5758,99.0,39.0,Skincare,Treatments,Face Serums,0,0,0,1,99.0,4.575757575757576,0.9292929292929293,0.898989898989899,0.06060606060606061,0.7951812295195384,0.12172984516817939,0.2546716497597437,0.1749065670048051,0.893939393939394,0.9292929292929293,0.9053030303030304,HIDDEN GEM
P450587,Illumi-nation Anti-Fatigue Power Serum,Naturally Serious,2843,4.6705,88.0,39.0,Skincare,Treatments,Face Serums,0,0,0,1,88.0,4.670454545454546,0.9659090909090909,0.9659090909090909,0.03409090909090909,0.9249129990736643,0.09076348104644955,0.23117992525360384,0.14693005872931125,0.9176136363636365,0.9659090909090909,0.939346590909091,HIDDEN GEM
P500160,Mineral Sun Defense Moisturizer Broad Spectrum SPF 30,Naturally Serious,647,4.3766,77.0,36.0,Skincare,Sunscreen,Face Sunscreen,0,0,1,1,77.0,4.376623376623376,0.9090909090909091,0.8831168831168831,0.012987012987012988,0.6818181818181818,0.013881473571809931,0.201815269620929,0.08905499199145755,0.8441558441558441,0.9090909090909091,0.8694805194805195,HIDDEN GEM
P478020,Lemon-Aid Makeup-Removing Cleansing Gel,Naturally Serious,2017,4.5522,67.0,19.0,Skincare,Cleansers,Face Wash & Cleansers,0,0,1,1,67.0,4.552238805970149,0.8805970149253731,0.8805970149253731,0.04477611940298507,0.8118686337362636,0.06139882541377469,0.16898024559530164,0.10443139348638547,0.8880597014925373,0.8805970149253731,0.8847014925373136,HIDDEN GEM
P478021,Sleepover Retin-Oil Nighttime Treatment,Naturally Serious,3771,4.7656,64.0,39.0,Skincare,Treatments,Face Serums,0,0,1,1,64.0,4.765625,0.96875,0.953125,0.03125,0.7048363103531301,0.12733582487987186,0.1585691404164442,0.13982915109450078,0.94140625,0.96875,0.9513671874999999,HIDDEN GEM
P500993,"The Sunscreen - 100% Mineral, Broad Spectrum SPF 30 with 20% Non-Nano Zinc, Hyaluronic Acid and Niacinamide",Nécessaire,11896,4.5322,451.0,25.0,Skincare,Sunscreen,Face Sunscreen,0,0,0,0,452.0,4.533185840707965,0.9070796460176991,0.8938053097345132,0.059734513274336286,0.8305706643476719,0.43299519487453286,0.6593699946609717,0.5235451147891084,0.8832964601769913,0.9070796460176991,0.8920077433628318,HERO PRODUCT
P500039,The Neck Serum - With 5 Peptides | 9% Peptide Blend,Nécessaire,21558,4.6903,226.0,60.0,Skincare,Moisturizers,Decollete & Neck Creams,0,0,1,0,226.0,4.6902654867256635,0.9469026548672567,0.9292035398230089,0.030973451327433628,0.7559932364658876,0.620928990923652,0.4628937533368927,0.5577148958889483,0.9225663716814159,0.9469026548672567,0.9308628318584071,HERO PRODUCT
P481828,Nudescreen Daily Mineral Veil SPF 30,NUDESTIX,5697,4.0789,152.0,36.0,Skincare,Moisturizers,Moisturizers,0,0,0,0,153.0,4.0588235294117645,0.8366013071895425,0.8104575163398693,0.09803921568627451,0.852597477570386,0.21142552055525896,0.3542445274959957,0.2685531233315537,0.7647058823529411,0.8366013071895425,0.7931372549019609,LOW TRACTION
P476894,NUDESKIN Lemon-Aid Detox & Glow Micro-Peel,NUDESTIX,1215,4.4691,81.0,35.0,Skincare,Treatments,Facial Peels,0,0,0,0,81.0,4.469135802469136,0.9259259259259259,0.9259259259259259,0.024691358024691357,0.7083333308498064,0.02989855846235985,0.21169247197010144,0.10261612386545649,0.867283950617284,0.9259259259259259,0.8936728395061728,HIDDEN GEM
P476893,NUDESKIN Citrus-C Mask & Daily Moisturizer,NUDESTIX,653,4.2603,73.0,39.0,Skincare,Moisturizers,Moisturizers,0,0,0,0,73.0,4.260273972602739,0.8904109589041096,0.863013698630137,0.0684931506849315,0.924242453141646,0.014415376401494928,0.18499733048585157,0.08264815803523759,0.8150684931506849,0.8904109589041096,0.8448630136986301,HIDDEN GEM
P475143,NUDESKIN 3-Step: Citrus Renew Set For Makeup,NUDESTIX,1520,3.7639,72.0,29.0,Skincare,Value & Gift Sets,,0,0,0,0,73.0,3.7534246575342465,0.821917808219178,0.6164383561643836,0.0958904109589041,0.35790124469333223,0.043246129204484784,0.18499733048585157,0.0999466097170315,0.6883561643835616,0.821917808219178,0.7176369863013699,LOW TRACTION
P502852,NuFACE Mini+ Petite Facial Toning Device,NuFACE,11514,4.5314,175.0,245.0,Skincare,High Tech Tools,Anti-Aging,0,1,0,1,175.0,4.531428571428571,0.9482758620689655,0.9142857142857143,0.017142857142857144,0.7442348110225966,0.4207154297917779,0.3942872397223705,0.4101441537640149,0.8828571428571428,0.9482758620689655,0.9071970443349754,HIDDEN GEM
P385320,Trinity + Eye and Lip Enhancer Attachment Bundle,NuFACE,16672,3.4381,105.0,449.0,Skincare,High Tech Tools,Anti-Aging,1,0,1,1,105.0,3.4380952380952383,0.632183908045977,0.6,0.3333333333333333,0.7421782544681004,0.5424452749599573,0.26988788040576617,0.43342231713828083,0.6095238095238096,0.632183908045977,0.6148932676518883,LOW TRACTION
P402992,Trinity + Eye and Lip Enhancer Attachment Bundle,NuFACE,4122,3.4381,105.0,429.0,Skincare,High Tech Tools,Anti-Aging,0,0,0,0,105.0,3.4380952380952383,0.632183908045977,0.6,0.3333333333333333,0.7421782544681004,0.1398825413774693,0.26988788040576617,0.19188467698878806,0.6095238095238096,0.632183908045977,0.6148932676518883,LOW TRACTION
P430337,C-Rush Vitamin C Gel Moisturizer,OLEHENRIKSEN,105730,4.3404,2961.0,51.0,Skincare,Moisturizers,Moisturizers,0,0,0,1,2961.0,4.340425531914893,0.8662613981762918,0.8432961837217157,0.09219858156028368,0.7877899824250149,0.9359316604378003,0.9711692471970101,0.9500266951414842,0.8351063829787233,0.8662613981762918,0.8456813576494427,HERO PRODUCT
P439061,Glow2OH Dark Spot Toner,OLEHENRIKSEN,182201,4.1922,2955.0,35.0,Skincare,Cleansers,Toners,0,0,0,1,2957.0,4.192762935407508,0.8359824146094014,0.8062225228271898,0.12208319242475482,0.7490246479534506,0.9717031500266952,0.9701014415376401,0.9710624666310732,0.798190733851877,0.8359824146094014,0.8107330064254312,HYPE GAP
P448207,PHAT Glow Facial Mask,OLEHENRIKSEN,49921,4.3854,1785.0,52.0,Skincare,Masks,Face Masks,0,0,0,1,1785.0,4.385434173669468,0.9064425770308123,0.8700280112044818,0.04873949579831933,0.7396448898754164,0.8291510945008008,0.9279231179925254,0.8686599038974907,0.846358543417367,0.9064425770308123,0.8679341736694678,HERO PRODUCT
P416816,Balancing Force Oil Control Toner,OLEHENRIKSEN,98160,4.3017,1674.0,35.0,Skincare,Cleansers,Toners,0,0,0,1,1674.0,4.301672640382318,0.78584229390681,0.8243727598566308,0.10991636798088411,0.7755421877565577,0.9289909236518954,0.9207154297917779,0.9256807261078485,0.8254181600955794,0.78584229390681,0.8133885902031064,HYPE GAP
P431848,Cold Plunge Pore Mask,OLEHENRIKSEN,102859,4.5335,1522.0,41.0,Skincare,Masks,Face Masks,0,0,0,1,1522.0,4.533508541392904,0.9244415243101183,0.9040735873850198,0.03679369250985545,0.7344953767067911,0.9327282434596903,0.9076348104644955,0.9226908702616123,0.883377135348226,0.9244415243101183,0.8988009198423128,HERO PRODUCT
P473322,Dewtopia 20% Acid Night Treatment,OLEHENRIKSEN,39989,4.5614,1466.0,60.0,Skincare,Treatments,Facial Peels,0,0,0,0,1466.0,4.561391541609822,0.9379263301500682,0.917462482946794,0.023874488403819918,0.6909051289667889,0.7746930058729311,0.9038974906567004,0.8263747997864388,0.8903478854024556,0.9379263301500682,0.9086886084583903,HERO PRODUCT
P416815,Find Your Balance Oil Control Cleanser,OLEHENRIKSEN,72479,4.4299,1447.0,33.0,Skincare,Cleansers,Face Wash & Cleansers,0,0,0,1,1447.0,4.429854872149274,0.8372670807453416,0.8700760193503801,0.07118175535590877,0.7777117946615784,0.8910838227442606,0.9006940736785904,0.8949279231179925,0.8574637180373186,0.8372670807453416,0.8532965720466847,HERO PRODUCT
P466142,Lemonade Smoothing Scrub,OLEHENRIKSEN,42708,4.5795,1277.0,35.0,Skincare,Cleansers,Exfoliators,0,0,0,1,1277.0,4.57948316366484,0.9381362568519969,0.9224745497259201,0.03445575567736883,0.7550513591680725,0.7939135077415911,0.8846769887880406,0.830218900160171,0.8948707909162099,0.9381362568519969,0.9119909945184026,HERO PRODUCT
P434545,Glow Cycle Retin-ALT Power Serum,OLEHENRIKSEN,43324,4.2873,1239.0,60.0,Skincare,Treatments,Face Serums,0,0,0,1,1239.0,4.287328490718322,0.8716707021791767,0.8506860371267151,0.0903954802259887,0.6502840591211841,0.798184730379071,0.8814735718099306,0.8315002669514149,0.8218321226795804,0.8716707021791767,0.8411117836965295,HERO PRODUCT
P456566,Banana Bright 15% Vitamin C Serum,OLEHENRIKSEN,88410,3.9404,1041.0,71.0,Skincare,Treatments,Face Serums,0,0,0,1,1041.0,3.940441882804995,0.7377521613832853,0.712776176753122,0.1873198847262248,0.7047315495448154,0.9177789642285105,0.8491724506139883,0.8903363587827016,0.7351104707012488,0.7377521613832853,0.7325528338136407,HYPE GAP
P472050,Cold Plunge Pore Remedy Moisturizer with BHA/LHA,OLEHENRIKSEN,23082,4.3959,1033.0,51.0,Skincare,Moisturizers,Moisturizers,0,0,0,1,1035.0,4.393236714975846,0.9207729468599034,0.8995169082125604,0.0463768115942029,0.7435342106831113,0.6390816871329418,0.8473037907100908,0.7223705285638014,0.8483091787439614,0.9207729468599034,0.8777294685990338,HERO PRODUCT
P469213,Wrinkle Blur Bakuchiol Eye Gel Crème,OLEHENRIKSEN,26008,4.3939,886.0,52.0,Skincare,Eye Care,Eye Creams & Treatments,0,0,0,1,886.0,4.393905191873589,0.9018058690744921,0.8747178329571106,0.0417607223476298,0.7440361923455072,0.6716497597437266,0.810464495461826,0.7271756540309664,0.8484762979683973,0.9018058690744921,0.8684113995485327,HERO PRODUCT
P418872,Pore-Balance Facial Sauna Scrub,OLEHENRIKSEN,69759,4.5597,879.0,35.0,Skincare,Cleansers,Exfoliators,0,0,0,1,879.0,4.559726962457338,0.8851351351351351,0.8794084186575654,0.06143344709897611,0.7532510544628138,0.8862786972770955,0.8088627869727709,0.8553123331553657,0.8899317406143346,0.8851351351351351,0.8869142606770593,HERO PRODUCT
P479339,Strength Trainer Peptide Boost Moisturizer,OLEHENRIKSEN,47908,4.5522,862.0,51.0,Skincare,Moisturizers,Moisturizers,0,0,0,1,867.0,4.5455594002306805,0.9146482122260668,0.895040369088812,0.06228373702422145,0.7699924714006154,0.8211425520555259,0.807261078483716,0.815589962626802,0.8863898500576701,0.9146482122260668,0.8961649365628606,HERO PRODUCT
P483679,Truth Barrier Booster Orange Ferment Vitamin C Essence,OLEHENRIKSEN,24293,4.814,602.0,48.0,Skincare,Moisturizers,Mists & Essences,0,0,0,1,602.0,4.813953488372093,0.973421926910299,0.9750830564784053,0.011627906976744186,0.7565108262198535,0.6540309663641217,0.7410571276027763,0.6888414308595836,0.9534883720930232,0.973421926910299,0.9627076411960133,HERO PRODUCT
P500613,Banana Bright+ Vitamin C Eye Crème,OLEHENRIKSEN,45414,4.2017,575.0,42.0,Skincare,Eye Care,Eye Creams & Treatments,0,0,0,1,579.0,4.189982728842833,0.844559585492228,0.8169257340241797,0.1157167530224525,0.651506736399643,0.8088627869727709,0.7327816337426588,0.7784303256807261,0.7974956822107082,0.844559585492228,0.8145293609671849,HYPE GAP
P453227,Truth Juice Daily Cleanser,OLEHENRIKSEN,48054,4.2372,527.0,33.0,Skincare,Cleansers,Face Wash & Cleansers,0,0,0,1,528.0,4.238636363636363,0.7840909090909091,0.7727272727272727,0.13257575757575757,0.804607974871787,0.8216764548852109,0.710891617725574,0.7773625200213561,0.8096590909090908,0.7840909090909091,0.7964488636363636,HYPE GAP
P459133,Mini Truth Juice Daily Cleanser,OLEHENRIKSEN,6786,4.2372,527.0,16.0,Skincare,Mini Size,,0,0,0,1,528.0,4.238636363636363,0.7840909090909091,0.7727272727272727,0.13257575757575757,0.804607974871787,0.2544046983449012,0.710891617725574,0.43699946609717033,0.8096590909090908,0.7840909090909091,0.7964488636363636,LOW TRACTION
P434546,Goodnight Glow Bakuchiol Sleeping Crème,OLEHENRIKSEN,55708,3.8817,524.0,60.0,Skincare,Moisturizers,Night Creams,0,0,0,1,524.0,3.881679389312977,0.7137404580152672,0.6908396946564885,0.2366412213740458,0.7320559625725516,0.8473037907100908,0.708756006406834,0.7918846769887881,0.7204198473282443,0.7137404580152672,0.7139790076335879,HYPE GAP
P503651,Dewtopia 5% AHA Firming Night Crème,OLEHENRIKSEN,10448,4.8319,339.0,60.0,Skincare,Moisturizers,Night Creams,0,0,0,1,339.0,4.831858407079646,0.976401179941003,0.976401179941003,0.0058997050147492625,0.707794494691648,0.39028296849973304,0.5723438334223171,0.4631073144687667,0.9579646017699115,0.976401179941003,0.9662610619469026,HIDDEN GEM
P504639,Banana Bright+ Vitamin CC Eye Sticks,OLEHENRIKSEN,17823,4.604,298.0,34.0,Skincare,Eye Care,Eye Creams & Treatments,0,1,0,1,300.0,4.526666666666666,0.8933333333333333,0.88,0.05333333333333334,0.7007073214543718,0.5670048051254671,0.5419113721302723,0.5569674319273892,0.8816666666666666,0.8933333333333333,0.8849166666666667,HERO PRODUCT
P504043,Hydrabarrier Nourishing Face Oil,OLEHENRIKSEN,14652,4.8186,204.0,58.0,Skincare,Moisturizers,Face Oils,0,1,0,1,206.0,4.815533980582524,0.9660194174757282,0.9611650485436893,0.009708737864077669,0.7825901655963173,0.4986652429257875,0.4412706887346503,0.47570742124933263,0.953883495145631,0.9660194174757282,0.9586165048543688,HIDDEN GEM
P470240,Truth Serum Vitamin C Serum,OLEHENRIKSEN,38002,4.1875,128.0,56.0,Skincare,Treatments,Face Serums,0,0,0,1,129.0,4.1937984496124034,0.7596899224806202,0.7596899224806202,0.12403100775193798,0.7788164203657824,0.7608115323011212,0.31153230112119595,0.5810998398291511,0.7984496124031009,0.7596899224806202,0.7810077519379846,HYPE GAP
P503878,Pout Preserve Peptide Lip Treatment,OLEHENRIKSEN,20729,4.5727,110.0,22.0,Skincare,Lip Balms & Treatments,,0,1,0,1,118.0,4.601694915254237,0.9067796610169492,0.9067796610169492,0.059322033898305086,0.9049093114432468,0.6070475173518419,0.2936465563267485,0.48168713294180454,0.9004237288135593,0.9067796610169492,0.9032838983050847,HIDDEN GEM
P459131,3 Mega Wonders,OLEHENRIKSEN,22166,4.2346,81.0,65.0,Skincare,Value & Gift Sets,,0,0,0,1,81.0,4.234567901234568,0.7901234567901234,0.7901234567901234,0.14814814814814814,0.7974748821594776,0.6289375333689269,0.21169247197010144,0.4620395088093967,0.808641975308642,0.7901234567901234,0.8003086419753086,LOW TRACTION
P471566,Mini Lemonade Smoothing Scrub,OLEHENRIKSEN,13714,4.1923,52.0,18.0,Skincare,Mini Size,,0,0,0,1,52.0,4.1923076923076925,0.8076923076923077,0.7884615384615384,0.11538461538461539,0.6367102814433367,0.4794447410571276,0.1203950880939669,0.3358248798718633,0.7980769230769231,0.8076923076923077,0.7995192307692308,LOW TRACTION
P461667,Mini GO OFF Makeup Dissolving Mist,ONE/SIZE by Patrick Starrr,9362,4.168,256.0,18.0,Skincare,Mini Size,,0,0,0,1,257.0,4.171206225680934,0.8054474708171206,0.7898832684824902,0.16342412451361868,0.8199886584823782,0.35024025627335825,0.497330485851575,0.409076348104645,0.7928015564202335,0.8054474708171206,0.7961575875486382,LOW TRACTION
P91627362,GO OFF Makeup Dissolving Mist,ONE/SIZE by Patrick Starrr,18322,4.1746,252.0,24.0,Skincare,Cleansers,Makeup Removers,0,0,0,1,253.0,4.177865612648222,0.8063241106719368,0.7905138339920948,0.16205533596837945,0.8196422799315515,0.5782167645488521,0.49305926321409504,0.5441537640149492,0.7944664031620554,0.8063241106719368,0.7974308300395258,HYPE GAP
P297524,Clear Improvement Active Charcoal Mask to Clear Pores,Origins,194892,4.3292,4526.0,17.0,Skincare,Masks,Face Masks,0,0,1,0,4526.0,4.329209014582413,0.8692257644762524,0.8433495360141405,0.08528501988510827,0.8054288730635994,0.9754404698344902,0.9890549919914575,0.9808862786972772,0.8323022536456033,0.8692257644762524,0.8450363992500786,HERO PRODUCT
P297516,Checks and Balances Frothy Face Wash,Origins,98621,4.2888,3286.0,27.0,Skincare,Cleansers,Face Wash & Cleansers,0,0,1,0,3287.0,4.289017341040463,0.8258575197889182,0.8138119866139337,0.12260419835716459,0.7915001043608535,0.9305926321409503,0.9781099839829152,0.9495995728777362,0.8222543352601157,0.8258575197889182,0.8220689383218291,HYPE GAP
P378852,GinZing Ultra-Hydrating Energy-Boosting Cream,Origins,87846,4.401,3135.0,36.0,Skincare,Moisturizers,Moisturizers,0,0,1,0,3136.0,4.401147959183674,0.8650485436893204,0.8670280612244898,0.07302295918367346,0.7913599992586562,0.9167111585691404,0.9743726641751201,0.9397757608115324,0.8502869897959184,0.8650485436893204,0.8572266166782248,HERO PRODUCT
P422536,Original Skin Matte Moisturizer with Willowherb,Origins,54899,4.4089,2306.0,40.0,Skincare,Moisturizers,Moisturizers,0,0,1,0,2306.0,4.408933217692975,0.8846487424111015,0.8586296617519514,0.07285342584562012,0.7531944083510548,0.8414308595835558,0.9498131340096102,0.8847837693539775,0.8522333044232437,0.8846487424111015,0.8629173894189072,HERO PRODUCT
P397890,Original Skin Retexturizing Mask with Rose Clay,Origins,103131,4.6207,1769.0,32.0,Skincare,Masks,Face Masks,0,0,1,0,1769.0,4.620689655172414,0.9403122130394858,0.919728660260034,0.04296212549462974,0.8184220476772475,0.9332621462893753,0.9273892151628403,0.9309129738387614,0.9051724137931034,0.9403122130394858,0.9178977905370577,HERO PRODUCT
P297517,Super Spot Remover Acne Treatment Gel,Origins,98392,3.9349,1706.0,20.0,Skincare,Treatments,Face Serums,0,0,1,0,1706.0,3.9349355216881596,0.7272727272727273,0.7303634232121923,0.194021101992966,0.7746800265545621,0.9295248264815803,0.9247197010144154,0.9276027762947143,0.7337338804220399,0.7272727272727273,0.731289965895769,HYPE GAP
P440925,Drink Up Intensive Overnight Hydrating Mask with Avocado & Swiss Glacier Water,Origins,39378,4.4954,1643.0,32.0,Skincare,Masks,Face Masks,0,0,1,0,1644.0,4.495742092457421,0.8531211750305998,0.8722627737226277,0.07846715328467153,0.8136881601224799,0.7714895888948211,0.9183128670581954,0.8302189001601707,0.8739355231143553,0.8531211750305998,0.8674403062804696,HERO PRODUCT
P386197,GinZing Refreshing Scrub Cleanser,Origins,49081,4.4763,1627.0,27.0,Skincare,Cleansers,Exfoliators,0,0,1,0,1627.0,4.476336816226183,0.8618677042801557,0.8869084204056545,0.04179471419791026,0.7604800482923296,0.8259476775226908,0.9172450613988254,0.8624666310731446,0.8690842040565459,0.8618677042801557,0.8695928865759951,HERO PRODUCT
P434360,High-Potency Night-a-Mins Resurfacing Cream with Fruit-Derived AHAs,Origins,18198,4.3159,1336.0,52.0,Skincare,Moisturizers,Night Creams,0,0,1,0,1336.0,4.315868263473054,0.803076923076923,0.8203592814371258,0.1122754491017964,0.846269646546294,0.5744794447410572,0.8889482114255206,0.7002669514148425,0.8289670658682635,0.803076923076923,0.8199088553661907,HYPE GAP
P446421,Clear Improvement Pore Clearing Moisturizer with Salicylic Acid,Origins,17465,4.2685,1270.0,40.0,Skincare,Moisturizers,Moisturizers,0,0,1,0,1270.0,4.268503937007874,0.8811023622047244,0.8354330708661417,0.05590551181102362,0.6587723825187957,0.5595301655098772,0.8841430859583556,0.6893753336892685,0.8171259842519685,0.8811023622047244,0.8390649606299212,HERO PRODUCT
P433444,Clear Improvement Charcoal Honey Mask to Purify and Nourish,Origins,34965,4.6453,1074.0,37.0,Skincare,Masks,Face Masks,0,0,1,0,1074.0,4.645251396648045,0.9497206703910615,0.9432029795158287,0.0260707635009311,0.774459622626632,0.7458622530699413,0.8579818473037907,0.790710090763481,0.9113128491620113,0.9497206703910615,0.9276187150837989,HERO PRODUCT
P297551,Out of Trouble 10 Minute Mask to Rescue Problem Skin,Origins,79246,4.397,1000.0,32.0,Skincare,Masks,Face Masks,0,0,1,0,1000.0,4.397,0.8633540372670807,0.854,0.091,0.8250001466434428,0.9071009076348104,0.8392952482648158,0.8799786438868126,0.8492500000000001,0.8633540372670807,0.8541937111801242,HERO PRODUCT
P475589,Ginzing Vitamin C Eye Cream to Brighten and Depuff,Origins,35804,4.457,965.0,37.0,Skincare,Eye Care,Eye Creams & Treatments,0,0,1,0,965.0,4.456994818652849,0.9088082901554404,0.883937823834197,0.04041450777202073,0.7731531867712879,0.7487987186332088,0.8302189001601709,0.7813667912439937,0.8642487046632124,0.9088082901554404,0.8805699481865285,HERO PRODUCT
P482298,Dr. Andrew Weil for Origins Mega-Mushroom Relief & Resilience Soothing Treatment Lotion,Origins,6749,4.4028,571.0,40.0,Skincare,Moisturizers,Mists & Essences,0,0,1,0,571.0,4.4028021015761825,0.8931698774080561,0.8704028021015762,0.05253940455341506,0.5909132750137992,0.25200213561131873,0.7309129738387613,0.4435664709022958,0.8507005253940456,0.8931698774080561,0.8663966725043784,HIDDEN GEM
P297531,Eye Doctor Moisture Care For Skin Around Eyes,Origins,27439,4.0519,501.0,49.0,Skincare,Eye Care,Eye Creams & Treatments,0,0,1,0,501.0,4.05189620758483,0.7415730337078652,0.7485029940119761,0.1437125748502994,0.8110071607057018,0.6876668446342765,0.6938067271756541,0.6901227976508275,0.7629740518962076,0.7415730337078652,0.7543830877570702,HYPE GAP
P434361,High-Potency Night-A-Mins Oil-Free Resurfacing Cream with Fruit Derived AHAs,Origins,10847,4.3358,402.0,52.0,Skincare,Moisturizers,Night Creams,0,0,1,0,402.0,4.335820895522388,0.8418367346938775,0.8333333333333334,0.10199004975124377,0.787477278122955,0.401494927923118,0.6233315536572344,0.4902295782167645,0.833955223880597,0.8418367346938775,0.8362263935424916,HYPE GAP
P462891,GinZing Into the Glow Brightening Serum,Origins,25211,4.5328,259.0,46.0,Skincare,Treatments,Face Serums,0,0,1,0,259.0,4.532818532818533,0.9073359073359073,0.888030888030888,0.04633204633204633,0.8179965762127387,0.6673785371062466,0.499466097170315,0.600213561131874,0.8832046332046333,0.9073359073359073,0.8911679536679536,HERO PRODUCT
P468396,PLANTSCRIPTION Multi-powered Anti-Aging Peptide Serum,Origins,3806,4.4356,225.0,61.0,Skincare,Treatments,Face Serums,0,0,1,0,226.0,4.438053097345133,0.8982300884955752,0.8716814159292036,0.030973451327433628,0.27450745149894995,0.12973838761345435,0.4628937533368927,0.2630005339028297,0.8595132743362832,0.8982300884955752,0.8729535398230088,HIDDEN GEM
P385253,Dr. Andrew Weil For Origins Mega-Bright SPF 30 Skin Tone Correcting Oil-Free Moisturizer,Origins,18986,4.0966,207.0,63.0,Skincare,Moisturizers,Moisturizers,0,0,1,0,207.0,4.096618357487923,0.7699115044247787,0.7584541062801933,0.1497584541062802,0.727901114380523,0.5851575013347571,0.44340630005339027,0.5284570208222104,0.7741545893719808,0.7699115044247787,0.770526591424052,HYPE GAP
P394702,Plantscription Anti-Aging Power Eye Cream,Origins,11304,3.8372,129.0,58.0,Skincare,Eye Care,Eye Creams & Treatments,0,0,1,0,129.0,3.8372093023255816,0.75,0.627906976744186,0.20930232558139536,0.8003804695553485,0.4148424986652429,0.31153230112119595,0.3735184196476241,0.7093023255813954,0.75,0.7093023255813954,LOW TRACTION
P440933,Mini Clear Improvement Active Charcoal Mask to Clear Pore,Origins,43176,3.9843,127.0,17.0,Skincare,Mini Size,,0,0,1,0,127.0,3.984251968503937,0.7244094488188977,0.6929133858267716,0.15748031496062992,0.8516131333022747,0.797650827549386,0.30832888414308596,0.601922050186866,0.7460629921259843,0.7244094488188977,0.7315944881889764,HYPE GAP
P502046,GinZing Energizing Gel Cream with Caffeine & Niacinamide,Origins,3509,4.5966,119.0,36.0,Skincare,Moisturizers,Moisturizers,0,0,1,0,119.0,4.5966386554621845,0.9411764705882353,0.907563025210084,0.03361344537815126,0.8300237690026944,0.1179925253603844,0.2952482648158035,0.18889482114255204,0.8991596638655461,0.9411764705882353,0.9130252100840336,HIDDEN GEM
P440929,Mini Original Skin Retexturizing Mask with Rose Clay,Origins,29477,4.4762,105.0,17.0,Skincare,Mini Size,,0,0,1,0,105.0,4.476190476190476,0.8952380952380953,0.8666666666666667,0.0761904761904762,0.8245863192453143,0.7063534436732515,0.26988788040576617,0.5317672183662574,0.8690476190476191,0.8952380952380953,0.876547619047619,HERO PRODUCT
P440926,Mini Drink Up Intensive Overnight Hydrating Mask with Avocado & Swiss Glacier Water,Origins,26184,4.1143,105.0,17.0,Skincare,Mini Size,,0,0,1,0,105.0,4.114285714285714,0.7714285714285715,0.7619047619047619,0.14285714285714285,0.7912468777315037,0.6748531767218366,0.26988788040576617,0.5128670581954085,0.7785714285714285,0.7714285714285715,0.7739285714285715,HYPE GAP
P377919,Plantscription Anti-Aging Cleanser,Origins,8293,4.2871,101.0,36.0,Skincare,Cleansers,Face Wash & Cleansers,0,0,1,0,101.0,4.287128712871287,0.8409090909090909,0.8118811881188119,0.15841584158415842,0.8440841279732876,0.3107314468766684,0.2621462893753337,0.2912973838761345,0.8217821782178218,0.8409090909090909,0.8260351035103511,LOW TRACTION
P471567,Checks and Balances Polishing Exfoliator,Origins,7274,4.4624,93.0,27.0,Skincare,Cleansers,Exfoliators,0,0,1,0,93.0,4.462365591397849,0.8709677419354839,0.8709677419354839,0.053763440860215055,0.7404684494523441,0.2760277629471436,0.24426054458088628,0.26332087560064066,0.8655913978494623,0.8709677419354839,0.868010752688172,HIDDEN GEM
P401570,Mega-Mushroom Skin Relief Micellar Cleanser,Origins,11239,4.5,86.0,37.0,Skincare,Cleansers,Face Wash & Cleansers,0,0,1,0,86.0,4.5,0.90625,0.872093023255814,0.09302325581395349,0.874873759491103,0.41217298451681794,0.22610784837159636,0.3377469300587293,0.875,0.90625,0.8839389534883721,HIDDEN GEM
P408241,Plantscription Youth-Renewing Power Night Cream,Origins,9952,4.5897,78.0,73.0,Skincare,Moisturizers,Night Creams,0,0,1,0,78.0,4.589743589743589,0.9090909090909091,0.9102564102564102,0.05128205128205128,0.5701392100829827,0.37213027229044315,0.20608649225840897,0.3057127602776295,0.8974358974358974,0.9090909090909091,0.9028554778554778,HIDDEN GEM
P409834,Plantscription SPF 25 Power Anti-Aging Cream,Origins,10649,4.254,63.0,73.0,Skincare,Moisturizers,Moisturizers,0,0,1,0,63.0,4.253968253968254,0.8235294117647058,0.8412698412698413,0.1111111111111111,0.7452269833663414,0.396155899626268,0.15509877202349173,0.2997330485851575,0.8134920634920635,0.8235294117647058,0.8206699346405228,LOW TRACTION
P409816,Plantscription SPF 25 Power Anti-Aging Oil-Free Cream,Origins,6634,4.4,45.0,73.0,Skincare,Moisturizers,Moisturizers,0,0,1,0,45.0,4.4,0.8333333333333334,0.8222222222222222,0.1111111111111111,0.7543253495886519,0.24826481580352375,0.09369994660971703,0.18643886812600108,0.8500000000000001,0.8333333333333334,0.8408333333333333,HIDDEN GEM
P470048,Bestsellers Recruitment Set,Origins,22451,3.881,42.0,29.0,Skincare,Value & Gift Sets,,0,0,1,0,42.0,3.880952380952381,0.6904761904761905,0.6428571428571429,0.23809523809523808,0.7053855384995298,0.6326748531767218,0.08515750133475708,0.4136679124399359,0.7202380952380952,0.6904761904761905,0.6997023809523809,LOW TRACTION
P475590,MINI GINZING VITAMIN C EYE CREAM TO BRIGHTEN AND DEPUFF,Origins,18284,3.45,40.0,29.0,Skincare,Eye Care,Eye Creams & Treatments,0,0,1,0,42.0,3.4285714285714284,0.5714285714285714,0.5238095238095238,0.3333333333333333,0.8180086280618395,0.5760811532301121,0.08515750133475708,0.37971169247197006,0.6071428571428571,0.5714285714285714,0.5839285714285714,LOW TRACTION
P442745,Plantscription Retinol Night Moisturizer,Origins,11217,4.5385,39.0,73.0,Skincare,Moisturizers,Moisturizers,0,0,1,0,39.0,4.538461538461538,0.8717948717948718,0.8717948717948718,0.07692307692307693,0.8647598898724506,0.41057127602776294,0.07100907634810465,0.2747463961558996,0.8846153846153846,0.8717948717948718,0.8788461538461538,HIDDEN GEM
P443550,Dr. Andrew Weil for Origins Mega-Mushroom Relief & Resilience Hydra Burst Gel Lotion,Origins,3001,4.0345,29.0,71.0,Skincare,Moisturizers,Moisturizers,0,0,1,0,29.0,4.0344827586206895,0.7241379310344828,0.7241379310344828,0.20689655172413793,0.8142458945512772,0.09610250934329952,0.022957821676454885,0.06684463427656166,0.7586206896551724,0.7241379310344828,0.743103448275862,LOW TRACTION
P469502,Skin Perfecting 2% BHA Liquid Exfoliant,Paula's Choice,275846,4.4399,1182.0,34.0,Skincare,Cleansers,Exfoliators,0,0,0,0,1200.0,4.4366666666666665,0.8708333333333333,0.8516666666666667,0.10583333333333333,0.781180726599446,0.987720234917245,0.8756006406833956,0.9428723972237052,0.8591666666666666,0.8708333333333333,0.8615416666666667,HERO PRODUCT
P469506,C15 Vitamin C Super Booster,Paula's Choice,74161,4.2097,434.0,55.0,Skincare,Treatments,Face Serums,0,0,0,0,435.0,4.211494252873563,0.8091954022988506,0.7839080459770115,0.1425287356321839,0.7164949991360858,0.8974906567004806,0.6489588894821142,0.7980779498131341,0.8028735632183908,0.8091954022988506,0.8019252873563218,HYPE GAP
P469503,Mini Skin Perfecting 2% BHA Liquid Exfoliant,Paula's Choice,179137,4.2217,406.0,13.0,Skincare,Mini Size,,0,0,0,0,412.0,4.218446601941747,0.8300970873786407,0.7888349514563107,0.13106796116504854,0.761156541440222,0.9711692471970101,0.6310731446876668,0.8351308061932728,0.8046116504854368,0.8300970873786407,0.8098907766990291,HYPE GAP
P469522,RESIST Youth-Extending Daily Hydrating Fluid SPF 50,Paula's Choice,43866,4.2691,405.0,37.0,Skincare,Sunscreen,Face Sunscreen,0,0,0,0,407.0,4.2653562653562656,0.8255528255528255,0.7960687960687961,0.12039312039312039,0.8271795027412292,0.802989855846236,0.6268019220501868,0.7325146823278162,0.8163390663390664,0.8255528255528255,0.8160626535626536,HYPE GAP
P501288,C5 Super Boost Vitamin C Eye Cream,Paula's Choice,22932,4.5,340.0,39.0,Skincare,Eye Care,Eye Creams & Treatments,0,0,0,0,341.0,4.5014662756598245,0.9032258064516129,0.8914956011730205,0.05865102639296188,0.7492851459063017,0.6369460758142018,0.5742124933262146,0.611852642819007,0.8753665689149561,0.9032258064516129,0.8861436950146628,HERO PRODUCT
P501282,C5 Super Boost Vitamin C Moisturizer,Paula's Choice,13256,4.6986,292.0,45.0,Skincare,Moisturizers,Moisturizers,0,0,0,0,293.0,4.699658703071672,0.9692832764505119,0.9522184300341296,0.023890784982935155,0.8349426476394429,0.46823278163374266,0.5325680726107849,0.4939668980245595,0.9249146757679181,0.9692832764505119,0.942320819112628,HERO PRODUCT
P504433,Pro Collagen Multi-Peptide Booster,Paula's Choice,21691,4.7386,264.0,58.0,Skincare,Treatments,Face Serums,0,1,0,0,270.0,4.707407407407407,0.9666666666666667,0.9555555555555556,0.02962962962962963,0.6519505675380112,0.6235985050720769,0.5112119594233849,0.5786438868126,0.9268518518518518,0.9666666666666667,0.9431018518518519,HERO PRODUCT
P469510,CLINICAL 1% Retinol Treatment,Paula's Choice,60835,4.5551,263.0,62.0,Skincare,Treatments,Face Serums,0,0,0,0,264.0,4.553030303030303,0.9015151515151515,0.8787878787878788,0.07196969696969698,0.7625791004624977,0.8627869727709557,0.50427122263748,0.7193806727175655,0.8882575757575757,0.9015151515151515,0.890814393939394,HERO PRODUCT
P469519,RESIST Advanced Replenishing Toner with Hyaluronic Acid,Paula's Choice,37158,4.73,237.0,26.0,Skincare,Cleansers,Toners,0,0,0,0,238.0,4.73109243697479,0.9495798319327731,0.9411764705882353,0.029411764705882353,0.8622536061689107,0.7560064068339563,0.47303790710090765,0.6428190069407368,0.9327731092436975,0.9495798319327731,0.9390756302521008,HERO PRODUCT
P469511,CLINICAL Niacinamide 20% Treatment,Paula's Choice,36209,4.5318,220.0,52.0,Skincare,Treatments,Face Serums,0,0,0,0,220.0,4.531818181818182,0.8863636363636364,0.8818181818181818,0.05909090909090909,0.7522159819862594,0.7514682327816338,0.45568606513614524,0.6331553657234383,0.8829545454545455,0.8863636363636364,0.8838068181818182,HERO PRODUCT
P469507,10% Azelaic Acid Booster,Paula's Choice,42037,4.7535,215.0,39.0,Skincare,Treatments,Face Serums,0,0,0,0,216.0,4.75462962962963,0.9583333333333334,0.9351851851851852,0.027777777777777776,0.8583559520587236,0.7907100907634811,0.45168179391350777,0.6550987720234918,0.9386574074074074,0.9583333333333334,0.944039351851852,HERO PRODUCT
P469520,RESIST Perfectly Balanced Foaming Cleanser,Paula's Choice,27344,4.73,200.0,22.0,Skincare,Cleansers,Face Wash & Cleansers,0,0,0,0,200.0,4.73,0.945,0.94,0.025,0.8350130632708345,0.6860651361452216,0.43379604911906033,0.5851575013347571,0.9325000000000001,0.945,0.9373750000000001,HERO PRODUCT
P480628,10% Niacinamide Booster,Paula's Choice,9601,4.7526,194.0,49.0,Skincare,Treatments,Face Serums,0,0,0,0,194.0,4.752577319587629,0.9639175257731959,0.9536082474226805,0.015463917525773196,0.6925786304123261,0.3593166043780032,0.4241857981847304,0.3852642819006941,0.9381443298969072,0.9639175257731959,0.9481958762886598,HIDDEN GEM
P481348,Clinical 0.3% Retinol + 2% Bakuchiol Treatment,Paula's Choice,13939,4.8235,170.0,62.0,Skincare,Treatments,Face Serums,0,0,0,0,170.0,4.823529411764706,0.9882352941176471,0.9705882352941176,0.011764705882352941,0.757822810798078,0.4847837693539776,0.3838761345435131,0.4444207154297918,0.9558823529411764,0.9882352941176471,0.9677941176470588,HIDDEN GEM
P471793,Omega + Complex Cleansing Balm,Paula's Choice,14266,4.6667,165.0,29.0,Skincare,Cleansers,Face Wash & Cleansers,0,0,0,0,166.0,4.656626506024097,0.9216867469879518,0.9096385542168675,0.030120481927710843,0.833132151372825,0.48958889482114254,0.3761345435130806,0.4442071542979178,0.9141566265060241,0.9216867469879518,0.9157379518072288,HIDDEN GEM
P469505,Skin Perfecting BHA 9 Treatment,Paula's Choice,11291,4.7055,146.0,46.0,Skincare,Treatments,Face Serums,0,0,0,0,146.0,4.705479452054795,0.952054794520548,0.9315068493150684,0.04794520547945205,0.8839087255653881,0.4132407901761879,0.3416978109983983,0.3846235985050721,0.9263698630136987,0.952054794520548,0.9348458904109589,HIDDEN GEM
P473126,CLINICAL Discoloration Repair Serum,Paula's Choice,18644,4.6522,138.0,52.0,Skincare,Treatments,Face Serums,0,0,0,0,138.0,4.6521739130434785,0.9420289855072463,0.927536231884058,0.050724637681159424,0.7584903400118758,0.5819540843566471,0.32995194874532835,0.4811532301121195,0.9130434782608696,0.9420289855072463,0.9239130434782609,HIDDEN GEM
P469528,Skin Perfecting 25% AHA + 2% BHA Exfoliant Peel,Paula's Choice,33137,4.5036,137.0,42.0,Skincare,Treatments,Facial Peels,0,0,0,0,137.0,4.5036496350364965,0.8905109489051095,0.8905109489051095,0.06569343065693431,0.7875168577581644,0.7346502936465563,0.32648158035237584,0.5713828083288841,0.8759124087591241,0.8905109489051095,0.8824817518248175,HERO PRODUCT
P469524,RESIST Super-Light Daily Wrinkle Defense SPF 30,Paula's Choice,19795,4.2556,133.0,37.0,Skincare,Sunscreen,Face Sunscreen,0,0,0,0,133.0,4.2556390977443606,0.7969924812030075,0.7443609022556391,0.11278195488721804,0.8427433646836523,0.5979711692471971,0.3184730379071009,0.48617191671115856,0.8139097744360901,0.7969924812030075,0.7984022556390977,HYPE GAP
P469517,CLEAR Oil-Free Moisturizer,Paula's Choice,16079,4.5281,89.0,29.0,Skincare,Moisturizers,Moisturizers,0,0,0,0,90.0,4.533333333333333,0.9111111111111111,0.9,0.06666666666666667,0.8360848990471467,0.5285638013881474,0.23545114789108382,0.41131873998932195,0.8833333333333333,0.9111111111111111,0.8941666666666667,HIDDEN GEM
P469513,CLEAR Pore Normalizing Acne Cleanser,Paula's Choice,24652,4.137,73.0,15.0,Skincare,Cleansers,Face Wash & Cleansers,0,0,0,0,74.0,4.148648648648648,0.7702702702702703,0.7702702702702703,0.16216216216216217,0.766999870964459,0.6599038974906567,0.18766684463427658,0.4710090763481047,0.7871621621621621,0.7702702702702703,0.7795608108108107,LOW TRACTION
P469515,CLEAR Daily Skin Clearing Treatment with 2.5% Benzoyl Peroxide,Paula's Choice,13705,4.8333,66.0,22.0,Skincare,Treatments,Face Serums,0,0,0,0,66.0,4.833333333333333,0.9545454545454546,0.9545454545454546,0.030303030303030304,0.8996474344445311,0.4783769353977576,0.16524292578750668,0.3531233315536572,0.9583333333333333,0.9545454545454546,0.9566287878787879,HIDDEN GEM
P481390,Omega+ Complex Moisturizer,Paula's Choice,9568,4.3281,64.0,37.0,Skincare,Moisturizers,Moisturizers,0,0,0,0,64.0,4.328125,0.828125,0.8125,0.125,0.7866795401315432,0.35798184730379073,0.1585691404164442,0.27821676454885214,0.83203125,0.828125,0.8279296875,LOW TRACTION
P469527,The UnScrub Gentle Cleansing Scrub,Paula's Choice,13473,4.5484,62.0,35.0,Skincare,Cleansers,Exfoliators,0,0,0,0,62.0,4.548387096774194,0.9193548387096774,0.9032258064516129,0.08064516129032258,0.8843546858988702,0.4735718099305926,0.15082754938601176,0.34447410571276027,0.8870967741935485,0.9193548387096774,0.8991935483870969,HIDDEN GEM
P469516,CLEAR Ultra-Light Daily Hydrating Fluid SPF 30+,Paula's Choice,11227,4.4915,59.0,37.0,Skincare,Sunscreen,Face Sunscreen,0,0,0,0,59.0,4.491525423728813,0.8813559322033898,0.864406779661017,0.0847457627118644,0.833214347064495,0.4116390816871329,0.1428190069407368,0.30411105178857445,0.8728813559322033,0.8813559322033898,0.8741525423728813,HIDDEN GEM
P469525,Omega+ Complex Serum,Paula's Choice,18794,4.0545,55.0,42.0,Skincare,Treatments,Face Serums,0,0,0,0,55.0,4.054545454545455,0.7454545454545455,0.7454545454545455,0.23636363636363636,0.7713202620452305,0.5830218900160171,0.13294180459156432,0.40298985584623603,0.7636363636363637,0.7454545454545455,0.7554545454545455,LOW TRACTION
P469514,CLEAR Anti-Redness Exfoliating Solution with 2% Salicylic Acid,Paula's Choice,13813,4.7091,55.0,34.0,Skincare,Cleansers,Exfoliators,0,0,0,0,55.0,4.709090909090909,0.9454545454545454,0.9454545454545454,0.05454545454545454,0.8339132043795708,0.4815803523758676,0.13294180459156432,0.3421249332621463,0.9272727272727272,0.9454545454545454,0.9354545454545455,HIDDEN GEM
P474970,Hyaluronic Acid + Peptide Lip Treatment Booster,Paula's Choice,9969,4.1538,52.0,32.0,Skincare,Lip Balms & Treatments,,0,0,1,0,52.0,4.153846153846154,0.7307692307692307,0.7307692307692307,0.1346153846153846,0.8268472047952505,0.3726641751201281,0.1203950880939669,0.2717565403096636,0.7884615384615385,0.7307692307692307,0.7625,LOW TRACTION
P469504,Skin Perfecting 8% AHA Gel Exfoliant,Paula's Choice,14565,4.617,47.0,34.0,Skincare,Cleansers,Exfoliators,0,0,0,0,47.0,4.617021276595745,0.9148936170212766,0.9148936170212766,0.0425531914893617,0.8229448548177394,0.4965296316070475,0.10250934329951948,0.3389215162840363,0.9042553191489362,0.9148936170212766,0.9090425531914894,HIDDEN GEM
P469508,Hyaluronic Acid Booster,Paula's Choice,7239,4.413,46.0,39.0,Skincare,Treatments,Face Serums,0,0,0,0,47.0,4.425531914893617,0.8723404255319149,0.8723404255319149,0.06382978723404255,0.7299843430519104,0.27389215162840364,0.10250934329951948,0.20533902829684997,0.8563829787234043,0.8723404255319149,0.8635638297872341,HIDDEN GEM
P469526,Water-Infusing Electrolyte Moisturizer,Paula's Choice,8396,3.7273,44.0,37.0,Skincare,Moisturizers,Moisturizers,0,0,0,0,44.0,3.727272727272727,0.6136363636363636,0.6136363636363636,0.29545454545454547,0.8284549507356825,0.3155365723438334,0.09049652963160705,0.22552055525894288,0.6818181818181818,0.6136363636363636,0.6511363636363636,LOW TRACTION
P469512,CLINICAL Ceramide-Enriched Firming Eye Cream,Paula's Choice,8104,4.1163,43.0,49.0,Skincare,Eye Care,Eye Creams & Treatments,0,0,0,0,43.0,4.116279069767442,0.813953488372093,0.813953488372093,0.18604651162790697,0.7980889156460762,0.30485851575013345,0.08862786972770956,0.2183662573411639,0.7790697674418605,0.813953488372093,0.7947674418604651,LOW TRACTION
P469518,RESIST Barrier Repair Moisturizer with Retinol,Paula's Choice,17313,4.3243,37.0,37.0,Skincare,Moisturizers,Moisturizers,0,0,0,0,37.0,4.324324324324325,0.8108108108108109,0.8108108108108109,0.08108108108108109,0.8463857420853206,0.5563267485317672,0.0605979711692472,0.3580352375867592,0.8310810810810811,0.8108108108108109,0.8219594594594596,LOW TRACTION
P469521,RESIST Weightless Advanced Repairing Toner,Paula's Choice,11114,3.8,25.0,26.0,Skincare,Cleansers,Toners,0,0,0,0,25.0,3.8,0.76,0.68,0.24,0.7634165719861076,0.40896956753870795,0.0026695141484249867,0.24644954618259476,0.7,0.76,0.715,LOW TRACTION
P469523,RESIST Anti-Aging Clear Skin Hydrator,Paula's Choice,4739,3.4,25.0,37.0,Skincare,Moisturizers,Moisturizers,0,0,0,0,25.0,3.4,0.56,0.56,0.32,0.7177955447272821,0.16497597437266417,0.0026695141484249867,0.1000533902829685,0.6,0.56,0.582,LOW TRACTION
P421275,Salicylic Acid Acne Healing Dots,Peace Out,316297,4.1779,4560.0,19.0,Skincare,Treatments,Blemish & Acne Treatments,0,0,0,0,4576.0,4.1774475524475525,0.8111407012871726,0.7908653846153846,0.14554195804195805,0.7406917348195146,0.9919914575547251,0.9898558462359851,0.9911372130272291,0.7943618881118881,0.8111407012871726,0.798871056539998,HYPE GAP
P428250,Oil-Absorbing Pore Treatment Strips,Peace Out,102327,3.975,1562.0,19.0,Skincare,Treatments,Blemish & Acne Treatments,0,0,0,0,1568.0,3.9776785714285716,0.7570153061224489,0.7410714285714286,0.2059948979591837,0.7306848025646147,0.9321943406300054,0.9113721302722905,0.9238654564869194,0.7444196428571429,0.7570153061224489,0.7476961096938776,HYPE GAP
P467038,Retinol Eye Stick,Peace Out,136726,4.2062,1329.0,28.0,Skincare,Eye Care,Eye Creams & Treatments,0,0,0,1,1331.0,4.206611570247934,0.8024042073628851,0.7926371149511645,0.14350112697220135,0.7461205355723072,0.9583555792845702,0.888147357180993,0.9302722904431393,0.8016528925619835,0.8024042073628851,0.8005259203606311,HYPE GAP
P500757,Microneedling Anti-Wrinkle Retinol Patches,Peace Out,4415,3.9965,1128.0,24.0,Skincare,Treatments,Face Serums,0,0,0,1,1131.0,3.9973474801061006,0.7701149425287356,0.7515473032714411,0.15915119363395225,0.7591804690257744,0.15109450080085424,0.8659903897490657,0.43705285638013885,0.7493368700265252,0.7701149425287356,0.7559018567639256,LOW TRACTION
P503721,Salicylic Acid Acne Day Dots,Peace Out,11747,4.4974,384.0,19.0,Skincare,Treatments,Blemish & Acne Treatments,0,0,0,0,400.0,4.37,0.8875,0.8525,0.04,0.7216666996479034,0.42658836091831287,0.6195942338494395,0.5037907100907635,0.8425,0.8875,0.8574999999999999,HERO PRODUCT
P472052,Microneedling Dark Spot Brightening Dots,Peace Out,22947,4.0386,363.0,28.0,Skincare,Treatments,Face Serums,0,0,0,1,365.0,4.043835616438356,0.8054794520547945,0.7917808219178082,0.16712328767123288,0.7791216793385419,0.6374799786438868,0.594233849439402,0.6201815269620929,0.760958904109589,0.8054794520547945,0.7789383561643836,HYPE GAP
P479340,Retinol Face Stick,Peace Out,28434,4.5148,270.0,34.0,Skincare,Treatments,Face Serums,0,0,0,1,274.0,4.521897810218978,0.9087591240875912,0.8978102189781022,0.072992700729927,0.767964962640634,0.6962092899092365,0.5152162306460224,0.6238120662039508,0.8804744525547445,0.9087591240875912,0.8915602189781022,HERO PRODUCT
P501781,Instant Pore Perfector,Peace Out,11314,4.5843,255.0,28.0,Skincare,Treatments,Face Serums,0,0,0,1,260.0,4.5807692307692305,0.9076923076923077,0.8961538461538462,0.05384615384615385,0.7900691444600992,0.41537640149492794,0.50106780565937,0.4496529631607048,0.8951923076923076,0.9076923076923077,0.8990865384615385,HIDDEN GEM
P480629,Dark Spots Serum,Peace Out,7931,4.2262,252.0,29.0,Skincare,Treatments,Face Serums,0,0,0,1,257.0,4.217898832684825,0.8443579766536965,0.8210116731517509,0.11284046692607004,0.8051341199316084,0.3005872931126535,0.497330485851575,0.37928457020822215,0.8044747081712063,0.8443579766536965,0.818920233463035,LOW TRACTION
P469530,Blemish Balm Cleanser,Peace Out,16182,4.5597,243.0,22.0,Skincare,Cleansers,Face Wash & Cleansers,0,0,0,1,245.0,4.559183673469388,0.9142857142857143,0.9020408163265307,0.05714285714285714,0.8580553639188128,0.5312333155365724,0.4845168179391351,0.5125467164975974,0.889795918367347,0.9142857142857143,0.8989795918367347,HERO PRODUCT
P474971,Daily Blemish Repairing Moisturizer,Peace Out,8255,4.2624,221.0,28.0,Skincare,Moisturizers,Moisturizers,0,0,0,1,221.0,4.262443438914027,0.8597285067873304,0.8280542986425339,0.1085972850678733,0.8456130724814203,0.30966364121729845,0.4575547250400427,0.36882007474639616,0.8156108597285068,0.8597285067873304,0.830712669683258,LOW TRACTION
P465365,Puffy Under-Eye Patches,Peace Out,28152,4.2599,177.0,25.0,Skincare,Eye Care,Eye Masks,0,0,0,1,179.0,4.268156424581005,0.8491620111731844,0.8156424581005587,0.09497206703910614,0.7548145413203956,0.6946075814201815,0.4001601708489055,0.5768286171916711,0.8170391061452513,0.8491620111731844,0.8264664804469274,HYPE GAP
P502997,Salicylic Acid Acne Treatment Serum,Peace Out,3297,3.6667,120.0,34.0,Skincare,Treatments,Face Serums,0,0,0,1,123.0,3.6341463414634148,0.6721311475409836,0.6422764227642277,0.2682926829268293,0.8055977968202122,0.10998398291510945,0.3016550987720235,0.18665242925787506,0.6585365853658537,0.6721311475409836,0.6601759296281487,LOW TRACTION
P503683,Acne Salicylic Acid Day & Night Duo,Peace Out,6248,4.7073,82.0,19.0,Skincare,Value & Gift Sets,,0,0,0,0,89.0,4.696629213483146,0.9325842696629213,0.9325842696629213,0.033707865168539325,0.8444443980852763,0.23278163374265884,0.23358248798718634,0.23310197544046984,0.9241573033707866,0.9325842696629213,0.9279494382022473,HIDDEN GEM
P415701,Water Drench Hyaluronic Acid Moisturizer,Peter Thomas Roth,73776,4.265,1830.0,54.0,Skincare,Moisturizers,Moisturizers,0,0,0,0,1833.0,4.261865793780688,0.8061516452074392,0.7943262411347518,0.13584288052373159,0.7835469324446014,0.8953550453817405,0.9305926321409503,0.9094500800854244,0.8154664484451719,0.8061516452074392,0.8095009763772891,HYPE GAP
P377561,FIRMx Exfoliating Peel Gel,Peter Thomas Roth,56547,4.5391,1686.0,49.0,Skincare,Treatments,Facial Peels,0,0,0,0,1686.0,4.539145907473309,0.8867497168742922,0.8831553973902728,0.08125741399762752,0.8194318800990514,0.8510411105178858,0.9223171382808328,0.8795515216230646,0.8847864768683273,0.8867497168742922,0.8851307869484086,HERO PRODUCT
P450917,Mini FIRMx Exfoliating Peel Gel,Peter Thomas Roth,18585,4.5391,1686.0,16.0,Skincare,Mini Size,,0,0,0,0,1686.0,4.539145907473309,0.8867497168742922,0.8831553973902728,0.08125741399762752,0.8194318800990514,0.5814201815269621,0.9223171382808328,0.7177789642285104,0.8847864768683273,0.8867497168742922,0.8851307869484086,HERO PRODUCT
P39274,Anti-Aging Cleansing Gel,Peter Thomas Roth,32125,4.3699,1603.0,39.0,Skincare,Cleansers,Face Wash & Cleansers,0,0,0,0,1603.0,4.369931378665003,0.8416149068322981,0.8427947598253275,0.10043668122270742,0.8350403900100186,0.7282434596903363,0.9135077415910304,0.802349172450614,0.8424828446662507,0.8416149068322981,0.8422692505899265,HERO PRODUCT
P449599,Mini Anti-Aging Cleansing Gel,Peter Thomas Roth,9844,4.3699,1603.0,12.0,Skincare,Mini Size,,0,0,1,0,1603.0,4.369931378665003,0.8416149068322981,0.8427947598253275,0.10043668122270742,0.8350403900100186,0.3678590496529632,0.9135077415910304,0.5861185264281901,0.8424828446662507,0.8416149068322981,0.8422692505899265,HERO PRODUCT
P114902,Goodbye Acne  Max Complexion Correction Pads,Peter Thomas Roth,56955,4.4199,1529.0,48.0,Skincare,Treatments,Blemish & Acne Treatments,0,0,0,0,1529.0,4.4198822759973835,0.871313672922252,0.8620013080444735,0.08371484630477437,0.823801185945942,0.8526428190069407,0.9087026161238655,0.8750667378537107,0.8549705689993459,0.871313672922252,0.8609281110329868,HERO PRODUCT
P3617,Therapeutic Sulfur Acne Treatment Mask,Peter Thomas Roth,69468,4.5111,1217.0,52.0,Skincare,Masks,Face Masks,0,0,0,0,1217.0,4.511092851273624,0.8575498575498576,0.8808545603944125,0.06820049301561217,0.8022599419007305,0.8846769887880406,0.8766684463427656,0.8814735718099306,0.8777732128184059,0.8575498575498576,0.8721684083742424,HERO PRODUCT
P458576,Water Drench Hyaluronic Hydrating Moisturizer SPF 45,Peter Thomas Roth,26530,4.2886,842.0,55.0,Skincare,Moisturizers,Moisturizers,0,0,0,0,844.0,4.281990521327014,0.8483412322274881,0.8222748815165877,0.10308056872037914,0.8110852620393172,0.6801922050186866,0.804591564335291,0.7299519487453283,0.8204976303317535,0.8483412322274881,0.829117298578199,HYPE GAP
P471065,Mini Water Drench  Hyaluronic Hydrating Moisturizer SPF 45,Peter Thomas Roth,9899,4.3149,794.0,23.0,Skincare,Mini Size,,0,0,0,0,795.0,4.310691823899371,0.8591194968553459,0.8339622641509434,0.09685534591194969,0.814826662923927,0.3694607581420182,0.794447410571276,0.5394554191137213,0.8276729559748428,0.8591194968553459,0.8380503144654089,HYPE GAP
P428100,Potent-C Vitamin C Power Serum,Peter Thomas Roth,30830,4.0276,762.0,105.0,Skincare,Treatments,Face Serums,0,0,0,0,762.0,4.02755905511811,0.7506561679790026,0.7230971128608924,0.1679790026246719,0.732297244279281,0.7148958889482114,0.789642285104111,0.7447944474105713,0.7568897637795275,0.7506561679790026,0.7499507874015748,HYPE GAP
P387261,Pumpkin Enzyme Mask Enzymatic Dermal Resurfacer,Peter Thomas Roth,55129,4.6611,720.0,60.0,Skincare,Masks,Face Masks,0,0,0,0,720.0,4.661111111111111,0.9230769230769231,0.9277777777777778,0.043055555555555555,0.8096769352136932,0.8435664709022958,0.7848371596369461,0.820074746396156,0.9152777777777779,0.9230769230769231,0.9194925213675215,HERO PRODUCT
P453824,Vital-E Antioxidant Recovery Cream,Peter Thomas Roth,5199,4.4112,676.0,75.0,Skincare,Moisturizers,Moisturizers,0,0,1,0,676.0,4.411242603550296,0.9038461538461539,0.886094674556213,0.04142011834319527,0.7683031746092137,0.1847303790710091,0.7709556860651361,0.41922050186865994,0.8528106508875739,0.9038461538461539,0.8731139053254438,HIDDEN GEM
P283106,Instant FIRMx Eye Temporary Eye Tightener,Peter Thomas Roth,47539,3.3254,627.0,38.0,Skincare,Eye Care,Eye Creams & Treatments,0,0,0,0,628.0,3.321656050955414,0.4709897610921502,0.5318471337579618,0.37738853503184716,0.8282019397053396,0.8190069407367859,0.7557394554191137,0.793699946609717,0.5804140127388535,0.4709897610921502,0.5403017053977087,HYPE GAP
P3550,Goodbye Acne AHA/BHA Acne Clearing Gel Face Body Spot Treatment,Peter Thomas Roth,23319,4.2768,625.0,48.0,Skincare,Treatments,Face Serums,0,0,0,0,625.0,4.2768,0.7899159663865546,0.8272,0.12,0.742416462371115,0.6438868126001068,0.7533368926855313,0.6876668446342766,0.8191999999999999,0.7899159663865546,0.8116147899159664,HYPE GAP
P474078,Mini Goodbye Acne  AHA/BHA Acne Clearing Gel Face Body Spot Treatment,Peter Thomas Roth,4443,4.2768,625.0,20.0,Skincare,Mini Size,,0,0,0,0,625.0,4.2768,0.7899159663865546,0.8272,0.12,0.742416462371115,0.15216230646022424,0.7533368926855313,0.3926321409503471,0.8191999999999999,0.7899159663865546,0.8116147899159664,LOW TRACTION
P453823,Vital-E Antioxidant Recovery Eye Cream,Peter Thomas Roth,15022,4.3255,599.0,55.0,Skincare,Eye Care,Eye Creams & Treatments,0,0,1,0,599.0,4.325542570951586,0.8731218697829716,0.8347245409015025,0.04674457429048414,0.7850806628387555,0.5082754938601175,0.7383876134543513,0.6003203416978111,0.8313856427378965,0.8731218697829716,0.84440734557596,HERO PRODUCT
P251529,Retinol Fusion PM Night Serum,Peter Thomas Roth,28361,4.3262,564.0,65.0,Skincare,Treatments,Face Serums,0,0,0,0,564.0,4.326241134751773,0.7777777777777778,0.8280141843971631,0.10460992907801418,0.7816646687852011,0.6956753870795516,0.7287773625200213,0.7089161772557395,0.8315602836879432,0.7777777777777778,0.8148936170212767,HYPE GAP
P442741,Peptide 21 Wrinkle Resist Serum,Peter Thomas Roth,8393,4.4472,559.0,125.0,Skincare,Treatments,Face Serums,0,0,0,0,560.0,4.446428571428571,0.8857142857142857,0.8660714285714286,0.04107142857142857,0.7098159954644913,0.3150026695141484,0.7261078483715964,0.47944474105712764,0.8616071428571428,0.8857142857142857,0.8695089285714286,HIDDEN GEM
P399932,Acne-Clear Invisible Dots,Peter Thomas Roth,24178,3.4314,554.0,32.0,Skincare,Treatments,Blemish & Acne Treatments,0,0,0,0,555.0,3.4324324324324325,0.5666666666666667,0.590990990990991,0.3387387387387387,0.7454363106171021,0.6529631607047517,0.7242391884676989,0.6814735718099305,0.6081081081081081,0.5666666666666667,0.5931081081081081,HYPE GAP
P442742,Peptide 21 Amino Acid Exfoliating Peel Pads,Peter Thomas Roth,16263,4.6453,547.0,55.0,Skincare,Treatments,Facial Peels,0,0,0,0,547.0,4.645338208409506,0.9524680073126143,0.9305301645338209,0.02376599634369287,0.6944911897273883,0.5339028296849974,0.7205018686599038,0.6085424452749599,0.9113345521023766,0.9524680073126143,0.9265539305301644,HERO PRODUCT
P392608,Irish Moor Mud Purifying Black Mask,Peter Thomas Roth,23860,4.3724,537.0,60.0,Skincare,Masks,Face Masks,0,0,1,0,538.0,4.371747211895911,0.7923076923076923,0.8364312267657993,0.10037174721189591,0.8634048188317857,0.6497597437266418,0.7180993059263214,0.6770955686065137,0.8429368029739777,0.7923076923076923,0.8267722333428653,HYPE GAP
P382204,Cucumber Gel Mask Extreme Detoxifying Hydrator,Peter Thomas Roth,31288,4.1989,533.0,55.0,Skincare,Masks,Face Masks,0,0,0,0,534.0,4.192883895131086,0.8365384615384616,0.7846441947565543,0.13108614232209737,0.7800959120874535,0.7180993059263214,0.7164975974372664,0.7174586225306994,0.7982209737827715,0.8365384615384616,0.8076797032555458,HYPE GAP
P442743,Peptide 21 Wrinkle Resist Moisturizer,Peter Thomas Roth,9001,4.5531,508.0,95.0,Skincare,Moisturizers,Moisturizers,0,0,0,0,508.0,4.553149606299213,0.9311023622047244,0.9173228346456693,0.027559055118110236,0.6412950945937115,0.3406300053390283,0.6994127068873465,0.4841430859583556,0.8882874015748032,0.9311023622047244,0.9054872047244095,HERO PRODUCT
P467137,Water Drench Hyaluronic Glow Serum,Peter Thomas Roth,7390,4.444,482.0,72.0,Skincare,Treatments,Face Serums,0,0,0,0,484.0,4.433884297520661,0.8946280991735537,0.8760330578512396,0.05785123966942149,0.7716424418829901,0.2792311799252536,0.6812600106780566,0.4400427122263748,0.8584710743801653,0.8946280991735537,0.8719524793388431,HIDDEN GEM
P271682,Instant FIRMx Temporary Face Tightener,Peter Thomas Roth,19631,3.5567,476.0,49.0,Skincare,Treatments,Face Serums,0,0,0,0,479.0,3.546972860125261,0.5294117647058824,0.6137787056367432,0.3173277661795407,0.7822238105298275,0.593699946609717,0.6785904965296317,0.627656166577683,0.6367432150313153,0.5294117647058824,0.6010991035244996,HYPE GAP
P479706,Even Smoother Glycolic Retinol Resurfacing Serum,Peter Thomas Roth,5185,4.5803,467.0,65.0,Skincare,Treatments,Face Serums,0,0,0,0,467.0,4.580299785867238,0.9421841541755889,0.9250535331905781,0.023554603854389723,0.7377125246495735,0.18419647624132407,0.6711158569140416,0.3789642285104111,0.8950749464668095,0.9421841541755889,0.9137044967880086,HIDDEN GEM
P470243,PRO Strength Microdermabrasion Blackhead Eliminator,Peter Thomas Roth,11835,4.4936,466.0,68.0,Skincare,Cleansers,Exfoliators,0,0,0,1,466.0,4.493562231759657,0.9420600858369099,0.9055793991416309,0.027896995708154508,0.761519710163036,0.42979177789642287,0.6700480512546716,0.5258942872397223,0.8733905579399142,0.9420600858369099,0.8988197424892704,HERO PRODUCT
P474079,Goodbye Acne   Complete Acne Treatment Gel,Peter Thomas Roth,5639,4.2702,459.0,44.0,Skincare,Treatments,Face Serums,0,0,0,0,459.0,4.270152505446623,0.9084967320261438,0.8344226579520697,0.04357298474945534,0.5487568100745027,0.20982381206620396,0.6641751201281367,0.3915643352909771,0.8175381263616557,0.9084967320261438,0.8473583877995643,HIDDEN GEM
P448719,PRO Strength Lactic Pore Treatment,Peter Thomas Roth,16862,4.5779,443.0,88.0,Skincare,Treatments,Face Serums,0,0,0,1,443.0,4.577878103837472,0.9345372460496614,0.9209932279909706,0.03160270880361174,0.6592234851441522,0.5451147891083823,0.6537640149492793,0.5885744794447412,0.894469525959368,0.9345372460496614,0.9104683972911964,HERO PRODUCT
P479705,Even Smoother Glycolic Retinol Resurfacing Peel Pads,Peter Thomas Roth,7622,4.6009,441.0,52.0,Skincare,Treatments,Facial Peels,0,0,0,0,441.0,4.600907029478458,0.9501133786848073,0.9206349206349206,0.018140589569160998,0.621167950838515,0.2888414308595836,0.6518953550453818,0.4340630005339029,0.9002267573696145,0.9501133786848073,0.9182539682539683,HIDDEN GEM
P462390,PRO Strength 10% PHA Exfoliating Clarifying Liquid,Peter Thomas Roth,6220,4.3836,438.0,58.0,Skincare,Treatments,Facial Peels,0,0,0,1,438.0,4.383561643835616,0.91324200913242,0.8789954337899544,0.03424657534246575,0.8343188280705363,0.23117992525360384,0.6497597437266418,0.39861185264281906,0.845890410958904,0.91324200913242,0.8710616438356165,HIDDEN GEM
P412025,Cucumber De-Tox Hydra-Gel Eye Patches,Peter Thomas Roth,52503,3.9668,391.0,55.0,Skincare,Eye Care,Eye Masks,0,0,0,0,391.0,3.9667519181585678,0.7290322580645161,0.7212276214833759,0.15601023017902813,0.763628362168594,0.8344901227976508,0.6115856914041644,0.7453283502402562,0.7416879795396419,0.7290322580645161,0.7348222093886643,HYPE GAP
P454102,PRO Strength Niacinamide Discoloration Treatment,Peter Thomas Roth,32582,4.1608,367.0,88.0,Skincare,Treatments,Face Serums,0,0,0,1,367.0,4.160762942779291,0.7956403269754768,0.779291553133515,0.14986376021798364,0.7889212551324264,0.7325146823278164,0.595835557928457,0.6778430325680727,0.7901907356948228,0.7956403269754768,0.7901907356948228,HYPE GAP
P433456,Potent-C Vitamin C Power Eye Cream,Peter Thomas Roth,11436,4.0116,345.0,68.0,Skincare,Eye Care,Eye Creams & Treatments,0,0,0,0,345.0,4.011594202898551,0.7681159420289855,0.744927536231884,0.17391304347826086,0.5998794300688638,0.4191137213027229,0.5798184730379071,0.4833956219967966,0.7528985507246377,0.7681159420289855,0.756268115942029,HYPE GAP
P406104,24K Gold Pure Luxury Lift & Firm Hydra-Gel Eye Patches,Peter Thomas Roth,49824,3.7594,320.0,75.0,Skincare,Eye Care,Eye Creams & Treatments,0,0,0,0,322.0,3.7422360248447206,0.6205357142857143,0.6645962732919255,0.2670807453416149,0.8079730214875772,0.8286171916711158,0.5651361452215696,0.7232247730912973,0.6855590062111802,0.6205357142857143,0.6629076086956522,HYPE GAP
P433457,Potent-C Vitamin C Targeted Spot Brightener,Peter Thomas Roth,8238,4.3428,318.0,62.0,Skincare,Treatments,Blemish & Acne Treatments,0,0,0,0,318.0,4.3427672955974845,0.89937106918239,0.8647798742138365,0.06918238993710692,0.7683690606520094,0.30859583555792847,0.5603310197544047,0.409289909236519,0.8356918238993711,0.89937106918239,0.8591588050314467,HIDDEN GEM
P423254,Water Drench Hyaluronic Cloud Hydra-Gel Eye Patches,Peter Thomas Roth,60266,4.069,290.0,55.0,Skincare,Eye Care,Eye Masks,0,0,0,0,291.0,4.061855670103093,0.7663230240549829,0.738831615120275,0.15463917525773196,0.7806908638853776,0.8611852642819007,0.5301655098772023,0.7287773625200213,0.7654639175257731,0.7663230240549829,0.7617268041237114,HYPE GAP
P482061,Max Clear Invisible Priming Sunscreen Broad Spectrum SPF 45,Peter Thomas Roth,5462,4.4746,276.0,38.0,Skincare,Sunscreen,Face Sunscreen,0,0,0,0,276.0,4.47463768115942,0.8768115942028986,0.8768115942028986,0.07971014492753623,0.8716126704953381,0.19754404698344902,0.5162840363053924,0.3250400427122264,0.868659420289855,0.8768115942028986,0.8723278985507246,HIDDEN GEM
P503690,Water Drench Hyaluronic Cloud Rich Barrier Moisturizer,Peter Thomas Roth,2975,4.7489,219.0,58.0,Skincare,Moisturizers,Moisturizers,0,0,0,0,222.0,4.752252252252252,0.954954954954955,0.9414414414414415,0.03153153153153153,0.8645833327124516,0.09503470368392952,0.45888948211425523,0.24057661505605982,0.9380630630630631,0.954954954954955,0.9436373873873876,HIDDEN GEM
P500244,FIRMx Collagen Face & Eye Hydra-Gel Patches,Peter Thomas Roth,16592,4.6912,217.0,65.0,Skincare,Eye Care,Eye Creams & Treatments,0,0,0,0,218.0,4.6880733944954125,0.9403669724770642,0.9311926605504587,0.027522935779816515,0.4747483769401175,0.5397757608115323,0.4532835024025627,0.5051788574479446,0.9220183486238531,0.9403669724770642,0.9288990825688073,HERO PRODUCT
P392607,24K Gold Mask Pure Luxury Lift & Firm,Peter Thomas Roth,16676,3.5,196.0,85.0,Skincare,Masks,Face Masks,0,0,1,0,197.0,3.487309644670051,0.5957446808510638,0.5634517766497462,0.3147208121827411,0.6913087811404267,0.5429791777896423,0.42872397223705283,0.4972770955686065,0.6218274111675127,0.5957446808510638,0.6052462468949131,HYPE GAP
P481142,PRO Strength Vitamin A/C/E Retinoid Treatment,Peter Thomas Roth,7915,4.7416,178.0,65.0,Skincare,Treatments,Face Serums,0,0,0,1,178.0,4.741573033707865,0.9775280898876404,0.949438202247191,0.011235955056179775,0.3535205234434003,0.3000533902829685,0.399359316604378,0.3397757608115323,0.9353932584269662,0.9775280898876404,0.9501404494382022,HIDDEN GEM
P430812,Max Mineral Tinted Sunscreen Broad Spectrum SPF 45,Peter Thomas Roth,17046,4.2035,172.0,38.0,Skincare,Sunscreen,Face Sunscreen,0,0,0,0,172.0,4.203488372093023,0.7848837209302325,0.7732558139534884,0.12790697674418605,0.8571347777224794,0.5504538174052322,0.38841430859583553,0.48563801388147354,0.8008720930232558,0.7848837209302325,0.7919331395348836,HYPE GAP
P505158,Max Vitamin D-Fense Sunscreen Serum Broad Spectrum SPF 50,Peter Thomas Roth,340,4.8514,148.0,42.0,Skincare,Sunscreen,Face Sunscreen,0,1,0,0,172.0,4.813953488372093,0.9825581395348837,0.9767441860465116,0.011627906976744186,0.8,0.009076348104644954,0.38841430859583553,0.1608115323011212,0.9534883720930232,0.9825581395348837,0.9656976744186045,HIDDEN GEM
P410883,Acne Clearing Wash,Peter Thomas Roth,10371,4.2263,137.0,39.0,Skincare,Cleansers,Face Wash & Cleansers,0,0,0,0,137.0,4.226277372262774,0.8181818181818182,0.8102189781021898,0.1386861313868613,0.7661220120101035,0.3881473571809931,0.32648158035237584,0.36348104644954615,0.8065693430656935,0.8181818181818182,0.8106005308560054,LOW TRACTION
P440317,Potent-C Vitamin C Bright & Plump Moisturizer,Peter Thomas Roth,5285,3.6239,109.0,72.0,Skincare,Moisturizers,Moisturizers,0,0,0,0,109.0,3.623853211009174,0.6422018348623854,0.6238532110091743,0.27522935779816515,0.8045112641071374,0.18793379604911906,0.2781633742658836,0.22402562733582487,0.6559633027522935,0.6422018348623854,0.6470183486238532,LOW TRACTION
P471062,Full-Size Water Drench Hydra-Pair 2-Piece Kit,Peter Thomas Roth,15019,4.6,40.0,58.0,Skincare,Value & Gift Sets,,1,1,0,1,40.0,4.6,0.9,0.9,0.075,0.7909792975799458,0.5077415910304325,0.07528029898558462,0.33475707421249334,0.8999999999999999,0.9,0.9,HIDDEN GEM
P457519,Water Drench Hyaluronic Cloud Hydrating Eye Gel,Peter Thomas Roth,5917,3.4595,37.0,43.0,Skincare,Eye Care,Eye Creams & Treatments,0,0,0,0,37.0,3.4594594594594597,0.5675675675675675,0.5675675675675675,0.2972972972972973,0.9087227968608632,0.2199679658302189,0.0605979711692472,0.1562199679658302,0.6148648648648649,0.5675675675675675,0.5935810810810812,LOW TRACTION
P471064,Max Matte Shine Control Sunscreen Broad Spectrum SPF 45,Peter Thomas Roth,2240,2.4865,37.0,38.0,Skincare,Sunscreen,Face Sunscreen,0,0,0,0,37.0,2.4864864864864864,0.32432432432432434,0.32432432432432434,0.6486486486486487,0.8119791867211461,0.06940736785904965,0.0605979711692472,0.06588360918312866,0.3716216216216216,0.32432432432432434,0.35033783783783784,LOW TRACTION
P457520,FIRMx Collagen Moisturizer,Peter Thomas Roth,5148,3.3871,31.0,88.0,Skincare,Moisturizers,Moisturizers,0,0,0,0,31.0,3.3870967741935485,0.6129032258064516,0.5806451612903226,0.3870967741935484,0.7458826195577095,0.18206086492258408,0.03310197544046983,0.1224773091297384,0.5967741935483871,0.6129032258064516,0.5991935483870967,LOW TRACTION
P464799,Potent-C Power Brightening Hydra-Gels,Peter Thomas Roth,9815,2.6429,28.0,65.0,Skincare,Eye Care,Eye Masks,0,0,0,0,28.0,2.642857142857143,0.39285714285714285,0.39285714285714285,0.5714285714285714,0.8514805209636688,0.3651895355045382,0.01788574479444741,0.22626801922050188,0.4107142857142857,0.39285714285714285,0.40267857142857144,LOW TRACTION
P432818,Clean Smart Facial Cleansing Device,PMD,12284,3.9825,171.0,99.0,Skincare,High Tech Tools,Facial Cleansing Brushes,0,0,1,0,171.0,3.982456140350877,0.7134502923976608,0.7134502923976608,0.21052631578947367,0.74003198433232,0.44474105712760276,0.38574479444741056,0.42114255205552587,0.7456140350877193,0.7134502923976608,0.731140350877193,LOW TRACTION
P446630,Clean Pro Rose Quartz,PMD,8990,4.4559,136.0,179.0,Skincare,High Tech Tools,Facial Cleansing Brushes,0,0,1,0,136.0,4.455882352941177,0.875,0.8529411764705882,0.08823529411764706,0.5052302619086877,0.3395621996796583,0.3232781633742659,0.33304858515750135,0.8639705882352942,0.875,0.8656250000000001,HIDDEN GEM
P398502,Personal Microderm Pro,PMD,24832,4.4355,124.0,199.0,Skincare,High Tech Tools,Anti-Aging,0,0,1,0,124.0,4.435483870967742,0.8640776699029126,0.8629032258064516,0.12096774193548387,0.5679562902378459,0.6636412172984517,0.3032568072610785,0.5194874532835024,0.8588709677419355,0.8640776699029126,0.861037817099906,HERO PRODUCT
P401158,PMD Personal Microderm with Hand & Foot Kit,PMD,10303,4.6494,77.0,159.0,Skincare,High Tech Tools,Anti-Aging,0,0,1,0,77.0,4.64935064935065,0.9836065573770492,0.922077922077922,0.025974025974025976,0.6352698096594254,0.3849439402028831,0.201815269620929,0.3116924719701014,0.9123376623376624,0.9836065573770492,0.9351793698105174,HIDDEN GEM
P446629,Clean Pro,PMD,3044,4.2857,77.0,149.0,Skincare,High Tech Tools,Facial Cleansing Brushes,0,0,1,0,77.0,4.285714285714286,0.8441558441558441,0.7922077922077922,0.12987012987012986,0.6989153871933619,0.0993059263214095,0.201815269620929,0.1403096636412173,0.8214285714285714,0.8441558441558441,0.8238636363636364,LOW TRACTION
P467969,Personal Microderm Elite Pro,PMD,5350,4.6667,60.0,299.0,Skincare,High Tech Tools,Anti-Aging,0,0,1,0,60.0,4.666666666666667,0.9166666666666666,0.9333333333333333,0.06666666666666667,0.4497395949928384,0.19060331019754403,0.14548852108916177,0.1725573945541911,0.9166666666666667,0.9166666666666666,0.9191666666666668,HIDDEN GEM
P398500,Personal Microderm,PMD,12714,4.322,59.0,159.0,Skincare,High Tech Tools,Anti-Aging,0,0,1,0,59.0,4.322033898305085,0.8409090909090909,0.864406779661017,0.13559322033898305,0.5895780016810207,0.4564869193806727,0.1428190069407368,0.33101975440469833,0.8305084745762712,0.8409090909090909,0.838713405238829,HIDDEN GEM
P467970,Clean Pro Obsidian,PMD,3602,4.7069,58.0,179.0,Skincare,High Tech Tools,Anti-Aging,0,0,1,0,58.0,4.706896551724138,0.9310344827586207,0.9310344827586207,0.05172413793103448,0.6989563066098425,0.1222637479978644,0.1401494927923118,0.12941804591564335,0.9267241379310345,0.9310344827586207,0.9286637931034483,HIDDEN GEM
P476436,Clean Pro Jade,PMD,4221,4.8205,39.0,179.0,Skincare,High Tech Tools,Facial Cleansing Brushes,0,0,1,0,40.0,4.825,0.975,0.95,0.025,0.6354764858561177,0.14255205552589428,0.07528029898558462,0.11564335290977042,0.95625,0.975,0.9609375,HIDDEN GEM
P456192,Night Magic Restorative Face Oil with Firming Botanicals,Prima,6914,4.3488,410.0,68.0,Skincare,Moisturizers,Face Oils,0,0,0,0,410.0,4.348780487804878,0.9146341463414634,0.8707317073170732,0.036585365853658534,0.7135876320302487,0.2610784837159637,0.6292044847837693,0.408328884143086,0.8371951219512195,0.9146341463414634,0.8654573170731708,HIDDEN GEM
P456193,The Afterglow Deep Moisturizing Cream with Hyaluronic Acid & Vegan Collagen,Prima,6228,4.5302,381.0,68.0,Skincare,Moisturizers,Moisturizers,0,0,0,0,381.0,4.530183727034121,0.9501312335958005,0.9291338582677166,0.010498687664041995,0.7822043771867628,0.23224773091297385,0.603310197544047,0.3806727175654031,0.8825459317585302,0.9501312335958005,0.9098097112860893,HIDDEN GEM
P504644,"Personalized Cleanser, SPF Day Moisturizer, Night Cream Set",PROVEN Skincare,1660,4.3397,209.0,169.99,Skincare,Value & Gift Sets,,0,1,1,0,209.0,4.339712918660287,0.8325358851674641,0.8133971291866029,0.07655502392344497,0.4011219061083264,0.046983449012279764,0.44607581420181525,0.20662039508809396,0.8349282296650717,0.8325358851674641,0.8309808612440192,LOW TRACTION
P481335,Brightening Saffron Serum - Radiant Rani,RANAVAT,7269,4.7824,216.0,135.0,Skincare,Treatments,Face Serums,0,0,0,0,216.0,4.782407407407407,0.9398148148148148,0.9490740740740741,0.032407407407407406,0.7439775348799985,0.27549386011745863,0.45168179391350777,0.3459690336358783,0.9456018518518519,0.9398148148148148,0.944386574074074,HIDDEN GEM
P481354,Renewing Bakuchi Crème - Eternal Reign,RANAVAT,2168,4.3676,204.0,95.0,Skincare,Moisturizers,Moisturizers,0,0,0,0,204.0,4.367647058823529,0.8774509803921569,0.8431372549019608,0.058823529411764705,0.7820559270955898,0.06567004805125468,0.4380672717565403,0.21462893753336895,0.8419117647058822,0.8774509803921569,0.8527573529411765,HIDDEN GEM
P481336,Resurfacing Saffron AHA Masque - Radiant Rani,RANAVAT,4918,4.6298,181.0,75.0,Skincare,Masks,Face Masks,0,0,0,0,181.0,4.629834254143646,0.9281767955801105,0.9171270718232044,0.04419889502762431,0.8127248654762904,0.17191671115856913,0.4022957821676455,0.26406833956219966,0.9074585635359116,0.9281767955801105,0.9151243093922652,HIDDEN GEM
P481363,Smoothing Facial Polish - Imperial Glow,RANAVAT,3144,4.6364,176.0,45.0,Skincare,Cleansers,Exfoliators,0,0,0,0,176.0,4.636363636363637,0.9545454545454546,0.9318181818181818,0.022727272727272728,0.8260971763554741,0.10304324612920449,0.396155899626268,0.22028830752802991,0.9090909090909092,0.9545454545454546,0.9261363636363638,HIDDEN GEM
P481371,Balancing Crème Cleanser - Luminous Ceremony,RANAVAT,2102,4.4682,173.0,45.0,Skincare,Cleansers,Face Wash & Cleansers,0,0,0,0,173.0,4.468208092485549,0.9075144508670521,0.8554913294797688,0.023121387283236993,0.726430999510216,0.062466631073144686,0.39054991991457555,0.19369994660971704,0.8670520231213872,0.9075144508670521,0.8774566473988439,HIDDEN GEM
P504446,Restoring Moonseed Treatment - L’Immortale Empress,RANAVAT,1098,4.7222,54.0,125.0,Skincare,Moisturizers,Night Creams,0,1,1,0,54.0,4.722222222222222,1.0,0.9814814814814815,0.0,0.7245989406810087,0.02562733582487987,0.12813667912439936,0.06663107314468766,0.9305555555555556,1.0,0.9590277777777779,HIDDEN GEM
P481401,Hydrating Jasmine Mist - Royal Refresh,RANAVAT,3733,4.4571,35.0,45.0,Skincare,Moisturizers,Mists & Essences,0,0,0,0,35.0,4.457142857142857,0.8857142857142857,0.8857142857142857,0.05714285714285714,0.7896938123740256,0.12546716497597438,0.04965296316070475,0.09514148424986653,0.8642857142857143,0.8857142857142857,0.8739285714285714,HIDDEN GEM
P203616,Glycol Lactic Radiance Renewal Mask,REN Clean Skincare,58212,4.4022,1283.0,58.0,Skincare,Masks,Face Masks,0,0,0,0,1283.0,4.402182385035074,0.9124423963133641,0.8558067030397506,0.08495713172252534,0.7857845862213588,0.8553123331553657,0.8852108916177256,0.8672717565403096,0.8505455962587685,0.9124423963133641,0.8699038022922945,HERO PRODUCT
P428095,Ready Steady Glow Daily AHA Tonic,REN Clean Skincare,76269,4.143,1238.0,40.0,Skincare,Cleansers,Toners,0,0,0,0,1238.0,4.14297253634895,0.7851373182552503,0.77140549273021,0.154281098546042,0.7904781647260833,0.9017618793379605,0.8806727175654031,0.8933262146289376,0.7857431340872374,0.7851373182552503,0.7834107431340871,HYPE GAP
P465368,Mini Ready Steady Glow Daily AHA Tonic,REN Clean Skincare,20852,4.143,1238.0,22.0,Skincare,Cleansers,Toners,0,0,0,0,1238.0,4.14297253634895,0.7851373182552503,0.77140549273021,0.154281098546042,0.7904781647260833,0.6097170315002669,0.8806727175654031,0.7180993059263214,0.7857431340872374,0.7851373182552503,0.7834107431340871,HYPE GAP
P214002,Evercalm Barrier Support Antioxidant Moisturizer,REN Clean Skincare,27837,4.2017,1031.0,52.0,Skincare,Moisturizers,Moisturizers,0,0,0,0,1031.0,4.201745877788555,0.8291873963515755,0.8001939864209505,0.11736178467507274,0.8118712639466661,0.6908702616123865,0.8465029364655633,0.7531233315536572,0.8004364694471386,0.8291873963515755,0.8090253750645414,HYPE GAP
P436094,Evercalm Overnight Recovery Balm,REN Clean Skincare,38294,4.4864,623.0,55.0,Skincare,Moisturizers,Night Creams,0,0,0,0,624.0,4.487179487179487,0.9006410256410257,0.8894230769230769,0.07051282051282051,0.8042174892239151,0.7656166577682861,0.7517351841964762,0.7600640683395622,0.8717948717948718,0.9006410256410257,0.8830929487179487,HERO PRODUCT
P415620,Evercalm Ultra Comforting Rescue Mask,REN Clean Skincare,31464,4.5168,505.0,52.0,Skincare,Masks,Face Masks,0,0,0,0,505.0,4.516831683168316,0.8841607565011821,0.8752475247524752,0.08712871287128712,0.8275064468158014,0.7191671115856914,0.6978109983982915,0.7106246663107314,0.8792079207920791,0.8841607565011821,0.8800997120988695,HERO PRODUCT
P457512,Overnight Glow Dark Spot Sleeping Cream,REN Clean Skincare,20807,4.1408,476.0,55.0,Skincare,Moisturizers,Moisturizers,0,0,0,0,476.0,4.140756302521009,0.8151260504201681,0.7857142857142857,0.09033613445378151,0.8015410869919781,0.608649225840897,0.6761879337960491,0.6356647090229579,0.7851890756302522,0.8151260504201681,0.794248949579832,HYPE GAP
P442990,Clean Screen Mineral SPF 30 Mattifying Face Sunscreen,REN Clean Skincare,13299,3.3558,416.0,40.0,Skincare,Sunscreen,Face Sunscreen,0,0,0,0,416.0,3.355769230769231,0.5288461538461539,0.5096153846153846,0.3485576923076923,0.7179479815703226,0.46930058729311264,0.6340096102509343,0.5351841964762414,0.5889423076923077,0.5288461538461539,0.5590144230769231,HYPE GAP
P481732,Radiance Vitamin C Glow Serum,REN Clean Skincare,7564,4.682,412.0,69.0,Skincare,Treatments,Face Serums,0,0,0,0,412.0,4.682038834951456,0.9635922330097088,0.9538834951456311,0.014563106796116505,0.8355890671412151,0.2856380138814736,0.6310731446876668,0.4238120662039509,0.920509708737864,0.9635922330097088,0.9384405339805825,HIDDEN GEM
P467971,Brightening Dark Circle Eye Cream,REN Clean Skincare,20905,4.3027,370.0,51.0,Skincare,Eye Care,Eye Creams & Treatments,0,0,0,0,370.0,4.302702702702702,0.8702702702702703,0.8432432432432433,0.08108108108108109,0.8409890166332579,0.611318739989322,0.5977042178323545,0.605872931126535,0.8256756756756756,0.8702702702702703,0.8416891891891892,HERO PRODUCT
P475159,Evercalm Redness Relief Serum,REN Clean Skincare,5110,4.3985,271.0,60.0,Skincare,Treatments,Face Serums,0,0,0,0,271.0,4.398523985239852,0.8966789667896679,0.8745387453874539,0.01845018450184502,0.7702069612694722,0.1804591564335291,0.51281366791244,0.31340096102509346,0.8496309963099631,0.8966789667896679,0.8674815498154982,HIDDEN GEM
P454095,Perfect Canvas Clean Jelly Oil Cleanser,REN Clean Skincare,6031,4.0263,266.0,37.0,Skincare,Cleansers,Face Wash & Cleansers,0,0,0,0,266.0,4.026315789473684,0.7481203007518797,0.7481203007518797,0.14285714285714285,0.7153689997413983,0.2226374799786439,0.50533902829685,0.33571809930592633,0.756578947368421,0.7481203007518797,0.7527725563909775,LOW TRACTION
P484067,Evercalm Barrier Support Face Oil,REN Clean Skincare,8281,4.8391,261.0,60.0,Skincare,Moisturizers,Face Oils,0,0,0,0,262.0,4.8396946564885495,0.9847328244274809,0.9885496183206107,0.003816793893129771,0.5348710001824977,0.31019754404698346,0.5029364655632674,0.3872931126534971,0.9599236641221374,0.9847328244274809,0.9716603053435113,HIDDEN GEM
P473172,Glow Daily Vitamin C Gel Cream,REN Clean Skincare,6074,4.5825,194.0,54.0,Skincare,Moisturizers,Moisturizers,0,0,0,0,194.0,4.582474226804123,0.9381443298969072,0.9432989690721649,0.030927835051546393,0.5727848344588582,0.22477309129738388,0.4241857981847304,0.30453817405232253,0.8956185567010309,0.9381443298969072,0.9155283505154639,HIDDEN GEM
P474371,Evercalm Gentle Cleansing Milk,REN Clean Skincare,2764,4.3208,159.0,38.0,Skincare,Cleansers,Face Wash & Cleansers,0,0,0,0,160.0,4.325,0.8875,0.85,0.04375,0.7876190376281739,0.08649225840896957,0.36732514682327816,0.198825413774693,0.83125,0.8875,0.8509375000000001,HIDDEN GEM
P504056,"Perfect Canvas Smooth, Prep & Plump Essence",REN Clean Skincare,1944,4.7677,155.0,55.0,Skincare,Moisturizers,Mists & Essences,0,1,1,0,155.0,4.767741935483871,0.967741935483871,0.967741935483871,0.0064516129032258064,0.8273809637342181,0.05872931126534971,0.3569140416444207,0.17800320341697812,0.9419354838709677,0.967741935483871,0.9535483870967741,HIDDEN GEM
P476726,Evercalm Gentle Cleansing Gel,REN Clean Skincare,1293,4.36,125.0,38.0,Skincare,Cleansers,Face Wash & Cleansers,0,0,0,0,125.0,4.36,0.912,0.872,0.016,0.7000000006274173,0.03150026695141484,0.30512546716497596,0.14095034703683929,0.8400000000000001,0.912,0.8664000000000001,HIDDEN GEM
P437477,Stop Being So Sensitive Evercalm Kit,REN Clean Skincare,17141,3.6087,69.0,34.0,Skincare,Value & Gift Sets,,0,0,0,0,69.0,3.608695652173913,0.6811594202898551,0.6376811594202898,0.2898550724637681,0.7949033428411014,0.5536572343833422,0.17538707955152164,0.402349172450614,0.6521739130434783,0.6811594202898551,0.6586956521739131,LOW TRACTION
P470049,Clearcalm Clarifying Clay Cleanser,REN Clean Skincare,4303,4.6,40.0,38.0,Skincare,Cleansers,Face Wash & Cleansers,0,0,0,0,40.0,4.6,0.9,0.9,0.1,0.8857874737845527,0.14895888948211425,0.07528029898558462,0.1194874532835024,0.8999999999999999,0.9,0.9,HIDDEN GEM
P455227,Glow One Step Further Radiance Kit,REN Clean Skincare,10949,3.931,29.0,28.0,Skincare,Value & Gift Sets,,0,0,0,1,29.0,3.9310344827586206,0.7241379310344828,0.6206896551724138,0.13793103448275862,0.8718779661037304,0.405232247730913,0.022957821676454885,0.2523224773091297,0.7327586206896551,0.7241379310344828,0.7133620689655172,LOW TRACTION
P504309,Solar Power Luminous SPF 30 Brightening Serum,ROSE INC,1484,4.4604,265.0,46.0,Skincare,Treatments,Face Serums,0,1,0,1,267.0,4.441947565543071,0.8913857677902621,0.8576779026217228,0.04119850187265917,0.8814192350004234,0.04217832354511479,0.5077415910304325,0.2284036305392419,0.8604868913857677,0.8913857677902621,0.8693352059925094,HIDDEN GEM
P481145,Hydration Replenish Microencapsulated Plumping Gel Moisturizer,ROSE INC,5567,4.6561,189.0,70.0,Skincare,Moisturizers,Moisturizers,0,0,0,1,189.0,4.656084656084656,0.9417989417989417,0.9259259259259259,0.042328042328042326,0.883778699048578,0.20768820074746397,0.4167111585691404,0.2912973838761346,0.914021164021164,0.9417989417989417,0.9241402116402115,HIDDEN GEM
P500696,Eye Revival Brightening Eye Cream,ROSE INC,7827,4.6915,188.0,55.0,Skincare,Eye Care,Eye Creams & Treatments,0,0,0,0,188.0,4.691489361702128,0.9627659574468085,0.9414893617021277,0.026595744680851064,0.6614835813075681,0.29738387613454353,0.4145755472504004,0.3442605445808863,0.9228723404255319,0.9627659574468085,0.9376329787234043,HIDDEN GEM
P476010,Skin Resolution Clean Exfoliating Acid Toner,ROSE INC,8679,4.6848,184.0,32.0,Skincare,Cleansers,Toners,0,0,0,1,184.0,4.684782608695652,0.9347826086956522,0.9293478260869565,0.03260869565217391,0.6978347287387461,0.3246129204484784,0.408435664709023,0.3581420181526962,0.9211956521739131,0.9347826086956522,0.9264945652173914,HIDDEN GEM
P504315,Mini Skin Resolution Clarifying Acid Toner,ROSE INC,1962,4.6848,184.0,15.0,Skincare,Cleansers,Toners,0,0,1,1,184.0,4.684782608695652,0.9347826086956522,0.9293478260869565,0.03260869565217391,0.6978347287387461,0.0603310197544047,0.408435664709023,0.199572877736252,0.9211956521739131,0.9347826086956522,0.9264945652173914,HIDDEN GEM
P476009,Radiant Reveal Clean Brightening Vitamin C Serum,ROSE INC,4769,4.6687,166.0,74.0,Skincare,Treatments,Face Serums,0,0,0,1,166.0,4.668674698795181,0.963855421686747,0.9578313253012049,0.03614457831325301,0.5243482602679211,0.16657768286171917,0.3761345435130806,0.25040042712226374,0.9171686746987953,0.963855421686747,0.9372740963855422,HIDDEN GEM
P468850,Signature Moisturizer,ROSE Ingleton MD,4096,4.7,120.0,85.0,Skincare,Moisturizers,Moisturizers,0,0,1,0,120.0,4.7,0.9416666666666667,0.9166666666666666,0.025,0.3275619195855182,0.1388147357180993,0.297116924719701,0.20213561131873997,0.925,0.9416666666666667,0.92875,HIDDEN GEM
P470245,Complexion Brightening Booster Serum,ROSE Ingleton MD,3223,4.5,34.0,70.0,Skincare,Treatments,Face Serums,0,0,1,0,34.0,4.5,0.9117647058823529,0.9117647058823529,0.08823529411764706,0.5902236943895166,0.10571276027762948,0.04591564335290977,0.0817939135077416,0.875,0.9117647058823529,0.8915441176470589,HIDDEN GEM
P470247,Blemish Control Booster Serum,ROSE Ingleton MD,2170,4.8182,33.0,70.0,Skincare,Treatments,Face Serums,0,0,1,0,33.0,4.818181818181818,0.9696969696969697,0.9696969696969697,0.030303030303030304,0.5559162723295616,0.06620395088093967,0.04217832354511479,0.05659369994660972,0.9545454545454546,0.9696969696969697,0.9613636363636364,HIDDEN GEM
P42204,Rosebud Salve,Rosebud Perfume Co.,81724,4.6463,5199.0,7.0,Skincare,Lip Balms & Treatments,,0,0,0,0,5200.0,4.645,0.853035143769968,0.9232692307692307,0.04038461538461539,0.7996489792343294,0.9119060331019755,0.9925253603844101,0.9441537640149493,0.9112499999999999,0.853035143769968,0.895588427746375,HERO PRODUCT
P42205,Strawberry Lip Balm,Rosebud Perfume Co.,55765,4.559,2440.0,8.0,Skincare,Lip Balms & Treatments,,0,0,0,0,2441.0,4.5591970503891845,0.8381877022653722,0.9065956575174109,0.043424825891028265,0.7791046384308074,0.8483715963694608,0.9556860651361452,0.8912973838761347,0.8897992625972961,0.8381877022653722,0.8768352537357362,HERO PRODUCT
P266126,Rosebud Salve in a Tube,Rosebud Perfume Co.,65272,4.3797,2399.0,7.0,Skincare,Lip Balms & Treatments,,0,0,0,0,2399.0,4.37974155898291,0.7865961199294532,0.838682784493539,0.09420591913297208,0.7242922730146701,0.8761345435130806,0.9524826481580352,0.9066737853710625,0.8449353897457275,0.7865961199294532,0.826495718013017,HYPE GAP
P164932,Minted Rose Lip Balm,Rosebud Perfume Co.,34913,4.5225,1981.0,8.0,Skincare,Lip Balms & Treatments,,0,0,0,0,1981.0,4.522463402322059,0.7892857142857143,0.8909641595153963,0.05350832912670368,0.6945225701403885,0.7447944474105713,0.9386011745862253,0.822317138280833,0.8806158505805148,0.7892857142857143,0.8547690560323069,HERO PRODUCT
P392239,Menthol And Eucalyptus Lip Balm,Rosebud Perfume Co.,20830,4.0998,401.0,7.0,Skincare,Lip Balms & Treatments,,0,0,0,0,401.0,4.0997506234413965,0.8089887640449438,0.7456359102244389,0.1571072319201995,0.8021200180605605,0.609183128670582,0.6219967965830219,0.614308595835558,0.7749376558603491,0.8089887640449438,0.780757726470341,HYPE GAP
P397465,Strawberry Lip Balm,Rosebud Perfume Co.,13002,4.1518,112.0,8.0,Skincare,Lip Balms & Treatments,,0,0,0,0,112.0,4.151785714285714,0.7682926829268293,0.7589285714285714,0.15178571428571427,0.7786371535979785,0.46476241324079015,0.2837693539775761,0.39236518953550453,0.7879464285714286,0.7682926829268293,0.7776976263066202,LOW TRACTION
P468211,Sunvisor Radiant Moisturizing Face Sunscreen SPF 35,Saie,14842,4.0939,181.0,38.0,Skincare,Sunscreen,Face Sunscreen,0,0,0,1,183.0,4.103825136612022,0.7486338797814208,0.7158469945355191,0.14754098360655737,0.8652768212253462,0.5024025627335825,0.40603310197544046,0.46385477843032574,0.7759562841530054,0.7486338797814208,0.7587431693989072,LOW TRACTION
P444222,Luxury Beauty Serum Calming Treatment,Saint Jane Beauty,21687,4.3972,355.0,125.0,Skincare,Treatments,Face Serums,0,0,0,0,355.0,4.397183098591549,0.8450704225352113,0.8169014084507042,0.10704225352112676,0.8502351115612465,0.6225306994127069,0.5864922584089696,0.608115323011212,0.8492957746478873,0.8450704225352113,0.8431690140845072,HERO PRODUCT
P501321,Luxury Sun Ritual Pore Smoothing Sunscreen SPF 30,Saint Jane Beauty,10922,4.8262,282.0,38.0,Skincare,Sunscreen,Face Sunscreen,0,0,0,0,293.0,4.832764505119454,0.9726962457337884,0.9726962457337884,0.010238907849829351,0.8585687519311905,0.404164442071543,0.5325680726107849,0.4555258942872398,0.9581911262798635,0.9726962457337884,0.9647184300341297,HIDDEN GEM
P461491,Bright Repair Eye Cream – 10% Vitamin C,Saint Jane Beauty,7304,4.2948,173.0,65.0,Skincare,Eye Care,Eye Creams & Treatments,0,0,0,0,174.0,4.275862068965517,0.8045977011494253,0.7758620689655172,0.12643678160919541,0.8911759462080845,0.27709556860651363,0.39241857981847306,0.3232247730912974,0.8189655172413792,0.8045977011494253,0.8081896551724138,LOW TRACTION
P467972,The C Drops – 20% Vitamin C Blend Brightening Serum,Saint Jane Beauty,5557,4.75,100.0,90.0,Skincare,Treatments,Face Serums,0,0,0,0,100.0,4.75,0.96,0.94,0.03,0.9354007311703003,0.20715429791777895,0.2586759209823812,0.22776294714361983,0.9375,0.96,0.944625,HIDDEN GEM
P473723,Hydrating Petal Cream – 1% Pure Hyaluronic Acid Moisturizer,Saint Jane Beauty,4072,4.5395,76.0,68.0,Skincare,Moisturizers,Moisturizers,0,0,0,0,76.0,4.5394736842105265,0.868421052631579,0.868421052631579,0.10526315789473684,0.908414500264021,0.13721302722904433,0.19701014415376403,0.1611318739989322,0.8848684210526316,0.868421052631579,0.877467105263158,HIDDEN GEM
P482068,Sacred Sleep Overnight Repair with Retinol,Saint Jane Beauty,3758,4.7544,57.0,70.0,Skincare,Treatments,Face Serums,0,0,0,1,57.0,4.754385964912281,0.9473684210526315,0.9473684210526315,0.017543859649122806,0.7559514030029899,0.12653497063534436,0.1382808328884143,0.13123331553657233,0.9385964912280702,0.9473684210526315,0.9425438596491229,HIDDEN GEM
P501185,Luxury Lip Shine – Longwear Hydration Lip Oil with Vitamin C,Saint Jane Beauty,4219,4.6552,29.0,28.0,Skincare,Lip Balms & Treatments,,0,0,1,0,29.0,4.655172413793103,0.896551724137931,0.896551724137931,0.034482758620689655,0.9789530015908755,0.1420181526962093,0.022957821676454885,0.09439402028830753,0.9137931034482758,0.896551724137931,0.9060344827586206,HIDDEN GEM
P409800,Cleansing & Exfoliating Wipes,SEPHORA COLLECTION,266116,4.3383,3837.0,3.0,Skincare,Cleansers,Face Wipes,0,0,0,1,3837.0,4.338285118582226,0.8454545454545455,0.8311180609851446,0.09695074276778734,0.7984517554085885,0.9866524292578751,0.9839829151094501,0.9855846235985051,0.8345712796455564,0.8454545454545455,0.8373182765891913,HYPE GAP
P442594,Ultra Glow Serum: Glow + Strengthen Vitamin C Serum,SEPHORA COLLECTION,113866,4.125,1488.0,20.0,Skincare,Treatments,Face Serums,0,0,0,1,1493.0,4.123241795043537,0.8097789685197588,0.7655726724715338,0.11386470194239785,0.7971848618021479,0.9444741057127602,0.9054991991457555,0.9288841430859583,0.7808104487608842,0.8097789685197588,0.787215338245144,HYPE GAP
P460855,Clean Lip Balm & Scrub,SEPHORA COLLECTION,74119,2.282,610.0,7.0,Skincare,Lip Balms & Treatments,,0,0,0,1,611.0,2.2798690671031094,0.3011456628477905,0.25368248772504093,0.646481178396072,0.8348887604703851,0.8969567538707955,0.7455953016550988,0.8364121729845169,0.31996726677577736,0.3011456628477905,0.30437806873977086,HYPE GAP
P438619,Brightening Eye Cream with Caffeine and Hyaluronic Acid,SEPHORA COLLECTION,126673,4.375,528.0,18.0,Skincare,Eye Care,Eye Creams & Treatments,0,0,0,1,531.0,4.369114877589454,0.8738229755178908,0.8418079096045198,0.1016949152542373,0.7857525756805198,0.9519487453283503,0.714095034703684,0.8568072610784837,0.8422787193973635,0.8738229755178908,0.8516713747645952,HERO PRODUCT
P460723,Clean Cleansing & Gentle Exfoliating Wipes,SEPHORA COLLECTION,26264,2.5641,523.0,6.0,Skincare,Cleansers,Face Wipes,0,0,0,0,524.0,2.562977099236641,0.37786259541984735,0.3530534351145038,0.5782442748091603,0.8778141494022167,0.6764548852108916,0.708756006406834,0.6893753336892685,0.3907442748091603,0.37786259541984735,0.381226145038168,HYPE GAP
P500744,Clean Lip Balm & Scrub,SEPHORA COLLECTION,24932,4.5128,470.0,7.0,Skincare,Lip Balms & Treatments,,0,0,0,1,473.0,4.5073995771670194,0.9090909090909091,0.8752642706131079,0.06765327695560254,0.8253034314298942,0.6647090229578216,0.6745862253069941,0.6686599038974906,0.8768498942917549,0.9090909090909091,0.8862843551797042,HERO PRODUCT
P438620,Nourishing Moisturizer with Prebiotics,SEPHORA COLLECTION,59250,4.5182,467.0,18.0,Skincare,Moisturizers,Moisturizers,0,0,0,1,472.0,4.514830508474576,0.8983050847457628,0.8898305084745762,0.08050847457627118,0.8569298135963354,0.8585157501334757,0.6737853710624666,0.784623598505072,0.878707627118644,0.8983050847457628,0.8862552966101696,HERO PRODUCT
P442589,Instant Masks,SEPHORA COLLECTION,50038,3.5165,455.0,8.0,Skincare,Masks,Face Masks,0,0,0,1,455.0,3.5164835164835164,0.6329670329670329,0.5978021978021978,0.2725274725274725,0.6522066011330334,0.8302189001601709,0.6615056059797116,0.7627335824879872,0.6291208791208791,0.6329670329670329,0.625576923076923,HYPE GAP
P442535,Glow Peel Pads,SEPHORA COLLECTION,45067,3.9956,452.0,15.0,Skincare,Treatments,Facial Peels,0,0,0,1,452.0,3.995575221238938,0.7610619469026548,0.7168141592920354,0.16150442477876106,0.8383584378854089,0.807261078483716,0.6593699946609717,0.7481046449546183,0.7488938053097345,0.7610619469026548,0.7477323008849558,HYPE GAP
P438617,All Day Hyaluronic Acid Hydrator Moisturizer,SEPHORA COLLECTION,54075,4.5647,425.0,18.0,Skincare,Moisturizers,Moisturizers,0,0,0,1,427.0,4.566744730679157,0.9203747072599532,0.9063231850117096,0.0468384074941452,0.8129038709478501,0.8382274426054458,0.6393486385477843,0.7586759209823812,0.8916861826697893,0.9203747072599532,0.9024882903981265,HERO PRODUCT
P438618,Clean Skin Gel Cleanser with Prebiotics,SEPHORA COLLECTION,43752,4.6286,420.0,12.0,Skincare,Cleansers,Face Wash & Cleansers,0,0,0,1,424.0,4.617924528301887,0.9221698113207547,0.9127358490566038,0.04009433962264151,0.7700212498505911,0.801922050186866,0.6374799786438868,0.7361452215696743,0.9044811320754718,0.9221698113207547,0.9110259433962264,HERO PRODUCT
P460701,Clean Face Mask,SEPHORA COLLECTION,80684,4.1455,385.0,5.5,Skincare,Masks,Sheet Masks,0,0,0,1,386.0,4.137305699481865,0.810880829015544,0.7668393782383419,0.12435233160621761,0.7564814858138561,0.9097704217832354,0.6075814201815269,0.7888948211425519,0.7843264248704662,0.810880829015544,0.789669689119171,HYPE GAP
P460856,Clean Eye Mask,SEPHORA COLLECTION,94157,4.1698,371.0,3.5,Skincare,Masks,Sheet Masks,0,0,0,1,373.0,4.171581769436997,0.8310991957104558,0.7801608579088471,0.13404825737265416,0.8458045397079392,0.9252536038441004,0.599572877736252,0.7949813134009611,0.7928954423592494,0.8310991957104558,0.802446380697051,HYPE GAP
P483138,Targeted Pores Serum with BHA + PHA,SEPHORA COLLECTION,12422,4.6844,339.0,20.0,Skincare,Treatments,Facial Peels,0,0,0,1,340.0,4.685294117647059,0.9588235294117647,0.9294117647058824,0.014705882352941176,0.6383374682627618,0.44741057127602774,0.5731446876668447,0.4977042178323545,0.9213235294117648,0.9588235294117647,0.9337867647058824,HERO PRODUCT
P467647,Melting Cleansing Balm Cleanse + Balance,SEPHORA COLLECTION,21017,3.6314,331.0,12.0,Skincare,Cleansers,Face Wash & Cleansers,0,0,0,1,331.0,3.6314199395770395,0.6465256797583081,0.6072507552870091,0.2719033232628399,0.8120539233611341,0.6134543513080619,0.5675387079551522,0.5950880939668981,0.6578549848942599,0.6465256797583081,0.6468655589123867,HYPE GAP
P483137,Targeted Dark Spots Serum with Enzymes,SEPHORA COLLECTION,12192,4.6447,318.0,20.0,Skincare,Treatments,Face Serums,0,0,0,1,318.0,4.644654088050315,0.9622641509433962,0.9308176100628931,0.015723270440251572,0.5799821055772012,0.4420715429791778,0.5603310197544047,0.48937533368926855,0.9111635220125787,0.9622641509433962,0.9294418238993711,HERO PRODUCT
P467652,Lip Sleeping Mask,SEPHORA COLLECTION,45533,3.5475,316.0,5.0,Skincare,Lip Balms & Treatments,,0,0,0,1,320.0,3.5625,0.6375,0.578125,0.271875,0.8344389699649677,0.809930592632141,0.5624666310731447,0.7109450080085424,0.640625,0.6375,0.6303124999999999,HYPE GAP
P473725,Resurfacing Peel Mask,SEPHORA COLLECTION,20307,4.8299,241.0,18.0,Skincare,Treatments,Facial Peels,0,0,0,1,243.0,4.810699588477366,0.9753086419753086,0.9670781893004116,0.012345679012345678,0.6976193523123151,0.6038441003737319,0.4818473037907101,0.5550453817405232,0.9526748971193415,0.9753086419753086,0.9616255144032921,HERO PRODUCT
P472057,Vegan Makeup Remover and Cleansing Brush,SEPHORA COLLECTION,19958,4.3651,241.0,14.0,Skincare,High Tech Tools,Facial Cleansing Brushes,0,0,0,1,241.0,4.365145228215767,0.8589211618257261,0.8091286307053942,0.04979253112033195,0.8124850754455853,0.600640683395622,0.4789108382274426,0.5519487453283503,0.8412863070539418,0.8589211618257261,0.8417531120331949,HERO PRODUCT
P457442,Face Serum,SEPHORA COLLECTION,41657,3.3235,238.0,9.0,Skincare,Treatments,Face Serums,0,0,0,1,238.0,3.323529411764706,0.5966386554621849,0.5336134453781513,0.3067226890756303,0.7454993947686857,0.788574479444741,0.47303790710090765,0.6623598505072077,0.5808823529411765,0.5966386554621849,0.5785189075630253,HYPE GAP
P504429,Hydrating Serum,SEPHORA COLLECTION,3242,4.8445,238.0,20.0,Skincare,Treatments,Face Serums,0,1,0,0,300.0,4.81,0.9833333333333333,0.9733333333333334,0.006666666666666667,0.75,0.10731446876668446,0.5419113721302723,0.2811532301121196,0.9524999999999999,0.9833333333333333,0.964875,HIDDEN GEM
P458724,Metal Facial Razor,SEPHORA COLLECTION,38239,4.4726,237.0,18.0,Skincare,High Tech Tools,Hair Removal,0,0,0,1,238.0,4.474789915966387,0.8907563025210085,0.8697478991596639,0.08823529411764706,0.8361924139989747,0.7645488521089162,0.47303790710090765,0.6479444741057128,0.8686974789915967,0.8907563025210085,0.8754726890756303,HERO PRODUCT
P504421,Overnight Hydrating Mask,SEPHORA COLLECTION,5527,4.8268,231.0,16.0,Skincare,Masks,Face Masks,0,1,0,1,300.0,4.81,0.9833333333333333,0.98,0.006666666666666667,0.4444444154699643,0.20395088093966898,0.5419113721302723,0.3391350774159103,0.9524999999999999,0.9833333333333333,0.965875,HIDDEN GEM
P483136,Targeted Anti-Aging Bakuchiol Serum,SEPHORA COLLECTION,10653,4.6,205.0,20.0,Skincare,Treatments,Face Serums,0,0,0,1,206.0,4.597087378640777,0.941747572815534,0.941747572815534,0.03398058252427184,0.6486399513555736,0.39668980245595303,0.4412706887346503,0.41452215696743194,0.8992718446601942,0.941747572815534,0.9183859223300971,HIDDEN GEM
P473729,Vitamin Mask,SEPHORA COLLECTION,27165,4.4826,201.0,10.0,Skincare,Masks,Face Masks,0,0,0,1,201.0,4.482587064676617,0.8606965174129353,0.8507462686567164,0.07462686567164178,0.6967900847479448,0.6833956219967966,0.43539775760811533,0.5841964762413241,0.8706467661691542,0.8606965174129353,0.8646766169154229,HERO PRODUCT
P461522,Clean Charcoal Nose Strip,SEPHORA COLLECTION,25388,3.0273,183.0,3.0,Skincare,Masks,Sheet Masks,0,0,0,1,186.0,2.9946236559139785,0.478494623655914,0.45161290322580644,0.43010752688172044,0.7458946381352449,0.6687132941804591,0.41217298451681794,0.5660971703150026,0.4986559139784946,0.478494623655914,0.48555107526881724,HYPE GAP
P473726,Smoothing Cleanser,SEPHORA COLLECTION,10098,4.638,163.0,12.0,Skincare,Cleansers,Face Wash & Cleansers,0,0,0,1,164.0,4.628048780487805,0.9207317073170732,0.9085365853658537,0.054878048780487805,0.7648700639361241,0.3769353977576081,0.37213027229044315,0.3750133475707421,0.9070121951219512,0.9207317073170732,0.9113567073170732,HIDDEN GEM
P461520,Clean Foot Mask,SEPHORA COLLECTION,34386,4.2692,156.0,5.0,Skincare,Masks,Sheet Masks,0,0,0,1,157.0,4.273885350318471,0.8343949044585988,0.821656050955414,0.12738853503184713,0.8515607337608482,0.7415910304324613,0.3611852642819007,0.5894287239722371,0.8184713375796178,0.8343949044585988,0.8237261146496816,HYPE GAP
P500626,Melting Cleansing Balm Cleanse + Balance,SEPHORA COLLECTION,15903,4.0131,153.0,12.0,Skincare,Cleansers,Face Wash & Cleansers,0,0,0,1,161.0,3.9751552795031055,0.7267080745341615,0.6956521739130435,0.21739130434782608,0.882207207314603,0.5264281900694073,0.36865990389749065,0.46332087560064067,0.7437888198757764,0.7267080745341615,0.731444099378882,LOW TRACTION
P465803,Blue Aventurine De-Puffing Facial Roller,SEPHORA COLLECTION,11904,4.8993,149.0,20.0,Skincare,Wellness,Facial Rollers,0,0,0,1,150.0,4.8933333333333335,0.9866666666666667,0.98,0.013333333333333334,0.6995956559679402,0.4335290977042178,0.34890549919914576,0.399679658302189,0.9733333333333334,0.9866666666666667,0.9783333333333335,HIDDEN GEM
P439672,Rose Quartz Facial Roller,SEPHORA COLLECTION,29366,3.7111,135.0,22.0,Skincare,Wellness,Facial Rollers,0,0,0,1,136.0,3.698529411764706,0.6911764705882353,0.6397058823529411,0.2426470588235294,0.7422844318802967,0.7058195408435665,0.3232781633742659,0.5528029898558462,0.6746323529411765,0.6911764705882353,0.6743566176470588,HYPE GAP
P502986,Jade Facial Roller,SEPHORA COLLECTION,1060,4.8915,129.0,22.0,Skincare,Wellness,Facial Rollers,0,1,0,1,129.0,4.891472868217054,0.9922480620155039,0.9767441860465116,0.0,0.0,0.025093432995194873,0.31153230112119595,0.1396689802455953,0.9728682170542635,0.9922480620155039,0.9792635658914728,HIDDEN GEM
P455212,1 Minute Face Masks,SEPHORA COLLECTION,23473,3.5124,121.0,12.0,Skincare,Masks,Sheet Masks,0,0,0,1,121.0,3.512396694214876,0.6446280991735537,0.6115702479338843,0.2809917355371901,0.8246178436895897,0.6460224239188468,0.298718633208756,0.5071009076348105,0.628099173553719,0.6446280991735537,0.6305785123966943,HYPE GAP
P460554,Clarifying Peel Pads,SEPHORA COLLECTION,11705,4.6068,117.0,17.0,Skincare,Treatments,Facial Peels,0,0,0,0,117.0,4.6068376068376065,0.9401709401709402,0.9230769230769231,0.017094017094017096,0.7664282401954686,0.42605445808862785,0.29231179925253603,0.3725573945541911,0.9017094017094016,0.9401709401709402,0.9164529914529915,HIDDEN GEM
P469196,Supplement Case,SEPHORA COLLECTION,32124,3.7411,112.0,10.0,Skincare,Wellness,Beauty Supplements,0,0,0,1,111.0,3.7567567567567566,0.6756756756756757,0.6306306306306306,0.25225225225225223,0.8220779298275125,0.7277095568606513,0.2810998398291511,0.5490656700480512,0.6891891891891891,0.6756756756756757,0.6763513513513514,HYPE GAP
P483146,Ultra Glow Toner with Vitamins C + E,SEPHORA COLLECTION,13488,4.5865,104.0,14.0,Skincare,Moisturizers,Mists & Essences,0,0,0,1,104.0,4.586538461538462,0.9134615384615384,0.9134615384615384,0.057692307692307696,0.8086740575157679,0.47410571276027763,0.26748531767218364,0.39145755472504,0.8966346153846154,0.9134615384615384,0.9042067307692307,HIDDEN GEM
P469086,Facial Cleansing Tool,SEPHORA COLLECTION,21304,4.73,100.0,8.0,Skincare,High Tech Tools,Facial Cleansing Brushes,0,0,0,1,100.0,4.73,0.94,0.92,0.03,0.8622501013654001,0.6161238654564869,0.2586759209823812,0.4731446876668446,0.9325000000000001,0.94,0.932875,HIDDEN GEM
P432421,SUPERMASK - The Charcoal Mask,SEPHORA COLLECTION,16867,3.7614,88.0,5.5,Skincare,Masks,Face Masks,0,0,0,1,88.0,3.7613636363636362,0.6704545454545454,0.6363636363636364,0.22727272727272727,0.6524394750595093,0.5456486919380673,0.23117992525360384,0.4198611852642819,0.6903409090909091,0.6704545454545454,0.6762784090909091,LOW TRACTION
P444013,Crystal Facial Roller Set,SEPHORA COLLECTION,31468,4.1176,85.0,35.0,Skincare,Wellness,Facial Rollers,1,0,0,1,85.0,4.117647058823529,0.8117647058823529,0.7529411764705882,0.15294117647058825,0.8072930580299151,0.7207688200747464,0.22397223705285638,0.5220501868659904,0.7794117647058822,0.8117647058823529,0.7851470588235293,HYPE GAP
P465808,4 Piece Facial Razor Set,SEPHORA COLLECTION,34580,3.44,75.0,12.0,Skincare,High Tech Tools,Hair Removal,0,0,0,1,75.0,3.44,0.5866666666666667,0.52,0.30666666666666664,0.7751026695621186,0.7431927389215163,0.19220501868659903,0.5227976508275494,0.61,0.5866666666666667,0.5895,HYPE GAP
P461521,Clean Hand Mask,SEPHORA COLLECTION,16227,3.6818,66.0,5.0,Skincare,Masks,Sheet Masks,0,0,0,1,67.0,3.6417910447761193,0.6417910447761194,0.6119402985074627,0.2537313432835821,0.8260696501958937,0.5323011211959423,0.16898024559530164,0.38697277095568605,0.6604477611940298,0.6417910447761194,0.6475746268656717,LOW TRACTION
P455217,Gradual Self-Tanning Face Gel,SEPHORA COLLECTION,9757,3.8308,65.0,17.0,Skincare,Sunscreen,Face Sunscreen,0,0,0,1,65.0,3.830769230769231,0.7076923076923077,0.676923076923077,0.2,0.84918404680032,0.3630539241857982,0.1620395088093967,0.2826481580352376,0.7076923076923077,0.7076923076923077,0.7030769230769232,LOW TRACTION
P456957,Clarifying Serum,SEPHORA COLLECTION,10594,4.2222,63.0,20.0,Skincare,Treatments,Face Serums,0,0,0,1,63.0,4.222222222222222,0.8095238095238095,0.7619047619047619,0.1746031746031746,0.8851970848390611,0.395621996796583,0.15509877202349173,0.2994127068873465,0.8055555555555556,0.8095238095238095,0.8001984126984127,LOW TRACTION
P473728,Reusable Cotton Pads,SEPHORA COLLECTION,20055,3.8246,57.0,10.0,Skincare,Cleansers,Makeup Removers,0,0,0,0,57.0,3.824561403508772,0.6842105263157895,0.6842105263157895,0.21052631578947367,0.8991965842696855,0.602242391884677,0.1382808328884143,0.4166577682861719,0.706140350877193,0.6842105263157895,0.6962719298245614,LOW TRACTION
P467651,Pores Target Serum,SEPHORA COLLECTION,15027,4.1818,55.0,20.0,Skincare,Treatments,Face Serums,0,0,0,1,56.0,4.196428571428571,0.7678571428571429,0.7678571428571429,0.16071428571428573,0.8133611261844635,0.5093432995194874,0.1366791243993593,0.36027762947143616,0.7991071428571428,0.7678571428571429,0.7850446428571429,LOW TRACTION
P473724,Vitamin Tonic,SEPHORA COLLECTION,12475,4.6875,48.0,6.0,Skincare,Cleansers,Toners,0,0,0,1,48.0,4.6875,0.9791666666666666,0.9375,0.020833333333333332,0.841453063612183,0.44901227976508273,0.10838227442605446,0.3127602776294714,0.921875,0.9791666666666666,0.94140625,HIDDEN GEM
P445726,Firming Night Cream with Peptides,SEPHORA COLLECTION,34044,4.0217,46.0,18.0,Skincare,Moisturizers,Night Creams,0,0,0,1,46.0,4.021739130434782,0.717391304347826,0.6739130434782609,0.1956521739130435,0.8262855362060458,0.7394554191137213,0.09717031500266951,0.48254137746930054,0.7554347826086956,0.717391304347826,0.7317934782608695,LOW TRACTION
P455215,Illuminating Hydrator - Radiance + Smoothing,SEPHORA COLLECTION,6763,3.3261,46.0,17.0,Skincare,Moisturizers,Moisturizers,0,0,0,1,46.0,3.3260869565217392,0.5217391304347826,0.5,0.34782608695652173,0.9102882014380561,0.2530699412706887,0.09717031500266951,0.19071009076348103,0.5815217391304348,0.5217391304347826,0.5513586956521739,LOW TRACTION
P480986,Firming Eye Cream with Peptides,SEPHORA COLLECTION,15171,4.1364,44.0,18.0,Skincare,Eye Care,Eye Creams & Treatments,0,0,0,1,44.0,4.136363636363637,0.7954545454545454,0.7727272727272727,0.13636363636363635,0.7815430046696412,0.5125467164975974,0.09049652963160705,0.34372664175120127,0.7840909090909092,0.7954545454545454,0.7857954545454546,LOW TRACTION
P482312,Facial Razor Set,SEPHORA COLLECTION,31987,4.4146,41.0,12.0,Skincare,High Tech Tools,Hair Removal,0,0,0,1,41.0,4.414634146341464,0.8536585365853658,0.8536585365853658,0.12195121951219512,0.750993764322055,0.7261078483715964,0.0798184730379071,0.46759209823812065,0.853658536585366,0.8536585365853658,0.853658536585366,HIDDEN GEM
P458733,Mini Rose Quartz Facial Roller,SEPHORA COLLECTION,17556,3.7,40.0,12.0,Skincare,Wellness,Facial Rollers,0,0,0,1,40.0,3.7,0.675,0.65,0.175,0.85312295332551,0.5605979711692471,0.07528029898558462,0.36647090229578216,0.675,0.675,0.6712500000000001,LOW TRACTION
P477714,Black Obsidian Face and Body Gua Sha,SEPHORA COLLECTION,15323,4.0,40.0,14.0,Skincare,High Tech Tools,Anti-Aging,0,0,0,1,41.0,4.024390243902439,0.7560975609756098,0.7560975609756098,0.21951219512195122,0.8114328026771546,0.5141484249866525,0.0798184730379071,0.34041644420715433,0.7560975609756098,0.7560975609756098,0.7560975609756098,LOW TRACTION
P479688,AHA Peeling Masks,SEPHORA COLLECTION,10299,3.6923,39.0,10.0,Skincare,Masks,Face Masks,1,0,0,1,39.0,3.6923076923076925,0.6923076923076923,0.6410256410256411,0.23076923076923078,0.6146128850155755,0.3838761345435131,0.07100907634810465,0.2587293112653497,0.6730769230769231,0.6923076923076923,0.6740384615384616,LOW TRACTION
P469085,Face Mask Applicator,SEPHORA COLLECTION,32212,4.3684,38.0,10.0,Skincare,Masks,Face Masks,0,0,0,1,39.0,4.333333333333333,0.8205128205128205,0.7948717948717948,0.10256410256410256,0.8255494999534944,0.7293112653497064,0.07100907634810465,0.4659903897490657,0.8333333333333333,0.8205128205128205,0.8237179487179487,LOW TRACTION
P461195,Clean Hemp Mask,SEPHORA COLLECTION,11589,3.8889,36.0,5.5,Skincare,Masks,Sheet Masks,0,0,0,1,36.0,3.888888888888889,0.6666666666666666,0.6666666666666666,0.16666666666666666,0.8586462255447141,0.4239188467698879,0.05445808862786973,0.27613454351308064,0.7222222222222222,0.6666666666666666,0.6972222222222222,LOW TRACTION
P471085,Targeted Dark Spots Serum,SEPHORA COLLECTION,6752,3.6111,36.0,20.0,Skincare,Treatments,Face Serums,0,0,0,1,36.0,3.611111111111111,0.7222222222222222,0.6388888888888888,0.25,0.7749957416738783,0.25253603844100375,0.05445808862786973,0.17330485851575012,0.6527777777777778,0.7222222222222222,0.6715277777777778,LOW TRACTION
P446820,Grapefruit Peeling Mask - Skin Perfection,SEPHORA COLLECTION,0,3.4444,36.0,8.0,Skincare,Masks,Face Masks,0,0,0,1,36.0,3.4444444444444446,0.6388888888888888,0.5277777777777778,0.2777777777777778,0.6618287800811231,0.001601708489054992,0.05445808862786973,0.02274426054458089,0.6111111111111112,0.6388888888888888,0.6069444444444445,LOW TRACTION
P483151,Vitamin Eye Masks,SEPHORA COLLECTION,26055,3.9118,34.0,3.5,Skincare,Eye Care,Eye Masks,0,0,0,1,35.0,3.942857142857143,0.7428571428571429,0.7142857142857143,0.2,0.8613634407520294,0.6721836625734117,0.04965296316070475,0.4231713828083289,0.7357142857142858,0.7428571428571429,0.7346428571428572,LOW TRACTION
P457441,The Clarifying Kit,SEPHORA COLLECTION,9475,4.6667,33.0,20.0,Skincare,Value & Gift Sets,,0,0,0,1,33.0,4.666666666666667,0.9393939393939394,0.9090909090909091,0.030303030303030304,0.7314411230159529,0.3555792845702082,0.04217832354511479,0.23021890016017085,0.9166666666666667,0.9393939393939394,0.922348484848485,HIDDEN GEM
P467650,Self-Tanning Body Mousse,SEPHORA COLLECTION,3544,3.4839,31.0,18.0,Skincare,Self Tanners,For Body,0,0,0,1,31.0,3.4838709677419355,0.6129032258064516,0.5161290322580645,0.25806451612903225,0.8108578293487944,0.1206620395088094,0.03310197544046983,0.08563801388147357,0.6209677419354839,0.6129032258064516,0.6028225806451613,LOW TRACTION
P483092,Glow Peel Pads with AHA + PHA,SEPHORA COLLECTION,14845,4.5862,29.0,17.0,Skincare,Treatments,Facial Peels,0,0,0,1,30.0,4.6,0.9,0.9,0.06666666666666667,0.8267811135603831,0.5029364655632674,0.027762947143619862,0.3128670581954084,0.8999999999999999,0.9,0.9,HIDDEN GEM
P457439,Clarifying Lotion,SEPHORA COLLECTION,5748,3.6207,29.0,16.0,Skincare,Treatments,Blemish & Acne Treatments,0,0,0,1,29.0,3.6206896551724137,0.6206896551724138,0.5517241379310345,0.1724137931034483,0.7197219955700415,0.21302722904431393,0.022957821676454885,0.1369994660971703,0.6551724137931034,0.6206896551724138,0.6293103448275863,LOW TRACTION
P471086,Targeted Wrinkle Serum,SEPHORA COLLECTION,5783,4.3571,28.0,20.0,Skincare,Treatments,Face Serums,0,0,0,1,28.0,4.357142857142857,0.8571428571428571,0.8571428571428571,0.10714285714285714,0.9156334808579197,0.21623064602242392,0.01788574479444741,0.13689268553123332,0.8392857142857142,0.8571428571428571,0.8473214285714286,HIDDEN GEM
P461200,Clean Watermelon After Sun Mask,SEPHORA COLLECTION,9000,4.6667,27.0,5.0,Skincare,Masks,Sheet Masks,0,0,0,1,27.0,4.666666666666667,0.8888888888888888,0.8888888888888888,0.037037037037037035,0.7299883189797401,0.3400961025093433,0.012813667912439935,0.20918312867058195,0.9166666666666667,0.8888888888888888,0.9041666666666668,HIDDEN GEM
P446822,Hemp Mousse Mask - Anti-Blemish,SEPHORA COLLECTION,0,3.5769,26.0,8.0,Skincare,Masks,Face Masks,0,0,0,1,26.0,3.576923076923077,0.6153846153846154,0.6153846153846154,0.3076923076923077,0.8143117924531301,0.001601708489054992,0.007741591030432461,0.0040576615056059796,0.6442307692307693,0.6153846153846154,0.6312500000000001,LOW TRACTION
P483075,Brightening Dual Facial Enzyme Exfoliator,SEPHORA COLLECTION,7792,4.125,24.0,14.0,Skincare,Cleansers,Exfoliators,0,0,0,1,25.0,4.16,0.84,0.76,0.12,0.7915504087101329,0.29604911906033105,0.0026695141484249867,0.17869727709556862,0.79,0.84,0.8005000000000001,LOW TRACTION
P455926,Retinol Reform Treatment Serum,Shani Darden Skin Care,63782,4.2569,1012.0,88.0,Skincare,Treatments,Face Serums,0,0,0,1,1012.0,4.256916996047431,0.8300395256916996,0.8132411067193676,0.11067193675889328,0.7961692228995977,0.8691938067271756,0.8422317138280833,0.8584089695675386,0.8142292490118577,0.8300395256916996,0.8188241106719367,HYPE GAP
P455927,Mini Retinol Reform,Shani Darden Skin Care,12100,4.2569,1012.0,30.0,Skincare,Mini Size,,0,0,0,1,1012.0,4.256916996047431,0.8300395256916996,0.8132411067193676,0.11067193675889328,0.7961692228995977,0.4388681260010678,0.8422317138280833,0.600213561131874,0.8142292490118577,0.8300395256916996,0.8188241106719367,HYPE GAP
P455929,Cleansing Serum,Shani Darden Skin Care,9931,4.5938,325.0,38.0,Skincare,Cleansers,Face Wash & Cleansers,0,0,0,1,340.0,4.594117647058823,0.9235294117647059,0.9176470588235294,0.05588235294117647,0.8429502616708096,0.37052856380138816,0.5731446876668447,0.4515750133475708,0.8985294117647058,0.9235294117647059,0.9088970588235294,HIDDEN GEM
P467973,Intensive Eye Renewal Cream with Firming Peptides,Shani Darden Skin Care,12224,4.2087,254.0,68.0,Skincare,Eye Care,Eye Creams & Treatments,0,0,0,1,254.0,4.208661417322834,0.8070866141732284,0.7874015748031497,0.11811023622047244,0.8355113545743128,0.4436732514682328,0.49466097170315004,0.4640683395621997,0.8021653543307086,0.8070866141732284,0.8014271653543307,LOW TRACTION
P478731,Lactic Acid AHA Exfoliating Serum,Shani Darden Skin Care,9772,4.6299,254.0,88.0,Skincare,Treatments,Face Serums,0,0,0,1,255.0,4.631372549019608,0.9450980392156862,0.9333333333333333,0.03529411764705882,0.7243886767671659,0.3635878270154832,0.49572877736252,0.416444207154298,0.9078431372549021,0.9450980392156862,0.9228431372549021,HIDDEN GEM
P455930,Weightless Oil-Free Moisturizer,Shani Darden Skin Care,7756,4.2571,140.0,48.0,Skincare,Moisturizers,Moisturizers,0,0,0,1,140.0,4.257142857142857,0.8,0.7714285714285715,0.14285714285714285,0.7945494750514627,0.29418045915643354,0.3339562199679658,0.31009076348104647,0.8142857142857143,0.8,0.8035714285714286,LOW TRACTION
P471097,Facial Sculpting Wand,Shani Darden Skin Care,7753,4.5462,130.0,399.0,Skincare,High Tech Tools,Anti-Aging,0,0,1,1,130.0,4.546153846153846,0.9,0.8923076923076924,0.07692307692307693,0.47285909786683705,0.2936465563267485,0.3136679124399359,0.30165509877202346,0.8865384615384615,0.9,0.8914423076923077,HIDDEN GEM
P503920,Triple Acid Signature Peel,Shani Darden Skin Care,7097,4.876,129.0,125.0,Skincare,Treatments,Facial Peels,0,1,0,1,129.0,4.875968992248062,0.9922480620155039,0.9922480620155039,0.007751937984496124,0.8436507793033824,0.26801922050186866,0.31153230112119595,0.2854244527495996,0.9689922480620154,0.9922480620155039,0.9794573643410853,HIDDEN GEM
P455931,Sake Toning Essence,Shani Darden Skin Care,8073,4.4444,99.0,52.0,Skincare,Moisturizers,Mists & Essences,0,0,1,1,99.0,4.444444444444445,0.898989898989899,0.8686868686868687,0.08080808080808081,0.8580996009920324,0.30379071009076347,0.2546716497597437,0.2841430859583556,0.8611111111111112,0.898989898989899,0.8736111111111111,HIDDEN GEM
P456398,Ultimate Sun Protector Lotion SPF 50+ Sunscreen,Shiseido,42257,4.4864,2936.0,50.0,Skincare,Sunscreen,Face Sunscreen,0,0,0,0,2937.0,4.486550902281239,0.9210078311201907,0.898876404494382,0.03915560095335376,0.7805425494024616,0.791777896422851,0.9684997330485852,0.8624666310731446,0.8716377255703098,0.9210078311201907,0.8905345590738849,HERO PRODUCT
P173726,Facial Cotton,Shiseido,133163,4.8284,2827.0,13.0,Skincare,Cleansers,Makeup Removers,0,0,0,0,2827.0,4.828440042447824,0.952638700947226,0.960382030420941,0.017332861690838343,0.8007301075590981,0.9562199679658302,0.9663641217298452,0.9602776294714361,0.9571100106119561,0.952638700947226,0.9562594206838848,HERO PRODUCT
P429242,Clear Sunscreen Stick SPF 50+,Shiseido,74272,4.6566,1529.0,30.0,Skincare,Sunscreen,Face Sunscreen,0,0,0,0,1530.0,4.6568627450980395,0.9516339869281045,0.9398692810457516,0.018300653594771243,0.8281346731307953,0.8980245595301655,0.9092365189535504,0.9025093432995195,0.9142156862745099,0.9516339869281045,0.9292892156862745,HERO PRODUCT
P448203,Benefiance Wrinkle Smoothing Eye Cream,Shiseido,43729,4.3298,1422.0,64.0,Skincare,Eye Care,Eye Creams & Treatments,0,0,0,0,1422.0,4.329817158931083,0.8663853727144867,0.8523206751054853,0.0808720112517581,0.799635592427917,0.801388147357181,0.8985584623598505,0.8402562733582488,0.8324542897327707,0.8663853727144867,0.8456135724331927,HERO PRODUCT
P482739,Urban Environment Oil-Free Sunscreen Broad-Spectrum SPF 42,Shiseido,12870,4.4533,1337.0,50.0,Skincare,Sunscreen,Face Sunscreen,0,0,0,0,1343.0,4.452717795979151,0.9084139985107967,0.8801191362620998,0.04318689501116903,0.7641643166542054,0.4612920448478377,0.8900160170848905,0.6327816337426588,0.8631794489947877,0.9084139985107967,0.8792907669396872,HERO PRODUCT
P482742,Urban Environment Fresh-Moisture Sunscreen Broad-Spectrum SPF 42,Shiseido,8629,4.6311,1190.0,38.0,Skincare,Sunscreen,Face Sunscreen,0,0,0,0,1190.0,4.63109243697479,0.9554621848739496,0.9352941176470588,0.013445378151260505,0.8035554275397332,0.3208756006406834,0.8723972237052856,0.5414842498665243,0.9077731092436976,0.9554621848739496,0.9262079831932774,HERO PRODUCT
P448202,Benefiance Wrinkle Smoothing Cream Enriched,Shiseido,12045,4.5776,947.0,75.0,Skincare,Moisturizers,Moisturizers,0,0,0,0,947.0,4.577613516367476,0.9376979936642027,0.9208025343189018,0.021119324181626188,0.7838176705893254,0.43726641751201284,0.8248798718633209,0.5923117992525361,0.8944033790918691,0.9376979936642027,0.9113516367476241,HERO PRODUCT
P463105,Benefiance Wrinkle Smoothing Retinol Serum,Shiseido,5722,4.5806,937.0,75.0,Skincare,Treatments,Face Serums,0,0,0,0,937.0,4.580576307363928,0.9455709711846318,0.9252934898612594,0.014941302027748132,0.6394550893041823,0.21249332621462894,0.8235451147891084,0.45691404164442073,0.895144076840982,0.9455709711846318,0.9147945570971185,HIDDEN GEM
P481164,Essential Energy Hydrating Day Cream Broad Spectrum SPF 20,Shiseido,2628,4.5518,926.0,50.0,Skincare,Moisturizers,Moisturizers,0,0,0,0,926.0,4.55183585313175,0.9416846652267818,0.9157667386609071,0.016198704103671708,0.6541292343924685,0.08168713294180459,0.8216764548852109,0.37768286171916715,0.8879589632829374,0.9416846652267818,0.9082478401727863,HIDDEN GEM
P481161,Ultimune Power Infusing Anti-Aging Serum,Shiseido,8461,4.5483,870.0,75.0,Skincare,Treatments,Face Serums,0,0,0,0,871.0,4.548794489092996,0.9207807118254879,0.9001148105625718,0.022962112514351322,0.7190050192103528,0.3166043780032034,0.807794981313401,0.5130806193272824,0.8871986222732491,0.9207807118254879,0.8992106773823192,HERO PRODUCT
P456399,Ultimate Sun Protector Cream SPF 50+ Face Sunscreen,Shiseido,6649,4.276,605.0,40.0,Skincare,Sunscreen,Face Sunscreen,0,0,0,0,605.0,4.276033057851239,0.8743801652892562,0.8380165289256198,0.06446280991735537,0.7168512012851372,0.24933262146289376,0.7431927389215163,0.4468766684463428,0.8190082644628098,0.8743801652892562,0.8384710743801652,HIDDEN GEM
P504986,Urban Environment Vita-Clear Sunscreen SPF 42,Shiseido,1107,4.6126,555.0,38.0,Skincare,Sunscreen,,0,1,0,1,600.0,4.565,0.9533333333333334,0.9233333333333333,0.011666666666666667,0.756910560698044,0.02616123865456487,0.7397223705285638,0.3115856914041645,0.8912500000000001,0.9533333333333334,0.9146875,HIDDEN GEM
P173619,Benefiance WrinkleResist24 Pure Retinol Express Smoothing Eye Mask,Shiseido,81341,4.422,500.0,70.0,Skincare,Eye Care,Eye Masks,0,0,0,0,500.0,4.422,0.86,0.848,0.086,0.7848611276957297,0.9113721302722905,0.6924719701014416,0.823812066203951,0.8554999999999999,0.86,0.855725,HERO PRODUCT
P482741,Urban Environment Oil-Free Mineral Sunscreen Broad-Spectrum SPF 42,Shiseido,3841,4.3072,485.0,38.0,Skincare,Sunscreen,Face Sunscreen,0,0,0,0,485.0,4.307216494845361,0.8762886597938144,0.8144329896907216,0.04742268041237113,0.7679487180251342,0.13080619327282433,0.683128670581954,0.3517351841964762,0.8268041237113402,0.8762886597938144,0.8397938144329897,HIDDEN GEM
P481162,Essential Energy Hydrating Cream,Shiseido,5184,4.5465,452.0,50.0,Skincare,Moisturizers,Moisturizers,0,0,0,0,452.0,4.54646017699115,0.9380530973451328,0.9203539823008849,0.01991150442477876,0.8979548284640679,0.18366257341163908,0.6593699946609717,0.37394554191137214,0.8866150442477876,0.9380530973451328,0.9071073008849557,HIDDEN GEM
P205614,White Lucent Anti-Dark Circles Eye Cream,Shiseido,15783,3.5878,393.0,65.0,Skincare,Eye Care,Eye Creams & Treatments,0,0,0,0,393.0,3.5877862595419847,0.5897435897435898,0.5979643765903307,0.272264631043257,0.7784636976087794,0.5258942872397224,0.6134543513080619,0.5609183128670582,0.6469465648854962,0.5897435897435898,0.6224383440986494,HYPE GAP
P173652,Bio-Performance Advanced Super Revitalizing Cream,Shiseido,22311,4.5335,358.0,85.0,Skincare,Moisturizers,Moisturizers,0,0,0,0,358.0,4.533519553072626,0.8113207547169812,0.8910614525139665,0.0670391061452514,0.8099367350237476,0.6310731446876668,0.589428723972237,0.6144153764014949,0.8833798882681565,0.8113207547169812,0.8629143828396755,HERO PRODUCT
P405944,Ultra Sun Protection Lotion Broad Spectrum SPF 50+ WetForce for Sensitive Skin & Children,Shiseido,12724,3.1858,226.0,42.0,Skincare,Sunscreen,Face Sunscreen,0,0,0,0,227.0,3.1762114537444934,0.4429530201342282,0.4977973568281938,0.3964757709251101,0.7334611018796167,0.4575547250400427,0.46476241324079015,0.46043780032034165,0.5440528634361234,0.4429530201342282,0.5067845844543654,LOW TRACTION
P448201,Benefiance Wrinkle Smoothing Day Cream SPF 23,Shiseido,18392,4.5121,207.0,75.0,Skincare,Moisturizers,Moisturizers,0,0,0,0,207.0,4.51207729468599,0.8840579710144928,0.8743961352657005,0.06763285024154589,0.80913288363566,0.5792845702082221,0.44340630005339027,0.5249332621462894,0.8780193236714975,0.8840579710144928,0.8792874396135265,HERO PRODUCT
P448200,Benefiance Wrinkle Smoothing Cream,Shiseido,6215,4.6037,164.0,75.0,Skincare,Moisturizers,Moisturizers,0,0,0,0,164.0,4.603658536585366,0.9390243902439024,0.926829268292683,0.042682926829268296,0.7596967778508625,0.23064602242391885,0.37213027229044315,0.2872397223705285,0.9009146341463414,0.9390243902439024,0.916234756097561,HIDDEN GEM
P388545,Perfect Cleansing Oil,Shiseido,21389,4.4514,144.0,35.0,Skincare,Cleansers,Face Wash & Cleansers,0,0,0,0,144.0,4.451388888888889,0.8651685393258427,0.8611111111111112,0.0625,0.7930422152550716,0.6171916711158569,0.3398291510945008,0.5062466631073145,0.8628472222222223,0.8651685393258427,0.8632832006866418,HERO PRODUCT
P385262,Ultimate Sun Protection Spray Broad Spectrum SPF 50+ For Face/Body,Shiseido,17778,3.8175,137.0,40.0,Skincare,Sunscreen,Body Sunscreen,0,0,0,0,137.0,3.8175182481751824,0.5492957746478874,0.6861313868613139,0.24087591240875914,0.6972940835569587,0.5648691938067272,0.32648158035237584,0.4695141484249866,0.7043795620437956,0.5492957746478874,0.6551171995476508,LOW TRACTION
P433618,Clarifying Cleansing Foam,Shiseido,12520,4.2455,110.0,36.0,Skincare,Cleansers,Face Wash & Cleansers,0,0,0,0,110.0,4.245454545454545,0.7818181818181819,0.7636363636363637,0.16363636363636364,0.7886893727043842,0.45061398825413773,0.2794981313400961,0.38216764548852106,0.8113636363636363,0.7818181818181819,0.795340909090909,LOW TRACTION
P378219,White Lucent Power Brightening Mask,Shiseido,13301,4.2532,79.0,72.0,Skincare,Masks,Sheet Masks,0,0,0,0,79.0,4.253164556962025,0.8,0.8481012658227848,0.11392405063291139,0.677352683366956,0.46983449012279765,0.20822210357714896,0.36518953550453814,0.8132911392405062,0.8,0.8145253164556963,LOW TRACTION
P173622,Benefiance Pure Retinol Intensive Revitalizing Face Mask,Shiseido,11355,4.45,60.0,70.0,Skincare,Masks,Sheet Masks,0,0,0,0,60.0,4.45,1.0,0.85,0.08333333333333333,0.8432400645846028,0.4159103043246129,0.14548852108916177,0.30774159103043247,0.8625,1.0,0.901875,HIDDEN GEM
P482740,Mini Urban Environment Oil-Free Sunscreen Broad-Spectrum SPF 42,Shiseido,6680,4.4348,46.0,35.0,Skincare,Sunscreen,Face Sunscreen,0,0,0,0,46.0,4.434782608695652,0.8695652173913043,0.8913043478260869,0.06521739130434782,0.8333333311257539,0.25040042712226374,0.09717031500266951,0.18910838227442606,0.8586956521739131,0.8695652173913043,0.8668478260869565,HIDDEN GEM
P433617,Deep Cleansing Foam,Shiseido,6015,4.1957,46.0,36.0,Skincare,Cleansers,Face Wash & Cleansers,0,0,0,0,47.0,4.212765957446808,0.7659574468085106,0.7659574468085106,0.14893617021276595,0.8004886329900928,0.22156967431927388,0.10250934329951948,0.17394554191137213,0.803191489361702,0.7659574468085106,0.786436170212766,LOW TRACTION
P423165,Future Solution LX Eye and Lip Contour Regenerating Cream,Shiseido,6410,4.0833,36.0,155.0,Skincare,Eye Care,Eye Creams & Treatments,0,0,1,0,36.0,4.083333333333333,0.7777777777777778,0.75,0.1388888888888889,0.8261187979153224,0.2397223705285638,0.05445808862786973,0.16561665776828616,0.7708333333333333,0.7777777777777778,0.7697916666666667,LOW TRACTION
P202935,Benefiance NutriPerfect Night Cream,Shiseido,5520,4.4722,36.0,97.0,Skincare,Moisturizers,Moisturizers,0,0,0,0,36.0,4.472222222222222,0.75,0.8611111111111112,0.05555555555555555,0.8299905629828572,0.203416978109984,0.05445808862786973,0.1438334223171383,0.8680555555555556,0.75,0.8315972222222222,LOW TRACTION
P428423,Refreshing Cleansing Sheets,Shiseido,5363,4.1765,34.0,20.0,Skincare,Cleansers,Face Wipes,0,0,1,0,34.0,4.176470588235294,0.7647058823529411,0.7647058823529411,0.17647058823529413,0.8300255297217518,0.19167111585691404,0.04591564335290977,0.13336892685531232,0.7941176470588236,0.7647058823529411,0.7808823529411766,LOW TRACTION
P443375,White Lucent Brightening Gel Cream,Shiseido,6154,3.4848,33.0,75.0,Skincare,Moisturizers,Moisturizers,0,0,0,0,33.0,3.484848484848485,0.5757575757575758,0.5757575757575758,0.3939393939393939,0.7615805342793465,0.22797650827549387,0.04217832354511479,0.15365723438334225,0.6212121212121212,0.5757575757575758,0.6007575757575758,LOW TRACTION
P428422,Oil Control Blotting Paper,Shiseido,4649,3.9697,33.0,20.0,Skincare,Cleansers,Blotting Papers,0,0,0,0,33.0,3.9696969696969697,0.7575757575757576,0.696969696969697,0.15151515151515152,0.8035636199959393,0.1612386545648692,0.04217832354511479,0.11361452215696743,0.7424242424242424,0.7575757575757576,0.7401515151515152,LOW TRACTION
P433621,Treatment Softener Enriched,Shiseido,5752,4.3077,26.0,50.0,Skincare,Moisturizers,Mists & Essences,0,0,0,0,26.0,4.3076923076923075,0.8076923076923077,0.7692307692307693,0.11538461538461539,0.7673660000929465,0.21409503470368393,0.007741591030432461,0.13155365723438334,0.8269230769230769,0.8076923076923077,0.8125,LOW TRACTION
P375849,Facial Treatment Essence (Pitera Essence),SK-II,112101,4.081,2951.0,245.0,Skincare,Moisturizers,Mists & Essences,0,0,0,0,2951.0,4.080989495086412,0.7700819672131147,0.7543205692985429,0.13453066757031515,0.740808534470259,0.9418045915643353,0.9695675387079552,0.9529097704217833,0.7702473737716029,0.7700819672131147,0.7678087311330973,HYPE GAP
P426183,Mini Facial Treatment Essence (Pitera Essence),SK-II,49032,4.0807,2949.0,99.0,Skincare,Moisturizers,Mists & Essences,0,0,0,0,2949.0,4.08070532383859,0.7698933552091879,0.7541539504916921,0.1346219057307562,0.7407709893778563,0.8254137746930059,0.9690336358782702,0.8828617191671116,0.7701763309596474,0.7698933552091879,0.7676880811643163,HYPE GAP
P375853,Facial Treatment Clear Lotion Toner,SK-II,24003,4.0959,1001.0,80.0,Skincare,Cleansers,Toners,0,0,0,0,1001.0,4.095904095904096,0.7829545454545455,0.7502497502497503,0.1038961038961039,0.725458651367161,0.6513614522156967,0.8398291510945008,0.7267485317672184,0.773976023976024,0.7829545454545455,0.7731106393606394,HYPE GAP
P375850,Facial Treatment Cleanser,SK-II,14027,4.1306,919.0,75.0,Skincare,Cleansers,Face Wash & Cleansers,0,0,0,0,919.0,4.1305767138193685,0.7831603229527105,0.7562568008705114,0.07834602829162132,0.7583325959804679,0.48638547784303254,0.8184730379071009,0.6192205018686598,0.7826441784548421,0.7831603229527105,0.7788409151665532,HYPE GAP
P468409,SKINPOWER Airy Milky Lotion,SK-II,2114,4.2647,831.0,170.0,Skincare,Moisturizers,Moisturizers,0,0,0,0,831.0,4.2647412755716,0.8146811070998796,0.8134777376654633,0.08062575210589651,0.7663906229578931,0.06300053390282968,0.801922050186866,0.3585691404164443,0.8161853188929,0.8146811070998796,0.8153279181708784,LOW TRACTION
P468408,SKINPOWER Eye Cream,SK-II,3246,4.3226,747.0,145.0,Skincare,Eye Care,Eye Creams & Treatments,0,0,0,0,747.0,4.322623828647925,0.8460508701472557,0.8246318607764391,0.05220883534136546,0.35222597862337973,0.10784837159636947,0.7875066737853711,0.3797116924719701,0.8306559571619812,0.8460508701472557,0.8343708165997322,LOW TRACTION
P468411,SKINPOWER Cream,SK-II,3361,4.1878,442.0,255.0,Skincare,Moisturizers,Moisturizers,0,0,0,0,442.0,4.1877828054298645,0.8212669683257918,0.7895927601809954,0.09049773755656108,0.6083618235169795,0.11265349706353443,0.6524292578750668,0.32856380138814734,0.7969457013574661,0.8212669683257918,0.8031391402714932,LOW TRACTION
P375852,Pitera Facial Treatment Mask,SK-II,65151,4.2972,434.0,145.0,Skincare,Masks,Sheet Masks,0,0,0,0,435.0,4.2988505747126435,0.7658536585365854,0.8114942528735632,0.11954022988505747,0.7739483513403684,0.8750667378537106,0.6489588894821142,0.784623598505072,0.8247126436781609,0.7658536585365854,0.8050721895149986,HYPE GAP
P410756,GenOptics Aura Essence Serum,SK-II,16102,4.0758,132.0,245.0,Skincare,Moisturizers,Mists & Essences,0,0,0,0,132.0,4.075757575757576,0.65,0.7424242424242424,0.16666666666666666,0.7419424357923489,0.5290977042178323,0.3171382808328884,0.44431393486385473,0.768939393939394,0.65,0.7292803030303031,LOW TRACTION
P410755,GenOptics Spot Essence Serum,SK-II,4899,4.1346,104.0,225.0,Skincare,Moisturizers,Mists & Essences,0,0,0,0,104.0,4.134615384615385,0.5714285714285714,0.7884615384615384,0.11538461538461539,0.5975630732550137,0.17138280832888414,0.26748531767218364,0.20982381206620393,0.7836538461538463,0.5714285714285714,0.7207074175824176,LOW TRACTION
P447773,PITERA First Experience Kit,SK-II,30424,3.9146,82.0,99.0,Skincare,Value & Gift Sets,,0,0,0,0,82.0,3.9146341463414633,0.7560975609756098,0.7317073170731707,0.24390243902439024,0.7445707656443119,0.7127602776294715,0.21569674319273893,0.5139348638547785,0.7286585365853658,0.7560975609756098,0.7373475609756097,HYPE GAP
P375864,Brightening Derm Revival Mask,SK-II,7740,4.4194,62.0,170.0,Skincare,Masks,Sheet Masks,0,0,0,0,62.0,4.419354838709677,0.8333333333333334,0.8709677419354839,0.03225806451612903,0.7665966870753389,0.29257875066737854,0.15082754938601176,0.23587827015483182,0.8548387096774193,0.8333333333333334,0.8508064516129032,HIDDEN GEM
P375854,Ultimate Revival Cream,SK-II,3031,4.4667,60.0,400.0,Skincare,Moisturizers,Moisturizers,0,0,0,0,60.0,4.466666666666667,1.0,0.8833333333333333,0.016666666666666666,0.763664407034715,0.09770421783235451,0.14548852108916177,0.11681793913507742,0.8666666666666667,1.0,0.9091666666666667,HIDDEN GEM
P416312,Gentle Foaming Face Wash,Skin Laundry,7009,4.2526,194.0,20.0,Skincare,Cleansers,Face Wash & Cleansers,0,0,0,1,194.0,4.252577319587629,0.7904761904761904,0.8092783505154639,0.11855670103092783,0.7453586137102496,0.26481580352375866,0.4241857981847304,0.32856380138814734,0.8131443298969072,0.7904761904761904,0.8057639911634757,LOW TRACTION
P442840,Barrier+ Triple Lipid-Peptide Face Cream,Skinfix,206494,4.2924,2449.0,54.0,Skincare,Moisturizers,Moisturizers,0,0,0,1,2466.0,4.285482562854826,0.8179237631792377,0.7944038929440389,0.11597729115977291,0.7729772097070895,0.9781099839829152,0.9586225306994127,0.9703150026695142,0.8213706407137065,0.8179237631792377,0.8162915652879157,HYPE GAP
P479860,Mini Barrier+ Triple Lipid-Peptide Face Cream,Skinfix,33646,4.2924,2449.0,20.0,Skincare,Moisturizers,Moisturizers,0,0,0,1,2466.0,4.285482562854826,0.8179237631792377,0.7944038929440389,0.11597729115977291,0.7729772097070895,0.7373198077949813,0.9586225306994127,0.8258408969567539,0.8213706407137065,0.8179237631792377,0.8162915652879157,HYPE GAP
P442836,Barrier+ Foaming Oil Hydrating Cleanser,Skinfix,56605,4.5791,993.0,30.0,Skincare,Cleansers,Face Wash & Cleansers,0,0,0,1,995.0,4.579899497487437,0.9005025125628141,0.8944723618090452,0.06030150753768844,0.8031009410960334,0.8515750133475708,0.8387613454351308,0.8464495461825948,0.8949748743718593,0.9005025125628141,0.8965577889447237,HERO PRODUCT
P442838,Barrier+ Triple Lipid-Boost 360° Brightening Eye Cream,Skinfix,39524,4.3169,934.0,44.0,Skincare,Eye Care,Eye Creams & Treatments,0,0,0,1,934.0,4.316916488222698,0.8383297644539615,0.8244111349036403,0.10920770877944326,0.83059733760836,0.7725573945541911,0.8224773091297384,0.79252536038441,0.8292291220556745,0.8383297644539615,0.8312366167023555,HYPE GAP
P481739,Barrier+ Skin Barrier Niacinamide Restoring Gel Cream,Skinfix,43004,4.5273,768.0,48.0,Skincare,Moisturizers,Moisturizers,0,0,0,1,771.0,4.521400778210117,0.8832684824902723,0.8780804150453956,0.08300907911802853,0.7763378020455713,0.796049119060331,0.7907100907634811,0.7939135077415911,0.8803501945525292,0.8832684824902723,0.8808852140077821,HERO PRODUCT
P442839,Barrier+ Triple Lipid-Peptide Lotion Moisturizer,Skinfix,25515,4.6503,569.0,42.0,Skincare,Moisturizers,Moisturizers,0,0,0,1,569.0,4.650263620386643,0.9402460456942003,0.9121265377855887,0.029876977152899824,0.7771625415694834,0.6700480512546716,0.7301121195942338,0.6940736785904964,0.9125659050966608,0.9402460456942003,0.9208040421792617,HERO PRODUCT
P471101,Resurface+ AHA/BHA Niacinamide Exfoliating Pads for Face and Targeted Body,Skinfix,27625,4.3713,501.0,50.0,Skincare,Treatments,Facial Peels,0,0,0,1,503.0,4.359840954274354,0.882703777335984,0.8548707753479126,0.073558648111332,0.7383163085814273,0.6887346502936466,0.696476241324079,0.6918312867058196,0.8399602385685885,0.882703777335984,0.8550198807157058,HERO PRODUCT
P442843,Eczema+ Dermatitis Face Balm,Skinfix,16974,4.2109,460.0,29.0,Skincare,Moisturizers,Moisturizers,0,0,0,1,462.0,4.207792207792208,0.816017316017316,0.7965367965367965,0.12121212121212122,0.816371797638781,0.5477843032568073,0.6673785371062466,0.595621996796583,0.801948051948052,0.816017316017316,0.8053571428571429,HYPE GAP
P503668,Barrier+ Triple Lipid + Collagen + Niacinamide Activating Serum,Skinfix,20730,4.8242,455.0,69.0,Skincare,Treatments,Face Serums,0,0,0,1,456.0,4.824561403508772,0.9824561403508771,0.9802631578947368,0.008771929824561403,0.8151407804001461,0.6075814201815269,0.6628403630539241,0.6296849973304858,0.9561403508771931,0.9824561403508771,0.9676535087719299,HERO PRODUCT
P476415,Acne+ 2% BHA + Azelaic Acid + Niacinamide + AHA Cleanser,Skinfix,36209,4.5648,432.0,35.0,Skincare,Cleansers,Face Wash & Cleansers,0,0,0,1,433.0,4.565819861431871,0.9168591224018475,0.9122401847575058,0.06004618937644342,0.7923890042163076,0.7514682327816338,0.6454885210891618,0.7090763481046449,0.8914549653579678,0.9168591224018475,0.9021939953810623,HERO PRODUCT
P479348,Acne+ 2% BHA and Azelaic Acid Acne Spot Treatment,Skinfix,26189,4.6306,425.0,30.0,Skincare,Treatments,Blemish & Acne Treatments,0,0,0,1,427.0,4.6323185011709604,0.9414519906323185,0.927400468384075,0.03044496487119438,0.7174391081864885,0.6753870795515217,0.6393486385477843,0.6609717031500267,0.9080796252927401,0.9414519906323185,0.9209894613583139,HERO PRODUCT
P442837,Barrier+ Triple Lipid-Hyaluronate Serum,Skinfix,24567,4.6381,420.0,50.0,Skincare,Treatments,Face Serums,0,0,0,1,420.0,4.6380952380952385,0.9214285714285714,0.9166666666666666,0.04047619047619048,0.7853074007384155,0.6577682861719167,0.6358782701548318,0.6490122797650828,0.9095238095238096,0.9214285714285714,0.9141666666666668,HERO PRODUCT
P505049,barrier+ Triple Lipid + Collagen Brightening Eye Treatment,Skinfix,2065,4.7984,258.0,54.0,Skincare,Eye Care,Eye Creams & Treatments,0,1,0,0,277.0,4.8014440433212995,0.9819494584837545,0.9675090252707581,0.0,0.04710145041405448,0.06193272824345969,0.5176187933796049,0.24420715429791778,0.9503610108303249,0.9819494584837545,0.9624097472924187,HIDDEN GEM
P442850,Redness Recovery+ Antioxidant Redness Treatment Overnight Mask,Skinfix,19905,4.1577,241.0,52.0,Skincare,Masks,Face Masks,0,0,0,1,242.0,4.161157024793388,0.8057851239669421,0.78099173553719,0.11983471074380166,0.7725141721663715,0.600106780565937,0.4810464495461826,0.5524826481580353,0.790289256198347,0.8057851239669421,0.793543388429752,HYPE GAP
P446916,Eczema+ Care Kit,Skinfix,9573,4.2,115.0,35.0,Skincare,Value & Gift Sets,,0,0,0,0,115.0,4.2,0.8434782608695652,0.7913043478260869,0.11304347826086956,0.840916393500454,0.3587827015483182,0.28804057661505605,0.3304858515750133,0.8,0.8434782608695652,0.8117391304347827,LOW TRACTION
P502169,Barrier+ Besties Hydrating and Nourishing Kit,Skinfix,10557,4.7162,74.0,40.0,Skincare,Value & Gift Sets,,0,0,0,1,76.0,4.723684210526316,0.9605263157894737,0.9473684210526315,0.039473684210526314,0.7220238231122493,0.39402028830752805,0.19701014415376403,0.31521623064602244,0.930921052631579,0.9605263157894737,0.9422697368421054,HIDDEN GEM
P448562,Barrier+ Foaming Clay Cleanser,Skinfix,9256,4.4493,69.0,32.0,Skincare,Cleansers,Face Wash & Cleansers,0,0,0,1,69.0,4.449275362318841,0.8405797101449275,0.855072463768116,0.07246376811594203,0.8554593934254213,0.3475707421249333,0.17538707955152164,0.27869727709556863,0.8623188405797102,0.8405797101449275,0.8547101449275363,HIDDEN GEM
P442841,Barrier+ Lip Repair Balm,Skinfix,10271,3.0462,65.0,15.0,Skincare,Lip Balms & Treatments,,0,0,1,1,65.0,3.046153846153846,0.46153846153846156,0.4307692307692308,0.49230769230769234,0.8744631499052048,0.38120662039508807,0.1620395088093967,0.29353977576081147,0.5115384615384615,0.46153846153846156,0.48442307692307696,LOW TRACTION
P402944,Silk Pillowcase - Standard/Queen,Slip,136640,4.0094,427.0,89.0,Skincare,Wellness,Holistic Wellness,0,0,0,0,427.0,4.009367681498829,0.7407407407407407,0.7400468384074942,0.1920374707259953,0.7148902195066899,0.9578216764548853,0.6393486385477843,0.8304324612920448,0.7523419203747073,0.7407407407407407,0.7470173041894353,HYPE GAP
P402942,Silk Sleepmask,Slip,45835,3.7778,171.0,50.0,Skincare,Wellness,Holistic Wellness,0,0,0,0,171.0,3.7777777777777777,0.7062937062937062,0.6432748538011696,0.25146198830409355,0.8111993273099264,0.810998398291511,0.38574479444741056,0.6408969567538708,0.6944444444444444,0.7062937062937062,0.6903237844027318,HYPE GAP
P402943,Silk Pillowcase - King,Slip,25496,3.8256,86.0,110.0,Skincare,Wellness,Holistic Wellness,0,0,1,0,86.0,3.8255813953488373,0.6323529411764706,0.6744186046511628,0.27906976744186046,0.7438019519343095,0.6695141484249867,0.22610784837159636,0.4921516284036306,0.7063953488372093,0.6323529411764706,0.6793861149110807,HYPE GAP
P447213,4.5% Retinol Serum,SOBEL SKIN Rx,6274,4.4459,148.0,105.0,Skincare,Treatments,Face Serums,0,0,1,0,148.0,4.445945945945946,0.8986486486486487,0.8851351351351351,0.033783783783783786,0.6210779705733964,0.23491724506139883,0.34543513080619326,0.2791243993593166,0.8614864864864864,0.8986486486486487,0.8761824324324323,HIDDEN GEM
P451748,15% Niacinamide Gel Serum,SOBEL SKIN Rx,1702,4.1591,132.0,75.0,Skincare,Treatments,Face Serums,0,0,1,0,132.0,4.159090909090909,0.8560606060606061,0.7878787878787878,0.045454545454545456,0.4716862539450328,0.048585157501334755,0.3171382808328884,0.15600640683395622,0.7897727272727273,0.8560606060606061,0.8093750000000001,LOW TRACTION
P415747,Brazilian Kiss Cupuaçu Lip Butter,Sol de Janeiro,118586,4.1304,1350.0,18.0,Skincare,Lip Balms & Treatments,,0,0,0,1,1355.0,4.1306273062730625,0.7740863787375415,0.7483394833948339,0.13874538745387455,0.8125855683690871,0.9455419113721303,0.8916177255739456,0.9239722370528565,0.7826568265682656,0.7740863787375415,0.7749380907430337,HYPE GAP
P481831,Tan Tonic Glow Drops,St. Tropez,11386,4.6686,1053.0,42.0,Skincare,Self Tanners,,0,0,0,0,1053.0,4.668566001899335,0.9392212725546059,0.9268755935422602,0.02849002849002849,0.7596230213369789,0.4164442071542979,0.8521089161772557,0.590710090763481,0.9171415004748338,0.9392212725546059,0.9252255460588793,HERO PRODUCT
P407450,Self Tan Classic Bronzing Mousse,St. Tropez,28627,4.2602,515.0,34.0,Skincare,Self Tanners,For Body,0,0,0,0,515.0,4.260194174757282,0.8821656050955414,0.8174757281553398,0.11844660194174757,0.7807429173163005,0.6988788040576615,0.7042178323545115,0.7010144153764015,0.8150485436893204,0.8821656050955414,0.8355477397810896,HYPE GAP
P481830,Self-Tan Luxe Whipped Crème Mousse,St. Tropez,7559,4.6335,502.0,48.0,Skincare,Self Tanners,For Body,0,0,0,0,502.0,4.633466135458168,0.9462151394422311,0.9262948207171314,0.037848605577689244,0.8287945047174532,0.28483715963694606,0.6951414842498665,0.44895888948211427,0.9083665338645419,0.9462151394422311,0.9224103585657372,HIDDEN GEM
P407448,Self Tan Express Bronzing Mousse,St. Tropez,27207,4.1109,442.0,46.0,Skincare,Self Tanners,For Body,0,0,0,0,443.0,4.112866817155756,0.7965116279069767,0.7742663656884876,0.1580135440180587,0.760528403233636,0.6839295248264816,0.6537640149492793,0.6718633208756006,0.778216704288939,0.7965116279069767,0.7831126305842826,HYPE GAP
P456206,Self Tan Purity Vitamins Bronzing Water Body Mist,St. Tropez,10541,4.3905,402.0,45.0,Skincare,Self Tanners,For Body,0,0,0,0,402.0,4.390547263681592,0.9054726368159204,0.8855721393034826,0.0472636815920398,0.8575291087230047,0.39348638547784304,0.6233315536572344,0.48542445274959956,0.847636815920398,0.9054726368159204,0.8706778606965174,HERO PRODUCT
P432262,Self Tan Purity Bronzing Water Face Mist,St. Tropez,33699,3.88,400.0,33.0,Skincare,Self Tanners,For Face,0,0,0,0,400.0,3.8825,0.725,0.68,0.2225,0.8208316415205507,0.7383876134543513,0.6195942338494395,0.6908702616123865,0.720625,0.725,0.71584375,HYPE GAP
P481832,Gradual Tan Watermelon Daily Firming Lotion,St. Tropez,4749,4.3238,386.0,29.0,Skincare,Self Tanners,For Body,0,0,0,0,388.0,4.324742268041237,0.8943298969072165,0.8479381443298969,0.05670103092783505,0.6788489655140908,0.16550987720234916,0.6089161772557394,0.34287239722370527,0.8311855670103092,0.8943298969072165,0.8526417525773196,HIDDEN GEM
P456400,Double Sided Luxe Tan Applicator Mitt,St. Tropez,25187,4.5556,378.0,9.0,Skincare,Self Tanners,For Body,0,0,0,0,378.0,4.555555555555555,0.9047619047619048,0.9021164021164021,0.05026455026455026,0.8898421409337417,0.6668446342765617,0.601708489054992,0.6407901761879338,0.8888888888888888,0.9047619047619048,0.8956349206349206,HERO PRODUCT
P429683,Self Tan Purity Bronzing Water Mousse,St. Tropez,9236,3.8312,160.0,44.0,Skincare,Self Tanners,For Body,0,0,0,0,160.0,3.83125,0.70625,0.66875,0.2125,0.74183474752036,0.3465029364655633,0.36732514682327816,0.35483182060864926,0.7078125,0.70625,0.701484375,LOW TRACTION
P419466,Tan Build Up Remover Mitt,St. Tropez,10899,4.9492,59.0,9.0,Skincare,Self Tanners,For Body,0,0,0,0,59.0,4.9491525423728815,0.9827586206896551,0.9830508474576272,0.0,0.8675352968275547,0.40309663641217297,0.1428190069407368,0.2989855846235985,0.9872881355932204,0.9827586206896551,0.9852936879018118,HIDDEN GEM
P442747,Self Tan Purity Water Gel,St. Tropez,1821,3.3103,58.0,44.0,Skincare,Self Tanners,For Body,0,0,0,0,58.0,3.310344827586207,0.5172413793103449,0.5,0.39655172413793105,0.8057514996482775,0.05499199145755473,0.1401494927923118,0.08905499199145755,0.5775862068965517,0.5172413793103449,0.5478448275862069,LOW TRACTION
P456204,Purity Tanning Waters Mini Kit,St. Tropez,8774,3.2,30.0,25.0,Skincare,Value & Gift Sets,,0,0,1,0,30.0,3.2,0.5333333333333333,0.5333333333333333,0.36666666666666664,0.7342690332182522,0.32941804591564333,0.027762947143619862,0.20875600640683392,0.55,0.5333333333333333,0.5425,LOW TRACTION
P474113,TL Advanced  Tightening Neck Cream PLUS for Firming & Brightening,StriVectin,10042,4.0392,153.0,95.0,Skincare,Moisturizers,Decollete & Neck Creams,0,0,1,0,153.0,4.03921568627451,0.7712418300653595,0.7581699346405228,0.20915032679738563,0.7325525615019959,0.37533368926855315,0.3542445274959957,0.36689802455953013,0.7598039215686274,0.7712418300653595,0.7629901960784313,LOW TRACTION
P474117,Mini TL Advanced  Tightening Neck Cream PLUS for Firming & Brightening,StriVectin,7539,4.0392,153.0,15.0,Skincare,Moisturizers,Decollete & Neck Creams,0,0,1,0,153.0,4.03921568627451,0.7712418300653595,0.7581699346405228,0.20915032679738563,0.7325525615019959,0.28350240256273357,0.3542445274959957,0.31179925253603846,0.7598039215686274,0.7712418300653595,0.7629901960784313,LOW TRACTION
P474110,Super-C Retinol Brighten & Correct Vitamin C Serum,StriVectin,11839,4.6491,114.0,72.0,Skincare,Treatments,Face Serums,0,0,1,0,114.0,4.649122807017544,0.9298245614035088,0.9298245614035088,0.07017543859649122,0.8082144483067524,0.43032568072610783,0.28670581954084357,0.3728777362520021,0.9122807017543859,0.9298245614035088,0.9201754385964912,HIDDEN GEM
P474121,SD Advanced  PLUS Intensive Moisturizer For Wrinkles & Stretch Marks,StriVectin,3783,4.6848,92.0,82.0,Skincare,Moisturizers,Moisturizers,0,0,1,0,92.0,4.684782608695652,0.9565217391304348,0.9456521739130435,0.021739130434782608,0.6953108652748845,0.12813667912439936,0.2421249332621463,0.17373198077949814,0.9211956521739131,0.9565217391304348,0.9354619565217392,HIDDEN GEM
P474109,Daily Reveal  Exfoliating Face Pads with AHA + BHA + PHA + TXA,StriVectin,7120,4.75,64.0,45.0,Skincare,Treatments,Facial Peels,0,0,1,0,64.0,4.75,0.953125,0.96875,0.03125,0.7688716474701377,0.2685531233315537,0.1585691404164442,0.2245595301655099,0.9375,0.953125,0.9468749999999999,HIDDEN GEM
P474122,Advanced Retinol Nightly Renewal Face Moisturizer with Retinol,StriVectin,4940,4.7813,64.0,119.0,Skincare,Moisturizers,Moisturizers,0,0,1,0,65.0,4.7846153846153845,0.9846153846153847,0.9846153846153847,0.0,0.780656310228201,0.17351841964762413,0.1620395088093967,0.16892685531233315,0.9461538461538461,0.9846153846153847,0.9634615384615385,HIDDEN GEM
P474111,Super-C SPF 30 Vitamin C Face Moisturizer,StriVectin,2182,4.6538,52.0,69.0,Skincare,Moisturizers,Moisturizers,0,0,1,0,52.0,4.653846153846154,0.9615384615384616,0.9038461538461539,0.038461538461538464,0.8746695661026499,0.06673785371062467,0.1203950880939669,0.08820074746396156,0.9134615384615385,0.9615384615384616,0.9264423076923077,HIDDEN GEM
P480191,Contour Restore Tightening & Sculpting Moisturizing Face Cream,StriVectin,2824,4.7708,48.0,99.0,Skincare,Moisturizers,Moisturizers,0,0,1,0,48.0,4.770833333333333,0.9791666666666666,0.9791666666666666,0.0,0.8211428429931402,0.08969567538707955,0.10838227442605446,0.09717031500266951,0.9427083333333333,0.9791666666666666,0.9591145833333332,HIDDEN GEM
P474116,Peptight  360˚ Tightening Eye Serum,StriVectin,6166,4.4894,47.0,72.0,Skincare,Eye Care,Eye Creams & Treatments,0,0,1,0,47.0,4.48936170212766,0.9148936170212766,0.9148936170212766,0.0851063829787234,0.8967277334957588,0.22877736252002134,0.10250934329951948,0.1782701548318206,0.8723404255319149,0.9148936170212766,0.8914893617021278,HIDDEN GEM
P474115,Peptight  Tightening & Brightening Face Serum,StriVectin,3033,4.8085,47.0,99.0,Skincare,Treatments,Face Serums,0,0,1,0,47.0,4.808510638297872,1.0,0.9787234042553191,0.0,0.8897565537028842,0.0982381206620395,0.10250934329951948,0.0999466097170315,0.9521276595744681,1.0,0.9704787234042553,HIDDEN GEM
P474107,Hyaluronic Tripeptide Gel-Cream for Eyes,StriVectin,3261,4.6889,45.0,65.0,Skincare,Eye Care,Eye Creams & Treatments,0,0,1,0,45.0,4.688888888888889,0.8444444444444444,0.8666666666666667,0.044444444444444446,0.7679485568293819,0.10891617725573946,0.09369994660971703,0.10282968499733049,0.9222222222222223,0.8444444444444444,0.8905555555555555,HIDDEN GEM
P481743,Peptight Tightening Neck Serum Roller,StriVectin,9271,4.7955,44.0,79.0,Skincare,High Tech Tools,Anti-Aging,0,0,1,0,44.0,4.795454545454546,0.9772727272727273,1.0,0.0,0.7124434019128482,0.34810464495461824,0.09049652963160705,0.24506139882541378,0.9488636363636365,0.9772727272727273,0.9650568181818183,HIDDEN GEM
P481742,Advanced Retinol Daily Repair Face Moisturizer Broad Spectrum SPF 30,StriVectin,1162,4.7143,42.0,99.0,Skincare,Moisturizers,Moisturizers,0,0,1,0,42.0,4.714285714285714,0.9523809523809523,0.9523809523809523,0.0,0.7606837680706611,0.02829684997330486,0.08515750133475708,0.05104111051788575,0.9285714285714286,0.9523809523809523,0.9392857142857143,HIDDEN GEM
P504050,Advanced Retinol Nightly Multi Correct Serum,StriVectin,855,4.7857,42.0,99.0,Skincare,Treatments,Face Serums,0,1,1,0,42.0,4.785714285714286,0.9761904761904762,0.9761904761904762,0.0,1.0,0.01868659903897491,0.08515750133475708,0.04527495995728778,0.9464285714285714,0.9761904761904762,0.9598214285714286,HIDDEN GEM
P474118,Intensive Eye Cream Concentrate for Wrinkles PLUS,StriVectin,5072,4.425,40.0,72.0,Skincare,Eye Care,Eye Creams & Treatments,0,0,1,0,40.0,4.425,0.875,0.875,0.05,0.6041470794258891,0.17752269087026162,0.07528029898558462,0.13662573411639084,0.85625,0.875,0.8646874999999999,HIDDEN GEM
P502758,Super-C Dark Circle Brightening Eye Serum,StriVectin,1322,4.55,40.0,65.0,Skincare,Eye Care,Eye Creams & Treatments,0,0,1,0,40.0,4.55,0.925,0.925,0.05,0.8538461556801429,0.03310197544046983,0.07528029898558462,0.04997330485851575,0.8875,0.925,0.904375,HIDDEN GEM
P474125,The Gamechangers,StriVectin,2820,4.68,25.0,79.0,Skincare,Value & Gift Sets,,0,0,1,1,25.0,4.68,0.92,0.92,0.04,0.90751253156101,0.08862786972770956,0.0026695141484249867,0.054244527495995724,0.9199999999999999,0.92,0.92,HIDDEN GEM
P505392,Multi Action Clear Acne Clearing Treatment Lotion for Breakouts,StriVectin,13,5.0,1.0,49.0,Skincare,Treatments,Blemish & Acne Treatments,0,1,0,0,31.0,4.903225806451613,1.0,1.0,0.0,,0.0037373198077949813,0.03310197544046983,0.015483182060864922,0.9758064516129032,1.0,0.9866935483870968,HIDDEN GEM
P469538,Anti-Aging First Care Activating Serum,Sulwhasoo,25847,4.5707,976.0,89.0,Skincare,Treatments,Face Serums,0,0,0,0,977.0,4.571136131013306,0.9181166837256909,0.9150460593654043,0.03582395087001024,0.633858096676433,0.6705819540843566,0.8331553657234383,0.7356113187399893,0.8927840327533265,0.9181166837256909,0.9037231320368475,HERO PRODUCT
P476729,Mini First Care Activating Serum,Sulwhasoo,11881,4.5707,976.0,25.0,Skincare,Mini Size,,0,0,0,1,977.0,4.571136131013306,0.9181166837256909,0.9150460593654043,0.03582395087001024,0.633858096676433,0.43139348638547786,0.8331553657234383,0.5920982381206621,0.8927840327533265,0.9181166837256909,0.9037231320368475,HERO PRODUCT
P505346,First Care Activating Serum 25th Anniversary Limited Edition,Sulwhasoo,399,4.5825,958.0,110.0,Skincare,Treatments,Face Serums,1,1,0,1,959.0,4.582898852971845,0.921793534932221,0.9186652763295099,0.03232533889468196,0.6272904887213722,0.009610250934329953,0.8278163374265883,0.33689268553123336,0.8957247132429613,0.921793534932221,0.9069864442127216,HIDDEN GEM
P450633,Gentle Cleansing Oil Makeup Remover,Sulwhasoo,31523,4.4532,406.0,40.0,Skincare,Cleansers,Face Wash & Cleansers,0,0,0,1,406.0,4.45320197044335,0.8768472906403941,0.854679802955665,0.06157635467980296,0.8598734209313988,0.7223705285638014,0.6260010678056593,0.6838227442605445,0.8633004926108374,0.8768472906403941,0.8660714285714286,HERO PRODUCT
P476730,Mini Gentle Cleansing Oil Makeup Remover,Sulwhasoo,23559,4.4532,406.0,13.0,Skincare,Mini Size,,0,0,0,1,406.0,4.45320197044335,0.8768472906403941,0.854679802955665,0.06157635467980296,0.8598734209313988,0.6465563267485318,0.6260010678056593,0.6383342231713829,0.8633004926108374,0.8768472906403941,0.8660714285714286,HERO PRODUCT
P481833,Concentrated Ginseng Renewing Cream,Sulwhasoo,3616,4.4766,342.0,260.0,Skincare,Moisturizers,Moisturizers,0,0,0,1,343.0,4.478134110787172,0.9300291545189504,0.8833819241982507,0.023323615160349854,0.7323737975929966,0.12333155365723439,0.5766150560597971,0.30464495461825947,0.869533527696793,0.9300291545189504,0.889759475218659,HIDDEN GEM
P469537,Bestsellers Trial Kit,Sulwhasoo,26274,4.702,302.0,58.0,Skincare,Value & Gift Sets,,0,0,0,0,302.0,4.701986754966887,0.9437086092715232,0.9403973509933775,0.03642384105960265,0.4294471777975559,0.6769887880405766,0.5456486919380673,0.6244527495995729,0.9254966887417218,0.9437086092715232,0.9331953642384107,HERO PRODUCT
P450632,Gentle Cleansing Foam Hydrating Makeup Remover,Sulwhasoo,22064,4.5596,277.0,38.0,Skincare,Cleansers,Face Wash & Cleansers,0,0,0,0,278.0,4.561151079136691,0.920863309352518,0.9028776978417267,0.0539568345323741,0.7776486598589318,0.6268019220501868,0.5197544046983449,0.58398291510945,0.8902877697841727,0.920863309352518,0.9013489208633094,HERO PRODUCT
P476731,Mini Gentle Cleansing Foam Hydrating Makeup Remover,Sulwhasoo,12981,4.5596,277.0,12.0,Skincare,Mini Size,,0,0,0,1,278.0,4.561151079136691,0.920863309352518,0.9028776978417267,0.0539568345323741,0.7776486598589318,0.4639615589962627,0.5197544046983449,0.48627869727709555,0.8902877697841727,0.920863309352518,0.9013489208633094,HERO PRODUCT
P483708,Mini Essential Comfort Firming Cream,Sulwhasoo,3008,4.5019,257.0,28.0,Skincare,Moisturizers,Moisturizers,0,0,0,1,257.0,4.501945525291829,0.8832684824902723,0.8793774319066148,0.05058365758754864,0.7365508369497351,0.09663641217298452,0.497330485851575,0.2569140416444207,0.8754863813229572,0.8832684824902723,0.8784046692607004,HIDDEN GEM
P483692,Essential Comfort Firming Cream,Sulwhasoo,2534,4.5019,257.0,120.0,Skincare,Moisturizers,Moisturizers,0,0,0,0,257.0,4.501945525291829,0.8832684824902723,0.8793774319066148,0.05058365758754864,0.7365508369497351,0.07688200747463962,0.497330485851575,0.2450613988254138,0.8754863813229572,0.8832684824902723,0.8784046692607004,HIDDEN GEM
P502395,Concentrated Ginseng Renewing Serum,Sulwhasoo,1645,4.6972,142.0,210.0,Skincare,Treatments,Face Serums,0,0,0,1,142.0,4.697183098591549,0.9788732394366197,0.9295774647887324,0.02112676056338028,0.7777778080531529,0.04644954618259477,0.3368926855312333,0.1626268019220502,0.9242957746478873,0.9788732394366197,0.9414612676056338,HIDDEN GEM
P475172,Overnight Vitalizing Mask,Sulwhasoo,12664,4.717,106.0,54.0,Skincare,Masks,Face Masks,0,0,0,0,106.0,4.716981132075472,0.9245283018867925,0.9245283018867925,0.02830188679245283,0.6260561937825722,0.45435130806193275,0.2717565403096636,0.38131340096102506,0.929245283018868,0.9245283018867925,0.9271226415094341,HIDDEN GEM
P481834,Concentrated Ginseng Renewing Cream Classic,Sulwhasoo,1615,4.8,60.0,260.0,Skincare,Moisturizers,Moisturizers,0,0,0,0,74.0,4.824324324324325,0.972972972972973,0.9459459459459459,0.0,0.7407407323519389,0.04591564335290977,0.18766684463427658,0.1026161238654565,0.9560810810810811,0.972972972972973,0.9596283783783784,HIDDEN GEM
P429952,Jet Lag Mask,Summer Fridays,245435,4.0262,4427.0,49.0,Skincare,Masks,Face Masks,0,0,0,0,4430.0,4.025959367945824,0.7537246049661399,0.7358916478555305,0.1871331828442438,0.8148108978675228,0.9829151094500801,0.9879871863320876,0.9849439402028831,0.7564898419864561,0.7537246049661399,0.7525705417607224,HYPE GAP
P480630,Mini Jet Lag Mask,Summer Fridays,2900,4.0262,4427.0,26.0,Skincare,Masks,Face Masks,0,0,0,0,4430.0,4.025959367945824,0.7537246049661399,0.7358916478555305,0.1871331828442438,0.8148108978675228,0.09289909236518953,0.9879871863320876,0.4509343299519488,0.7564898419864561,0.7537246049661399,0.7525705417607224,LOW TRACTION
P455936,Lip Butter Balm,Summer Fridays,359649,4.2662,1157.0,24.0,Skincare,Lip Balms & Treatments,,0,0,0,0,1200.0,4.320833333333334,0.8325,0.81,0.11166666666666666,0.7712015378392405,0.99359316604378,0.8756006406833956,0.9463961558996263,0.8302083333333334,0.8325,0.8278645833333333,HYPE GAP
P449180,CC Me Vitamin C + Niacinamide Serum,Summer Fridays,80956,4.0893,896.0,68.0,Skincare,Treatments,Face Serums,0,0,0,0,896.0,4.089285714285714,0.7477678571428571,0.7299107142857143,0.17857142857142858,0.8219009814030656,0.9108382274426055,0.8120662039508809,0.8713294180459157,0.7723214285714286,0.7477678571428571,0.7585937500000001,HYPE GAP
P466153,Cloud Dew Gel Cream Moisturizer,Summer Fridays,51838,4.4613,646.0,45.0,Skincare,Moisturizers,Moisturizers,0,0,0,0,700.0,4.482857142857143,0.8828571428571429,0.86,0.07285714285714286,0.8219198580716074,0.8328884143085958,0.7752269087026161,0.809823812066204,0.8707142857142858,0.8828571428571429,0.8727500000000001,HERO PRODUCT
P479125,Mini Cloud Dew Oil-Free Gel Cream,Summer Fridays,12092,4.4613,646.0,17.0,Skincare,Moisturizers,Moisturizers,0,0,0,0,700.0,4.482857142857143,0.8828571428571429,0.86,0.07285714285714286,0.8219198580716074,0.4380672717565403,0.7752269087026161,0.5729311265349706,0.8707142857142858,0.8828571428571429,0.8727500000000001,HERO PRODUCT
P436387,Overtime Mask,Summer Fridays,68583,4.4087,531.0,49.0,Skincare,Masks,Face Masks,0,0,0,0,531.0,4.4086629001883235,0.8625235404896422,0.8493408662900188,0.09981167608286252,0.7753980736560927,0.8814735718099306,0.714095034703684,0.8145221569674319,0.8521657250470809,0.8625235404896422,0.8548493408662899,HERO PRODUCT
P440504,R + R Mask,Summer Fridays,47304,3.7972,493.0,54.0,Skincare,Masks,Face Masks,0,0,0,0,493.0,3.797160243407708,0.6795131845841785,0.6592292089249493,0.2515212981744422,0.790692555221692,0.8179391350774159,0.689535504538174,0.7665776828617191,0.699290060851927,0.6795131845841785,0.6873478701825559,HYPE GAP
P482074,Dream Oasis Deep Hydration Serum,Summer Fridays,41405,4.7361,485.0,44.0,Skincare,Treatments,Face Serums,0,0,0,0,487.0,4.737166324435318,0.9383983572895277,0.9383983572895277,0.03490759753593429,0.7671629818468135,0.785371062466631,0.6849973304858515,0.7452215696743192,0.9342915811088295,0.9383983572895277,0.9361396303901438,HERO PRODUCT
P480192,Light Aura Vitamin C + Peptide Eye Cream,Summer Fridays,40911,4.3596,381.0,42.0,Skincare,Eye Care,Eye Creams & Treatments,0,0,0,0,381.0,4.359580052493438,0.8503937007874016,0.8346456692913385,0.11023622047244094,0.8220937750499013,0.782701548318206,0.603310197544047,0.7109450080085424,0.8398950131233596,0.8503937007874016,0.8422572178477691,HERO PRODUCT
P455242,Super Amino Gel Cleanser,Summer Fridays,30871,4.0833,312.0,35.0,Skincare,Cleansers,Face Wash & Cleansers,0,0,0,0,313.0,4.086261980830671,0.7539936102236422,0.744408945686901,0.16613418530351437,0.8149500788945562,0.7159636946075815,0.5539241857981847,0.6511478910838228,0.7715654952076678,0.7539936102236422,0.7622204472843451,HYPE GAP
P503827,Midnight Ritual Retinol Renewal Serum,Summer Fridays,14766,4.7588,228.0,69.0,Skincare,Treatments,Face Serums,0,1,0,0,229.0,4.751091703056769,0.9517543859649122,0.9519650655021834,0.034934497816593885,0.7135607986073745,0.5002669514148425,0.46769887880405764,0.4872397223705285,0.9377729257641922,0.9517543859649122,0.9440961847851069,HERO PRODUCT
P476028,Heavenly Sixteen All-In-One Face Oil,Summer Fridays,46744,4.4507,213.0,55.0,Skincare,Moisturizers,Face Oils,0,0,0,0,214.0,4.453271028037383,0.8551401869158879,0.8504672897196262,0.09345794392523364,0.8155161561494205,0.8147357180993059,0.44901227976508273,0.6684463427656167,0.8633177570093458,0.8551401869158879,0.8589369158878505,HERO PRODUCT
P309308,Good Genes All-In-One AHA Lactic Acid Treatment,Sunday Riley,262434,4.3375,5393.0,122.0,Skincare,Treatments,Face Serums,0,0,0,0,5400.0,4.337407407407407,0.8451925529201735,0.8342592592592593,0.12296296296296297,0.7184743436872193,0.9855846235985051,0.99359316604378,0.988788040576615,0.8343518518518518,0.8451925529201735,0.8375901732834594,HYPE GAP
P393718,Luna Sleeping Retinoid Night Oil,Sunday Riley,174483,4.0827,2442.0,105.0,Skincare,Moisturizers,Face Oils,0,0,0,0,2444.0,4.080196399345335,0.7662745098039215,0.747545008183306,0.18248772504091654,0.744225763461702,0.9690336358782702,0.9562199679658302,0.9639081687132942,0.7700490998363339,0.7662745098039215,0.7655411090786559,HYPE GAP
P410400,U.F.O. Salicylic Acid BHA Acne Treatment Face Oil,Sunday Riley,123202,4.135,2281.0,80.0,Skincare,Moisturizers,Face Oils,0,0,0,0,2283.0,4.1344721857205435,0.7904884318766067,0.7726675427069645,0.17608409986859397,0.7670701769929306,0.9487453283502403,0.9492792311799253,0.9489588894821143,0.7836180464301359,0.7904884318766067,0.7840365865056014,HYPE GAP
P418346,C.E.O. 15% Vitamin C Brightening Serum,Sunday Riley,97114,4.1036,1785.0,85.0,Skincare,Treatments,Face Serums,0,0,0,0,1800.0,4.11,0.7874015748031497,0.7622222222222222,0.14833333333333334,0.699941289130998,0.9284570208222104,0.9289909236518954,0.9286705819540844,0.7775000000000001,0.7874015748031497,0.7781788057742782,HYPE GAP
P476414,5 Stars Retinol + Niacinamide Eye Serum,Sunday Riley,35885,4.6414,1718.0,65.0,Skincare,Eye Care,Eye Creams & Treatments,0,0,0,0,1721.0,4.635095874491575,0.9424753050552005,0.936664729808251,0.04706565950029053,0.5690240278233623,0.7501334757074213,0.9252536038441004,0.8201815269620929,0.9087739686228937,0.9424753050552005,0.9230679837303895,HERO PRODUCT
P424948,Auto Correct Brightening + Depuffing Eye Cream for Dark Circles,Sunday Riley,52803,4.0286,1679.0,65.0,Skincare,Eye Care,Eye Creams & Treatments,0,0,0,0,1692.0,4.027186761229315,0.7740981667652277,0.7494089834515366,0.15425531914893617,0.7689765866979326,0.8355579284570208,0.9241857981847303,0.8710090763481046,0.7567966903073287,0.7740981667652277,0.7608789772163297,HYPE GAP
P402718,Power Couple Advanced Retinol and Lactic Acid Duo,Sunday Riley,127982,4.3017,1495.0,72.0,Skincare,Value & Gift Sets,,0,0,0,0,1495.0,4.3016722408026755,0.8419540229885057,0.8140468227424749,0.12040133779264214,0.658478579832042,0.9535504538174052,0.9065670048051254,0.9347570742124933,0.8254180602006689,0.8419540229885057,0.8286731634182909,HYPE GAP
P448937,ICE Ceramide Moisturizer with Vitamin F,Sunday Riley,19213,4.084,1178.0,65.0,Skincare,Moisturizers,Moisturizers,0,0,0,0,1178.0,4.084040747028863,0.8030560271646859,0.7784380305602716,0.14176570458404075,0.6594192248211015,0.587293112653497,0.8713294180459157,0.7009076348104646,0.7710101867572157,0.8030560271646859,0.7817381154499152,HYPE GAP
P418629,C.E.O. Vitamin C Brightening Rich Hydration Moisturizer,Sunday Riley,5905,3.9918,1101.0,22.0,Skincare,Moisturizers,Moisturizers,0,0,0,0,1101.0,3.991825613079019,0.7393422655298416,0.7148047229791099,0.18982742960944596,0.7614013520237494,0.21783235451147892,0.8622530699412707,0.47560064068339564,0.7479564032697548,0.7393422655298416,0.7403994099041841,LOW TRACTION
P416139,Mini C.E.O. Vitamin C Brightening Rich Hydration Moisturizer,Sunday Riley,63669,4.0133,977.0,65.0,Skincare,Moisturizers,Moisturizers,0,0,0,0,977.0,4.013306038894576,0.7479108635097493,0.7205731832139202,0.18526100307062435,0.7652168224979142,0.8686599038974907,0.8331553657234383,0.8544580886278698,0.7533265097236439,0.7479108635097493,0.746788816883017,HYPE GAP
P309310,Ceramic Slip French Green Clay Cleanser,Sunday Riley,50777,3.8453,950.0,35.0,Skincare,Cleansers,Face Wash & Cleansers,0,0,0,0,951.0,3.846477392218717,0.7371188222923238,0.6992639327024185,0.20084121976866456,0.7193699015005854,0.8307528029898559,0.8264815803523758,0.8290443139348639,0.7116193480546793,0.7371188222923238,0.7174158780231336,HYPE GAP
P442761,C.E.O Glow Vitamin C + Turmeric Face Oil,Sunday Riley,75741,4.0759,843.0,80.0,Skincare,Moisturizers,Face Oils,0,0,0,0,843.0,4.075919335705812,0.7734282325029656,0.7580071174377224,0.18386714116251482,0.6671632271563749,0.9001601708489055,0.804057661505606,0.8617191671115857,0.7689798339264531,0.7734282325029656,0.7686684460260972,HYPE GAP
P503726,B3 Nice 10% Niacinamide Serum,Sunday Riley,9940,4.726,624.0,65.0,Skincare,Treatments,Face Serums,0,0,0,1,627.0,4.7272727272727275,0.9617224880382775,0.960127591706539,0.025518341307814992,0.5960159476350817,0.3713294180459156,0.7546716497597438,0.5246663107314469,0.9318181818181819,0.9617224880382775,0.9450358851674641,HERO PRODUCT
P309306,Juno Antioxidant + Superfood Face Oil,Sunday Riley,69459,4.3299,585.0,72.0,Skincare,Moisturizers,Face Oils,0,0,0,0,585.0,4.32991452991453,0.8058968058968059,0.8051282051282052,0.11623931623931624,0.7956635496235108,0.8841430859583556,0.7354511478910838,0.8246663107314468,0.8324786324786324,0.8058968058968059,0.8204015204015204,HYPE GAP
P482551,C.E.O. Afterglow Brightening Vitamin C Moisturizer,Sunday Riley,16576,4.666,527.0,65.0,Skincare,Moisturizers,Moisturizers,0,0,0,0,533.0,4.647279549718574,0.949343339587242,0.9287054409005628,0.03377110694183865,0.6661797678992574,0.5392418579818473,0.7156967431927389,0.609823812066204,0.9118198874296435,0.949343339587242,0.9256097560975609,HERO PRODUCT
P483076,C.E.O. Afterglow Brightening Vitamin C Moisturizer,Sunday Riley,2817,4.666,527.0,22.0,Skincare,Moisturizers,Moisturizers,0,1,0,1,533.0,4.647279549718574,0.949343339587242,0.9287054409005628,0.03377110694183865,0.6661797678992574,0.08809396689802455,0.7156967431927389,0.3391350774159103,0.9118198874296435,0.949343339587242,0.9256097560975609,HIDDEN GEM
P440075,A+ High-Dose Retinol Serum,Sunday Riley,66551,4.2016,516.0,85.0,Skincare,Treatments,Face Serums,0,0,0,0,518.0,4.196911196911197,0.7915057915057915,0.7760617760617761,0.15444015444015444,0.7584889427544154,0.8777362520021356,0.705552589428724,0.8088627869727709,0.7992277992277992,0.7915057915057915,0.7934362934362934,HYPE GAP
P402014,Blue Moon Clean-Rinse Cleansing Balm,Sunday Riley,15699,4.2717,276.0,50.0,Skincare,Cleansers,Face Wash & Cleansers,0,0,1,0,276.0,4.271739130434782,0.71875,0.7789855072463768,0.13043478260869565,0.7887613859067681,0.5237586759209824,0.5162840363053924,0.5207688200747465,0.8179347826086956,0.71875,0.7823369565217391,HYPE GAP
P432053,Multivitamins 15% Vitamin C + Retinol Mini Set,Sunday Riley,54878,3.8481,158.0,28.0,Skincare,Value & Gift Sets,,0,0,0,0,158.0,3.848101265822785,0.7278481012658228,0.6518987341772152,0.1962025316455696,0.7843035145884468,0.8408969567538708,0.36252002135611316,0.6495461825947677,0.7120253164556962,0.7278481012658228,0.707753164556962,HYPE GAP
P460627,Saturn Sulfur + Niacinamide Spot Treatment Mask,Sunday Riley,8678,3.1515,99.0,20.0,Skincare,Masks,Face Masks,0,0,0,0,99.0,3.1515151515151514,0.5151515151515151,0.47474747474747475,0.3939393939393939,0.7752200311168711,0.3240790176187934,0.2546716497597437,0.2963160704751735,0.5378787878787878,0.5151515151515151,0.5215909090909091,LOW TRACTION
P463964,Pink Drink Firming Resurfacing Peptide Face Mist,Sunday Riley,19808,3.8085,94.0,48.0,Skincare,Moisturizers,Mists & Essences,0,0,0,0,95.0,3.8210526315789473,0.6421052631578947,0.6210526315789474,0.22105263157894736,0.7671526877149459,0.598505072076882,0.24853176721836626,0.4585157501334757,0.7052631578947368,0.6421052631578947,0.6736842105263158,LOW TRACTION
P455235,Superstars Anti-Aging Serum and Eye Kit,Sunday Riley,19425,4.16,25.0,130.0,Skincare,Value & Gift Sets,,1,0,0,0,26.0,4.076923076923077,0.6923076923076923,0.7307692307692307,0.19230769230769232,0.821305723786354,0.5888948211425521,0.007741591030432461,0.35643352909770426,0.7692307692307692,0.6923076923076923,0.7403846153846153,LOW TRACTION
P461535,All About Acne Breakout + Blackhead Set,Sunday Riley,9837,4.2,25.0,95.0,Skincare,Value & Gift Sets,,0,0,0,0,25.0,4.2,0.84,0.8,0.12,0.8623614406585693,0.36679124399359314,0.0026695141484249867,0.22114255205552588,0.8,0.84,0.812,LOW TRACTION
P454380,Unseen Sunscreen SPF 40 PA+++,Supergoop!,302951,4.26,3262.0,48.0,Skincare,Sunscreen,Face Sunscreen,1,0,0,1,3268.0,4.260097919216646,0.8111995104039168,0.7888616891064871,0.1386168910648715,0.8348045079356379,0.99145755472504,0.9775760811532301,0.9859049652963161,0.8150244798041615,0.8111995104039168,0.8099525703794369,HYPE GAP
P470255,Mini Unseen Sunscreen SPF 40 PA+++,Supergoop!,66960,4.2604,3260.0,22.0,Skincare,Mini Size,,0,0,0,1,3266.0,4.26056338028169,0.8113900796080833,0.7890385793018984,0.1383955909369259,0.8348289551943997,0.8788040576615056,0.9770421783235451,0.9180993059263214,0.8151408450704225,0.8113900796080833,0.8101002755664422,HYPE GAP
P456218,Glowscreen Sunscreen SPF 40 PA+++ with Hyaluronic Acid + Niacinamide,Supergoop!,231004,4.1513,2049.0,38.0,Skincare,Sunscreen,Face Sunscreen,0,0,0,1,2065.0,4.152058111380145,0.7801452784503632,0.7685230024213076,0.15302663438256658,0.8042533846524474,0.981313400961025,0.9423384943940203,0.9657234383342232,0.7880145278450363,0.7801452784503632,0.7827300242130751,HYPE GAP
P482320,Mini Glowscreen Sunscreen SPF 40 PA+++ with Hyaluronic Acid + Niacinamide,Supergoop!,64624,3.9659,1439.0,22.0,Skincare,Sunscreen,Face Sunscreen,0,0,0,1,1455.0,3.9690721649484537,0.7230240549828179,0.7051546391752578,0.1972508591065292,0.8282061974440202,0.8713294180459157,0.9012279765082755,0.8832888414308595,0.7422680412371134,0.7230240549828179,0.7309278350515465,HYPE GAP
P454383,PLAY Everyday Sunscreen Lotion SPF 50 PA++++,Supergoop!,60887,4.0954,1059.0,34.0,Skincare,Sunscreen,Face Sunscreen,0,0,0,0,1061.0,4.093308199811498,0.7702407002188184,0.7464655984919887,0.16399622997172478,0.8066703727581652,0.8633208756006406,0.8529097704217833,0.8591564335290977,0.7733270499528746,0.7702407002188184,0.7683719273135249,HYPE GAP
P454384,Mini PLAY Everyday Lotion SPF 50 with Sunflower Extract,Supergoop!,12937,4.0954,1059.0,22.0,Skincare,Mini Size,,0,0,0,0,1061.0,4.093308199811498,0.7702407002188184,0.7464655984919887,0.16399622997172478,0.8066703727581652,0.4623598505072077,0.8529097704217833,0.618579818473038,0.7733270499528746,0.7702407002188184,0.7683719273135249,HYPE GAP
P439928,Superscreen Daily Moisturizer Sunscreen SPF 40 PA+++,Supergoop!,42616,3.6997,646.0,44.0,Skincare,Moisturizers,Moisturizers,0,0,0,0,649.0,3.699537750385208,0.6425269645608629,0.6117103235747303,0.25115562403698,0.7955436705564969,0.7933796049119061,0.7626801922050187,0.7810998398291511,0.674884437596302,0.6425269645608629,0.6557010785824345,HYPE GAP
P466154,Daily Dose Vitamin C + SPF 40 Sunscreen Serum PA+++,Supergoop!,41804,3.6736,573.0,46.0,Skincare,Sunscreen,Face Sunscreen,0,0,0,1,574.0,3.672473867595819,0.6376306620209059,0.6097560975609756,0.23693379790940766,0.7836511784676209,0.789108382274426,0.7319807794981313,0.7662573411639082,0.6681184668989547,0.6376306620209059,0.6502177700348432,HYPE GAP
P463353,CC Screen 100% Mineral CC Cream SPF 50 PA++++,Supergoop!,37695,3.4004,527.0,44.0,Skincare,Moisturizers,BB & CC Creams,0,0,0,0,528.0,3.3958333333333335,0.5909090909090909,0.5606060606060606,0.3522727272727273,0.832296935889425,0.7586759209823812,0.710891617725574,0.7395621996796584,0.5989583333333334,0.5909090909090909,0.5907907196969697,HYPE GAP
P429953,Glow Stick Sunscreen SPF 50 PA++++,Supergoop!,72075,3.6587,501.0,26.0,Skincare,Sunscreen,Face Sunscreen,0,0,0,0,502.0,3.6593625498007967,0.6752988047808764,0.6274900398406374,0.26095617529880477,0.824174663325426,0.8889482114255206,0.6951414842498665,0.811425520555259,0.6648406374501992,0.6752988047808764,0.6623754980079681,HYPE GAP
P470057,Mineral Sheerscreen Sunscreen SPF 30 PA+++,Supergoop!,21689,3.9473,455.0,38.0,Skincare,Sunscreen,Face Sunscreen,0,0,0,0,455.0,3.9472527472527474,0.7406593406593407,0.7230769230769231,0.1934065934065934,0.77798282313678,0.6230646022423919,0.6615056059797116,0.6384410037373198,0.7368131868131869,0.7406593406593407,0.7359065934065935,HYPE GAP
P482321,Mini Mineral Sheerscreen Sunscreen SPF 30 PA+++,Supergoop!,4572,3.9473,455.0,22.0,Skincare,Sunscreen,Face Sunscreen,0,0,0,1,455.0,3.9472527472527474,0.7406593406593407,0.7230769230769231,0.1934065934065934,0.77798282313678,0.15803523758675922,0.6615056059797116,0.3594233849439402,0.7368131868131869,0.7406593406593407,0.7359065934065935,LOW TRACTION
P453226,Bright-Eyed 100% Mineral Eye Cream SPF 40 PA+++,Supergoop!,26354,3.6045,445.0,40.0,Skincare,Eye Care,Eye Creams & Treatments,0,0,0,0,445.0,3.6044943820224717,0.6426966292134831,0.6224719101123596,0.26292134831460673,0.8232800153964156,0.6780565936999466,0.6553657234383342,0.6689802455953017,0.6511235955056179,0.6426966292134831,0.6442977528089887,HYPE GAP
P454387,Glow Oil Body Sunscreen SPF 50 PA++++,Supergoop!,42598,3.947,396.0,38.0,Skincare,Sunscreen,Body Sunscreen,0,0,0,0,397.0,3.9395465994962215,0.7244444444444444,0.7304785894206549,0.19395465994962216,0.8040845572472887,0.792845702082221,0.6163908168713295,0.7222637479978644,0.7348866498740554,0.7244444444444444,0.731092779177162,HYPE GAP
P454388,Mini Glow Oil SPF 50 PA++++,Supergoop!,20710,3.947,396.0,15.0,Skincare,Mini Size,,0,0,1,0,397.0,3.9395465994962215,0.7244444444444444,0.7304785894206549,0.19395465994962216,0.8040845572472887,0.605979711692472,0.6163908168713295,0.610144153764015,0.7348866498740554,0.7244444444444444,0.731092779177162,HYPE GAP
P482323,(Re) Setting Refreshing Mist SPF 40,Supergoop!,32091,3.6649,379.0,34.0,Skincare,Sunscreen,Face Sunscreen,0,0,0,0,382.0,3.643979057591623,0.6963350785340314,0.6570680628272252,0.24083769633507854,0.6551389465707221,0.7266417512012814,0.604378003203417,0.6777362520021356,0.6609947643979057,0.6963350785340314,0.6710078534031414,HYPE GAP
P467976,(Re)setting 100% Mineral Powder Sunscreen SPF 35 PA+++,Supergoop!,68453,4.0426,376.0,35.0,Skincare,Sunscreen,Face Sunscreen,0,0,0,0,377.0,4.037135278514588,0.7824933687002652,0.7559681697612732,0.16445623342175067,0.7796902683417813,0.8809396689802456,0.6009076348104645,0.7689268553123331,0.7592838196286471,0.7824933687002652,0.7657493368700266,HYPE GAP
P504045,Daily Dose Bioretinol + Mineral SPF 40 with Bakuchiol,Supergoop!,11846,4.7357,367.0,46.0,Skincare,Treatments,Face Serums,0,0,0,1,370.0,4.72972972972973,0.9702702702702702,0.9459459459459459,0.016216216216216217,0.6746295757293701,0.43085958355579285,0.5977042178323545,0.49759743726641753,0.9324324324324325,0.9702702702702702,0.9458108108108108,HERO PRODUCT
P446909,Zincscreen 100% Mineral Sunscreen Lotion SPF 40 PA+++,Supergoop!,20095,3.8729,354.0,44.0,Skincare,Sunscreen,Face Sunscreen,0,0,0,0,355.0,3.867605633802817,0.6901408450704225,0.6704225352112676,0.19718309859154928,0.822386082727462,0.603310197544047,0.5864922584089696,0.5965830218900161,0.7169014084507043,0.6901408450704225,0.7019014084507043,HYPE GAP
P482325,Every. Single. Face. Watery Lotion SPF 50,Supergoop!,23635,4.2805,353.0,34.0,Skincare,Sunscreen,Face Sunscreen,0,0,0,1,356.0,4.275280898876405,0.8117977528089888,0.7921348314606742,0.12359550561797752,0.6762238001569788,0.6470902295782167,0.587293112653497,0.6231713828083288,0.8188202247191012,0.8117977528089888,0.8127106741573035,HYPE GAP
P454389,PLAY Antioxidant Body Sunscreen Mist SPF 50 PA++++,Supergoop!,28604,3.9048,294.0,21.0,Skincare,Sunscreen,Body Sunscreen,0,0,0,0,294.0,3.9047619047619047,0.5925925925925926,0.6666666666666666,0.22108843537414966,0.7800357599274903,0.6978109983982915,0.5333689268553123,0.6320341697810998,0.7261904761904762,0.5925925925925926,0.6771825396825396,HYPE GAP
P479351,Daily Dose Hydra-Ceramide Boost + SPF 40 Sunscreen Oil PA+++,Supergoop!,23310,4.3783,267.0,46.0,Skincare,Moisturizers,Moisturizers,0,0,0,1,267.0,4.378277153558052,0.8614232209737828,0.8539325842696629,0.09737827715355805,0.666271518966923,0.6433529097704218,0.5077415910304325,0.5891083822744261,0.8445692883895131,0.8614232209737828,0.8510299625468165,HERO PRODUCT
P470058,Glowscreen Body Sunscreen SPF 40 PA+++,Supergoop!,21531,4.4389,262.0,42.0,Skincare,Sunscreen,Body Sunscreen,0,0,0,1,262.0,4.438931297709924,0.8778625954198473,0.8625954198473282,0.07251908396946564,0.8507389342613357,0.6193272824345969,0.5029364655632674,0.5727709556860652,0.8597328244274809,0.8778625954198473,0.8656011450381679,HERO PRODUCT
P476733,Mineral Mattescreen Sunscreen SPF 40 PA+++,Supergoop!,22699,4.0153,131.0,38.0,Skincare,Sunscreen,Face Sunscreen,0,0,0,0,131.0,4.015267175572519,0.7557251908396947,0.7404580152671756,0.1984732824427481,0.8407893889816478,0.6353443673251469,0.3152696209289909,0.5073144687666845,0.7538167938931297,0.7557251908396947,0.7523854961832062,HYPE GAP
P505211,(Glow)Setting 100% Mineral Powder SPF 35,Supergoop!,2352,4.4758,124.0,36.0,Skincare,Sunscreen,,0,1,1,0,147.0,4.482993197278912,0.8843537414965986,0.8639455782312925,0.047619047619047616,0.5095237995897021,0.07100907634810465,0.3430325680726108,0.1798184730379071,0.870748299319728,0.8843537414965986,0.8738095238095239,HIDDEN GEM
P454385,Mini PLAY Everyday Sunscreen Lotion SPF 30 PA++++,Supergoop!,9058,4.3333,57.0,34.0,Skincare,Sunscreen,Face Sunscreen,0,0,0,0,57.0,4.333333333333333,0.8421052631578947,0.8421052631578947,0.10526315789473684,0.8383104108712253,0.3416978109983983,0.1382808328884143,0.2603310197544047,0.8333333333333333,0.8421052631578947,0.8372807017543858,LOW TRACTION
P424988,THE FACE Illuminating Self-Tan Drops,TAN-LUXE,55771,3.9894,471.0,50.0,Skincare,Self Tanners,For Face,0,0,0,0,471.0,3.989384288747346,0.7473460721868365,0.7261146496815286,0.19957537154989385,0.8234530647113845,0.8489054991991457,0.6729845168179391,0.7785371062466631,0.7473460721868365,0.7473460721868365,0.7441613588110403,HYPE GAP
P424989,THE BODY Illuminating Self-Tan Drops,TAN-LUXE,22970,4.1959,194.0,60.0,Skincare,Self Tanners,For Body,0,0,0,0,196.0,4.188775510204081,0.8112244897959183,0.7908163265306123,0.15306122448979592,0.8346976912423466,0.6380138814735719,0.4271222637479979,0.5536572343833424,0.7971938775510203,0.8112244897959183,0.8004464285714286,HYPE GAP
P424986,THE BUTTER Illuminating Tanning Butter,TAN-LUXE,17319,4.3425,181.0,38.0,Skincare,Self Tanners,For Body,0,0,0,0,181.0,4.342541436464089,0.8453038674033149,0.8232044198895028,0.10497237569060773,0.8200534810493518,0.5573945541911373,0.4022957821676455,0.4953550453817406,0.8356353591160222,0.8453038674033149,0.8366712707182321,HYPE GAP
P424990,THE GRADUAL Illuminating Gradual Tan Lotion,TAN-LUXE,23906,4.1111,171.0,34.0,Skincare,Self Tanners,For Face,0,0,0,0,173.0,4.098265895953757,0.8034682080924855,0.7803468208092486,0.1676300578034682,0.8263410698882369,0.6502936465563267,0.39054991991457555,0.5463961558996262,0.7745664739884393,0.8034682080924855,0.7841040462427745,HYPE GAP
P447199,Super Glow Hyaluronic Self-Tan Serum,TAN-LUXE,13931,3.9845,129.0,49.0,Skincare,Self Tanners,For Face,0,0,0,0,129.0,3.9844961240310077,0.7131782945736435,0.7054263565891473,0.20930232558139536,0.8184365199804307,0.4842498665242926,0.31153230112119595,0.4151628403630539,0.7461240310077519,0.7131782945736435,0.7301356589147286,LOW TRACTION
P424985,THE WATER Hydrating Self-Tan Water,TAN-LUXE,14995,4.0,90.0,48.0,Skincare,Self Tanners,For Face,0,0,0,0,90.0,4.0,0.8,0.7444444444444445,0.2,0.848963452236993,0.5061398825413774,0.23545114789108382,0.39786438868125995,0.75,0.8,0.7641666666666668,LOW TRACTION
P424984,HYDRA MOUSSE Hydrating Self-Tan Mousse,TAN-LUXE,6083,4.0769,65.0,49.0,Skincare,Self Tanners,For Face,0,0,0,0,65.0,4.076923076923077,0.8,0.7384615384615385,0.15384615384615385,0.8361583495581592,0.22530699412706887,0.1620395088093967,0.19999999999999998,0.7692307692307692,0.8,0.7738461538461539,LOW TRACTION
P456989,Super Glow Body Hyaluronic Self-Tan Serum,TAN-LUXE,6917,3.6809,47.0,49.0,Skincare,Self Tanners,For Body,0,0,0,0,47.0,3.6808510638297873,0.6808510638297872,0.5957446808510638,0.2553191489361702,0.8685628134150838,0.26161238654564867,0.10250934329951948,0.197971169247197,0.6702127659574468,0.6808510638297872,0.6622340425531915,LOW TRACTION
P474376,Mini THE FACE Illuminating Self-Tan Drops,TAN-LUXE,13586,3.7632,38.0,25.0,Skincare,Self Tanners,For Face,0,0,1,0,39.0,3.6923076923076925,0.6666666666666666,0.6410256410256411,0.3076923076923077,0.6651900853429522,0.4751735184196476,0.07100907634810465,0.31350774159103045,0.6730769230769231,0.6666666666666666,0.6663461538461539,LOW TRACTION
P433440,Wonder Oil Illuminating Self-Tan Oil,TAN-LUXE,4124,3.8182,33.0,69.0,Skincare,Self Tanners,For Body,0,0,1,0,33.0,3.8181818181818183,0.696969696969697,0.696969696969697,0.2727272727272727,0.8289070626099905,0.14095034703683929,0.04217832354511479,0.10144153764014949,0.7045454545454546,0.696969696969697,0.7011363636363637,LOW TRACTION
P376726,Maracuja Oil,tarte,79986,4.396,2419.0,48.0,Skincare,Moisturizers,Face Oils,0,0,0,0,2419.0,4.396031417941298,0.8183229813664596,0.847044233154196,0.10500206696982224,0.8236192273944508,0.9081687132941805,0.9551521623064603,0.9269620928990925,0.8490078544853246,0.8183229813664596,0.8395078493499958,HERO PRODUCT
P405599,SEA drink of H2O hydrating boost moisturizer,tarte,70039,4.2373,1749.0,39.0,Skincare,Moisturizers,Moisturizers,0,0,0,1,1749.0,4.237278444825614,0.7944006999125109,0.7844482561463694,0.1343624928530589,0.8317021263970269,0.8868126001067805,0.9268553123331553,0.9028296849973305,0.8093196112064036,0.7944006999125109,0.8011132345592307,HYPE GAP
P405096,SEA Deep Dive Cleansing Gel,tarte,48796,4.312,1157.0,12.0,Skincare,Cleansers,Face Wash & Cleansers,1,0,0,1,1158.0,4.309153713298791,0.8092566619915849,0.8134715025906736,0.12521588946459414,0.7987063057536696,0.8248798718633209,0.8686599038974907,0.8423918846769888,0.8272884283246977,0.8092566619915849,0.8198063595646603,HYPE GAP
P409631,SEA FRXXXTION Stick Exfoliating Cleanser,tarte,38635,4.5315,969.0,22.0,Skincare,Cleansers,Face Wash & Cleansers,0,0,0,1,969.0,4.531475748194015,0.9025787965616046,0.8895768833849329,0.04953560371517028,0.7148021476171097,0.7666844634276562,0.8318206086492258,0.792738921516284,0.8828689370485037,0.9025787965616046,0.8897880868528983,HERO PRODUCT
P377545,Maracuja C-Brighter Eye Treatment,tarte,45734,4.0089,901.0,39.0,Skincare,Eye Care,Eye Creams & Treatments,0,0,0,0,901.0,4.008879023307436,0.7620481927710844,0.7203107658157603,0.16315205327413984,0.7729331025782545,0.810464495461826,0.8126001067805659,0.811318739989322,0.7522197558268591,0.7620481927710844,0.7503819384084618,HYPE GAP
P414737,Pearly Girl Vegan Teeth Whitening Pen,tarte,69366,4.1788,481.0,25.0,Skincare,High Tech Tools,Teeth Whitening,0,0,0,0,481.0,4.1787941787941785,0.8179347826086957,0.7983367983367984,0.13721413721413722,0.7876421169230813,0.8836091831286705,0.6796583021890016,0.802028830752803,0.7946985446985446,0.8179347826086957,0.802215154117328,HYPE GAP
P430818,SEA Mermaid Skin Hyaluronic H2O Serum,tarte,20912,4.1093,302.0,15.0,Skincare,Treatments,Face Serums,0,0,0,1,302.0,4.1092715231788075,0.7748344370860927,0.7483443708609272,0.15894039735099338,0.7315123557563751,0.611852642819007,0.5456486919380673,0.5853710624666311,0.7773178807947019,0.7748344370860927,0.7722268211920529,HYPE GAP
P409630,SEA Pack Your Bags Undereye Patches,tarte,56808,4.1779,298.0,22.0,Skincare,Eye Care,Eye Masks,0,0,0,1,298.0,4.177852348993288,0.8461538461538461,0.7751677852348994,0.12751677852348994,0.8113060065490358,0.8521089161772557,0.5371062466631074,0.7261078483715964,0.794463087248322,0.8461538461538461,0.8070760196179659,HYPE GAP
P420230,Pout Prep Lip Exfoliant,tarte,23307,4.1024,205.0,16.0,Skincare,Lip Balms & Treatments,,0,0,0,0,205.0,4.102439024390244,0.7589743589743589,0.7365853658536585,0.14146341463414633,0.6616951197565321,0.6428190069407368,0.4394020288307528,0.5614522156967432,0.775609756097561,0.7589743589743589,0.764765478424015,HYPE GAP
P442989,Youth or Dare Multi-Acid & C-Serum,tarte,11296,3.1014,138.0,42.0,Skincare,Treatments,Face Serums,0,0,0,0,138.0,3.101449275362319,0.5289855072463768,0.5072463768115942,0.41304347826086957,0.8107819927353708,0.41377469300587294,0.32995194874532835,0.3802455953016551,0.5253623188405797,0.5289855072463768,0.523731884057971,LOW TRACTION
P447200,Baba Bomb Moisturizer,tarte,10945,4.4104,134.0,39.0,Skincare,Moisturizers,Moisturizers,0,0,0,0,135.0,4.4148148148148145,0.837037037037037,0.8148148148148148,0.08888888888888889,0.8645633460264507,0.40469834490122797,0.3216764548852109,0.37148958889482114,0.8537037037037036,0.837037037037037,0.8428703703703704,HIDDEN GEM
P440306,SEA Mini Drink of H2O Hydrating Boost Moisturizer,tarte,12223,3.5814,86.0,14.0,Skincare,Mini Size,,0,0,0,1,86.0,3.5813953488372094,0.6511627906976745,0.6162790697674418,0.32558139534883723,0.8236015060944344,0.44313934863854776,0.22610784837159636,0.3563267485317672,0.6453488372093024,0.6511627906976745,0.6427325581395349,LOW TRACTION
P454376,knockout daily exfoliating cleanser,tarte,5032,3.8983,59.0,12.0,Skincare,Cleansers,Face Wash & Cleansers,0,0,0,1,59.0,3.8983050847457625,0.7457627118644068,0.711864406779661,0.2033898305084746,0.8108434565365314,0.17565403096636412,0.1428190069407368,0.1625200213561132,0.7245762711864406,0.7457627118644068,0.7290254237288135,LOW TRACTION
P449835,Mini Maracuja Oil,tarte,9396,3.898,49.0,16.0,Skincare,Mini Size,,0,0,0,0,50.0,3.84,0.72,0.72,0.26,0.9439153552055359,0.3523758675920982,0.11478910838227442,0.2573411639081687,0.71,0.72,0.7145,LOW TRACTION
P449836,Mini SEA Deep Dive Cleansing Gel,tarte,7205,4.2889,45.0,12.0,Skincare,Mini Size,,1,0,0,1,45.0,4.288888888888889,0.8444444444444444,0.8222222222222222,0.1111111111111111,0.8356915980577468,0.27122263747997866,0.09369994660971703,0.200213561131874,0.8222222222222222,0.8444444444444444,0.8288888888888888,LOW TRACTION
P447409,Mini Baba Bomb Moisturizer,tarte,5514,4.1111,36.0,14.0,Skincare,Mini Size,,0,0,0,0,36.0,4.111111111111111,0.75,0.6944444444444444,0.08333333333333333,0.8023437494412065,0.20234917245061398,0.05445808862786973,0.1431927389215163,0.7777777777777777,0.75,0.7569444444444443,LOW TRACTION
P379707,Resurfacing BHA Glow Mask,Tata Harper,55191,4.3471,847.0,68.0,Skincare,Masks,Face Masks,0,0,0,0,848.0,4.347877358490566,0.8558558558558559,0.8278301886792453,0.09433962264150944,0.631155781216981,0.8446342765616658,0.8061932728243459,0.8292578750667379,0.8369693396226414,0.8558558558558559,0.8412644218510964,HERO PRODUCT
P379710,Regenerating Exfoliating Cleanser,Tata Harper,40150,4.4649,699.0,88.0,Skincare,Cleansers,Face Wash & Cleansers,0,0,0,0,700.0,4.465714285714285,0.9063745019920318,0.8585714285714285,0.07142857142857142,0.7324584156930821,0.7762947143619862,0.7752269087026161,0.7758675920982381,0.8664285714285713,0.9063745019920318,0.8772337791690381,HERO PRODUCT
P458917,Water-Lock Moisturizer with Skin-Smoothing Peptides,Tata Harper,13855,4.4461,343.0,68.0,Skincare,Moisturizers,Moisturizers,0,0,0,0,344.0,4.438953488372093,0.8604651162790697,0.8430232558139535,0.0872093023255814,0.697526329992021,0.4831820608649226,0.5787506673785371,0.5214095034703684,0.8597383720930232,0.8604651162790697,0.8574491279069768,HERO PRODUCT
P432048,Resurfacing AHA + BHA Serum,Tata Harper,18261,4.2562,320.0,92.0,Skincare,Treatments,Face Serums,0,0,0,0,320.0,4.25625,0.796875,0.784375,0.11875,0.7071885410696268,0.5755472504004271,0.5624666310731447,0.5703150026695141,0.8140624999999999,0.796875,0.804453125,HYPE GAP
P429954,Clarifying Blemish & Oil Control Cleanser,Tata Harper,19570,3.9476,267.0,88.0,Skincare,Cleansers,Face Wash & Cleansers,0,0,0,0,267.0,3.947565543071161,0.7378277153558053,0.7191011235955056,0.20224719101123595,0.7940926677707968,0.5920982381206621,0.5077415910304325,0.5583555792845702,0.7368913857677902,0.7378277153558053,0.734503745318352,HYPE GAP
P462747,Mini Clarifying Blemish & Oil Control Cleanser,Tata Harper,4047,3.9476,267.0,46.0,Skincare,Mini Size,,0,0,1,0,267.0,3.947565543071161,0.7378277153558053,0.7191011235955056,0.20224719101123595,0.7940926677707968,0.13614522156967432,0.5077415910304325,0.2847837693539776,0.7368913857677902,0.7378277153558053,0.734503745318352,LOW TRACTION
P420143,Clarifying AHA + BHA Mask,Tata Harper,16958,3.916,250.0,75.0,Skincare,Masks,Face Masks,0,0,0,0,250.0,3.916,0.7142857142857143,0.692,0.188,0.7294214390218258,0.5472504004271223,0.48958889482114254,0.5241857981847304,0.729,0.7142857142857143,0.7190357142857143,HYPE GAP
P379711,Rejuvenating Anti-Aging Serum,Tata Harper,7907,3.4232,241.0,146.0,Skincare,Treatments,Face Serums,0,0,0,0,241.0,3.4232365145228214,0.5379310344827586,0.5435684647302904,0.34854771784232363,0.7146274745464325,0.29898558462359853,0.4789108382274426,0.3709556860651362,0.6058091286307054,0.5379310344827586,0.5761096008012592,LOW TRACTION
P386739,Restorative Plumping + Brightening Eye Cream,Tata Harper,12946,4.11,209.0,130.0,Skincare,Eye Care,Eye Creams & Treatments,0,0,0,0,210.0,4.095238095238095,0.788235294117647,0.7571428571428571,0.16666666666666666,0.7801954650370649,0.4628937533368927,0.44794447410571275,0.45691404164442073,0.7738095238095237,0.788235294117647,0.7756372549019607,LOW TRACTION
P392144,Purifying Pore Detox Cleanser,Tata Harper,14771,4.2059,170.0,88.0,Skincare,Cleansers,Face Wash & Cleansers,0,0,0,0,170.0,4.205882352941177,0.7777777777777778,0.7764705882352941,0.12352941176470589,0.810365490800093,0.5008008542445275,0.3838761345435131,0.45403096636412177,0.8014705882352942,0.7777777777777778,0.7906127450980392,LOW TRACTION
P462748,Mini Purifying Pore Detox Cleanser,Tata Harper,3104,4.2059,170.0,46.0,Skincare,Mini Size,,0,0,1,0,170.0,4.205882352941177,0.7777777777777778,0.7764705882352941,0.12352941176470589,0.810365490800093,0.100640683395622,0.3838761345435131,0.21393486385477845,0.8014705882352942,0.7777777777777778,0.7906127450980392,LOW TRACTION
P379709,Repairative Anti-Aging Moisturizer,Tata Harper,6030,3.4118,136.0,130.0,Skincare,Moisturizers,Moisturizers,0,0,0,0,136.0,3.411764705882353,0.5294117647058824,0.5367647058823529,0.33088235294117646,0.673964666823546,0.2221035771489589,0.3232781633742659,0.26257341163908166,0.6029411764705882,0.5294117647058824,0.5709558823529411,LOW TRACTION
P408301,Purifying Pore & Blackhead Detox Mask,Tata Harper,18342,3.845,129.0,75.0,Skincare,Masks,Face Masks,0,0,0,0,129.0,3.8449612403100777,0.6071428571428571,0.7054263565891473,0.20155038759689922,0.798082838825723,0.5787506673785371,0.31153230112119595,0.4718633208756006,0.7112403100775194,0.6071428571428571,0.679138981173865,LOW TRACTION
P392143,Tata's Daily Essentials Kit,Tata Harper,22558,3.65,120.0,75.0,Skincare,Value & Gift Sets,,0,0,0,0,120.0,3.65,0.6538461538461539,0.5916666666666667,0.25833333333333336,0.7650184808116333,0.6337426588360918,0.297116924719701,0.4990923651895355,0.6625,0.6538461538461539,0.6492788461538461,HYPE GAP
P392142,Nourishing Makeup Removing Oil Cleanser,Tata Harper,9393,4.0211,95.0,88.0,Skincare,Cleansers,Face Wash & Cleansers,0,0,0,0,95.0,4.021052631578947,0.72,0.7473684210526316,0.16842105263157894,0.8462354509343564,0.35157501334757074,0.24853176721836626,0.3103577148958889,0.7552631578947369,0.72,0.7435,LOW TRACTION
P379705,Hydrating Hyaluronic Acid Floral Essence,Tata Harper,13637,3.883,94.0,76.0,Skincare,Moisturizers,Mists & Essences,0,0,0,0,94.0,3.882978723404255,0.7291666666666666,0.6595744680851063,0.20212765957446807,0.7795435430773769,0.4773091297383876,0.24639615589962627,0.3849439402028831,0.7207446808510638,0.7291666666666666,0.714095744680851,LOW TRACTION
P412407,Clarifying Moisturizer,Tata Harper,6554,3.8519,81.0,130.0,Skincare,Moisturizers,Moisturizers,0,0,0,0,81.0,3.8518518518518516,0.6851851851851852,0.7160493827160493,0.24691358024691357,0.6436993328557499,0.2445274959957288,0.21169247197010144,0.23139348638547785,0.7129629629629629,0.6851851851851852,0.7050925925925926,LOW TRACTION
P379704,Retinoic Nutrient Face Oil With Vitamin A,Tata Harper,11417,4.2,75.0,165.0,Skincare,Moisturizers,Face Oils,0,0,0,0,75.0,4.2,0.8409090909090909,0.7733333333333333,0.12,0.7517339382320642,0.41697810998398294,0.19220501868659903,0.3270688734650294,0.8,0.8409090909090909,0.8082727272727274,LOW TRACTION
P472341,Superkind Fragrance-Free Fortifying Moisturizer,Tata Harper,2480,4.58,50.0,130.0,Skincare,Moisturizers,Moisturizers,0,0,1,0,50.0,4.58,0.88,0.88,0.1,0.7779503037100253,0.07581420181526963,0.11478910838227442,0.09140416444207154,0.895,0.88,0.8882500000000001,HIDDEN GEM
P472343,Superkind Fragrance-Free Softening Cleanser,Tata Harper,4114,4.5417,48.0,88.0,Skincare,Cleansers,Face Wash & Cleansers,0,0,1,0,48.0,4.541666666666667,0.875,0.875,0.08333333333333333,0.61789670586586,0.13934863854778431,0.10838227442605446,0.12696209289909238,0.8854166666666667,0.875,0.8807291666666667,HIDDEN GEM
P476736,Superkind Fragrance-Free Bio-Barrier Serum,Tata Harper,2010,4.7273,44.0,146.0,Skincare,Treatments,Face Serums,0,0,1,0,44.0,4.7272727272727275,0.9772727272727273,0.9545454545454546,0.022727272727272728,0.5039891584923393,0.060864922584089695,0.09049652963160705,0.07271756540309664,0.9318181818181819,0.9772727272727273,0.9488636363636364,HIDDEN GEM
P442748,Hydrating Floral Mask,Tata Harper,4076,4.375,32.0,95.0,Skincare,Masks,Face Masks,0,0,0,0,32.0,4.375,0.84375,0.84375,0.125,0.8585187037785847,0.13774693005872932,0.037907100907634814,0.09781099839829152,0.84375,0.84375,0.8437500000000001,HIDDEN GEM
P418218,The Water Cream Oil-Free Pore Minimizing Moisturizer,Tatcha,373877,4.0245,4168.0,70.0,Skincare,Moisturizers,Moisturizers,0,0,0,1,4170.0,4.023501199040767,0.7344836466649498,0.7163069544364509,0.1788968824940048,0.7646162718973772,0.994127068873465,0.9853176721836626,0.990603310197544,0.7558752997601919,0.7344836466649498,0.7435225520330582,HYPE GAP
P454794,Mini The Water Cream,Tatcha,23723,4.0245,4168.0,22.0,Skincare,Mini Size,,0,0,1,1,4170.0,4.023501199040767,0.7344836466649498,0.7163069544364509,0.1788968824940048,0.7646162718973772,0.6481580352375867,0.9853176721836626,0.7830218900160171,0.7558752997601919,0.7344836466649498,0.7435225520330582,HYPE GAP
P441101,The Dewy Skin Cream Plumping & Hydrating Moisturizer,Tatcha,388775,4.1023,3148.0,70.0,Skincare,Moisturizers,Moisturizers,0,0,0,1,3162.0,4.104364326375712,0.7590132827324478,0.7384566729917773,0.17488931056293486,0.8007305324663923,0.99466097170315,0.9754404698344902,0.9869727709556861,0.7760910815939279,0.7590132827324478,0.7653225806451612,HYPE GAP
P415771,The Essence Skincare Boosting Treatment,Tatcha,113656,4.4442,2483.0,110.0,Skincare,Moisturizers,Mists & Essences,0,0,0,0,2483.0,4.444220700765204,0.8878661087866109,0.8735400724929521,0.05839710028191704,0.7572712131985867,0.9439402028830752,0.9596903363587826,0.9502402562733582,0.8610551751913009,0.8878661087866109,0.8709711898651415,HERO PRODUCT
P473160,Mini The Essence  Skincare Boosting Treatment,Tatcha,13964,4.4442,2483.0,65.0,Skincare,Moisturizers,Mists & Essences,0,0,0,1,2483.0,4.444220700765204,0.8878661087866109,0.8735400724929521,0.05839710028191704,0.7572712131985867,0.48531767218366256,0.9596903363587826,0.6750667378537106,0.8610551751913009,0.8878661087866109,0.8709711898651415,HERO PRODUCT
P461537,The Rice Wash Skin-Softening Cleanser,Tatcha,190401,4.5018,2449.0,40.0,Skincare,Cleansers,Face Wash & Cleansers,0,0,0,1,2453.0,4.502242152466367,0.896453322462291,0.8821850794944965,0.06359559722788423,0.7254642800096958,0.9749065670048052,0.9575547250400427,0.9679658302189003,0.8755605381165918,0.896453322462291,0.8828220546269874,HERO PRODUCT
P504595,Mini Rice Wash Skin-Softening Cleanser,Tatcha,5450,4.5018,2449.0,18.0,Skincare,Mini Size,,0,1,1,1,2453.0,4.502242152466367,0.896453322462291,0.8821850794944965,0.06359559722788423,0.7254642800096958,0.19594233849439402,0.9575547250400427,0.5005872931126535,0.8755605381165918,0.896453322462291,0.8828220546269874,HERO PRODUCT
P427536,The Deep Cleanse Gentle Exfoliating Cleanser,Tatcha,245976,4.1478,2361.0,40.0,Skincare,Cleansers,Face Wash & Cleansers,0,0,0,1,2364.0,4.145939086294416,0.7914551607445008,0.7639593908629442,0.1319796954314721,0.7649195949408285,0.9834490122797651,0.9516817939135077,0.9707421249332622,0.7864847715736041,0.7914551607445008,0.7845970812182741,HYPE GAP
P504615,Mini Deep Cleanse Gentle Exfoliating Cleanser,Tatcha,5097,4.1478,2361.0,18.0,Skincare,Mini Size,,0,1,1,1,2364.0,4.145939086294416,0.7914551607445008,0.7639593908629442,0.1319796954314721,0.7649195949408285,0.1799252536038441,0.9516817939135077,0.48862786972770955,0.7864847715736041,0.7914551607445008,0.7845970812182741,HYPE GAP
P399623,Luminous Dewy Skin Mist,Tatcha,209577,3.951,2041.0,49.0,Skincare,Moisturizers,Mists & Essences,0,0,0,1,2042.0,3.951518119490695,0.7222591362126246,0.7007835455435847,0.1890303623898139,0.7537048202352363,0.9786438868126001,0.9407367859049653,0.9634810464495461,0.7378795298726738,0.7222591362126246,0.7276290141252958,HYPE GAP
P392235,The Camellia Oil 2-in-1 Makeup Remover & Cleanser,Tatcha,142010,4.4815,1836.0,50.0,Skincare,Cleansers,Face Wash & Cleansers,0,0,0,0,1837.0,4.481763745236799,0.8755401901469317,0.8606423516603158,0.07784431137724551,0.8181856748671218,0.9599572877736252,0.9316604378003204,0.9486385477843032,0.8704409363091998,0.8755401901469317,0.8705009247631867,HERO PRODUCT
P460512,Mini Liquid Silk Canvas: Featherweight Protective Primer,Tatcha,65016,4.3976,1831.0,24.0,Skincare,Mini Size,,0,0,0,1,1835.0,4.395095367847412,0.8670299727520436,0.8534059945504087,0.09591280653950954,0.8023889635505411,0.8734650293646556,0.9311265349706354,0.8965296316070476,0.8487738419618529,0.8670299727520436,0.8549455040871935,HERO PRODUCT
P426340,The Rice Polish Foaming Enzyme Powder,Tatcha,184011,4.4278,1725.0,68.0,Skincare,Cleansers,Exfoliators,0,0,0,0,1726.0,4.428157589803012,0.8600583090379009,0.8424101969872537,0.09385863267670916,0.7839115421136831,0.9722370528563802,0.9257875066737854,0.9536572343833423,0.8570393974507531,0.8600583090379009,0.8557506908573724,HERO PRODUCT
P439058,Violet-C Brightening Serum 20% Vitamin C + 10% AHA,Tatcha,129875,4.2124,1610.0,89.0,Skincare,Treatments,Face Serums,0,0,0,1,1610.0,4.212422360248447,0.8074534161490683,0.7888198757763976,0.13167701863354037,0.6940490485759269,0.9540843566470902,0.9151094500800854,0.9384943940202883,0.8031055900621118,0.8074534161490683,0.8022670807453416,HYPE GAP
P447780,The Silk Peony Melting Eye Cream,Tatcha,91742,4.1593,1557.0,62.0,Skincare,Eye Care,Eye Creams & Treatments,0,0,0,1,1558.0,4.157894736842105,0.8042362002567394,0.7753530166880617,0.11489088575096278,0.5920417299815293,0.9199145755472504,0.9108382274426055,0.9162840363053925,0.7894736842105263,0.8042362002567394,0.7917843388960205,HYPE GAP
P466155,The Dewy Serum Resurfacing and Plumping Treatment,Tatcha,77027,4.6355,1391.0,89.0,Skincare,Treatments,Face Serums,0,0,0,1,1391.0,4.635514018691588,0.9410496046010065,0.9309849029475198,0.03163191948238677,0.7548764354036923,0.9038974906567004,0.8969567538707955,0.9011211959423385,0.9088785046728971,0.9410496046010065,0.9218457943925233,HERO PRODUCT
P454018,The Serum Stick: Treatment & Touch Up Balm,Tatcha,47060,4.3761,1348.0,49.0,Skincare,Treatments,Face Serums,0,0,0,1,1348.0,4.376112759643917,0.884272997032641,0.8672106824925816,0.04821958456973294,0.7800316766960852,0.8158035237586759,0.8905499199145755,0.8457020822210357,0.8440281899109792,0.884272997032641,0.859579005934718,HERO PRODUCT
P453225,The Kissu Lip Mask,Tatcha,202204,3.7724,1226.0,29.0,Skincare,Lip Balms & Treatments,,0,0,0,1,1232.0,3.7662337662337664,0.6550324675324676,0.6347402597402597,0.25811688311688313,0.8184576540062587,0.9775760811532301,0.8785371062466631,0.9379604911906033,0.6915584415584416,0.6550324675324676,0.6720779220779222,HYPE GAP
P474377,Indigo Overnight Repair Serum in Cream Treatment,Tatcha,104455,4.5474,1098.0,92.0,Skincare,Moisturizers,Moisturizers,0,0,0,1,1099.0,4.547770700636943,0.8989990900818926,0.8898999090081893,0.05823475887170155,0.6921791038987191,0.9343299519487454,0.8614522156967432,0.9051788574479445,0.8869426751592357,0.8989990900818926,0.8910031847133759,HERO PRODUCT
P503191,Mini Indigo Overnight Repair Serum in Cream Treatment,Tatcha,17810,4.5474,1098.0,22.0,Skincare,Moisturizers,Moisturizers,0,0,0,1,1099.0,4.547770700636943,0.8989990900818926,0.8898999090081893,0.05823475887170155,0.6921791038987191,0.5664709022957821,0.8614522156967432,0.6844634276561665,0.8869426751592357,0.8989990900818926,0.8910031847133759,HERO PRODUCT
P440934,The Silk Canvas Protective Primer Mini,Tatcha,98580,3.6444,807.0,24.0,Skincare,Mini Size,,0,0,0,0,807.0,3.644361833952912,0.6356877323420075,0.5997521685254027,0.265179677819083,0.7933356116907179,0.9300587293112653,0.795515216230646,0.8762413240790177,0.661090458488228,0.6356877323420075,0.6442688971499381,HYPE GAP
P413326,Camellia Gold Spun Lip Balm,Tatcha,46733,4.2806,670.0,30.0,Skincare,Lip Balms & Treatments,,0,0,0,1,672.0,4.28125,0.8298887122416534,0.8095238095238095,0.09375,0.7264050653563486,0.813667912439936,0.7704217832354512,0.7963694607581421,0.8203125,0.8298887122416534,0.8215670601010675,HYPE GAP
P420699,Violet-C Radiance Mask,Tatcha,96300,4.0507,651.0,70.0,Skincare,Masks,Face Masks,0,0,0,0,651.0,4.050691244239632,0.7472118959107806,0.7296466973886329,0.17050691244239632,0.7391973254009244,0.9279231179925254,0.7634810464495462,0.8621462893753337,0.7626728110599079,0.7472118959107806,0.7530806194644786,HYPE GAP
P481169,The Silk Sunscreen Mineral Broad Spectrum SPF 50 PA++++ with Hyaluronic Acid and Niacinamide,Tatcha,37047,3.3975,483.0,62.0,Skincare,Sunscreen,Face Sunscreen,0,0,0,1,485.0,3.3958762886597937,0.5628865979381443,0.4927835051546392,0.3030927835051546,0.8767336472590394,0.7549386011745862,0.683128670581954,0.7262146289375333,0.5989690721649484,0.5628865979381443,0.5722164948453609,HYPE GAP
P417867,The Silk Cream,Tatcha,44847,4.1885,260.0,125.0,Skincare,Moisturizers,Moisturizers,0,0,0,0,260.0,4.188461538461539,0.7666666666666667,0.7846153846153846,0.1423076923076923,0.7514283287261302,0.8061932728243459,0.50106780565937,0.6841430859583556,0.7971153846153847,0.7666666666666667,0.7861057692307692,HYPE GAP
P479352,The Texture Tonic AHA Liquid Exfoliating Treatment,Tatcha,30103,4.6484,219.0,62.0,Skincare,Treatments,Facial Peels,0,0,0,1,219.0,4.648401826484018,0.9360730593607306,0.9360730593607306,0.045662100456621,0.5192903580191808,0.7122263747997865,0.45408435664709024,0.608969567538708,0.9121004566210045,0.9360730593607306,0.9228881278538813,HERO PRODUCT
P482552,The Clarifying Clay Mask Exfoliating Pore Treatment,Tatcha,46732,4.6316,209.0,70.0,Skincare,Masks,Face Masks,0,0,0,1,209.0,4.631578947368421,0.9282296650717703,0.9282296650717703,0.06698564593301436,0.7213953866992356,0.813134009610251,0.44607581420181525,0.6663107314468767,0.9078947368421053,0.9282296650717703,0.9170454545454547,HERO PRODUCT
P403315,Gold Camellia Beauty Oil,Tatcha,47809,4.4751,181.0,98.0,Skincare,Moisturizers,Face Oils,0,0,0,0,181.0,4.475138121546961,0.8283582089552238,0.8397790055248618,0.11049723756906077,0.7524369200004027,0.8206086492258409,0.4022957821676455,0.6532835024025627,0.8687845303867403,0.8283582089552238,0.8523058052280037,HERO PRODUCT
P504506,The Silk Serum Wrinkle-Smoothing Retinol Alternative,Tatcha,2589,4.8387,124.0,98.0,Skincare,Treatments,Face Serums,0,1,0,1,144.0,4.798611111111111,0.9652777777777778,0.9722222222222222,0.020833333333333332,0.12217647352613005,0.0795515216230646,0.3398291510945008,0.1836625734116391,0.9496527777777777,0.9652777777777778,0.9577256944444443,HIDDEN GEM
P399622,Luminous Deep Hydration Lifting Mask,Tatcha,27298,4.4074,81.0,95.0,Skincare,Masks,Sheet Masks,0,0,0,0,82.0,4.414634146341464,0.8490566037735849,0.8536585365853658,0.10975609756097561,0.7851059752660738,0.6855312333155366,0.21569674319273893,0.49759743726641753,0.853658536585366,0.8490566037735849,0.8522779567418316,HERO PRODUCT
P460746,Aburatorigami Japanese Blotting Papers,Tatcha,16714,4.4074,54.0,14.0,Skincare,Cleansers,Blotting Papers,0,0,0,1,54.0,4.407407407407407,0.9074074074074074,0.8518518518518519,0.07407407407407407,0.8677557743382904,0.5440469834490123,0.12813667912439936,0.3776828617191671,0.8518518518518519,0.9074074074074074,0.8685185185185185,HIDDEN GEM
P504218,Dewy Cleanse + Hydrate Duo,Tatcha,23678,4.5405,37.0,27.0,Skincare,Value & Gift Sets,,0,1,0,1,42.0,4.5476190476190474,0.9047619047619048,0.8809523809523809,0.047619047619047616,0.8013004693202674,0.6476241324079017,0.08515750133475708,0.42263747997864387,0.8869047619047619,0.9047619047619048,0.8913690476190477,HIDDEN GEM
P455364,Oat Cleansing Balm,The INKEY List,127819,3.6098,2968.0,11.99,Skincare,Cleansers,Face Wash & Cleansers,0,0,0,1,3000.0,3.604,0.6406666666666667,0.5976666666666667,0.262,0.7219170879880844,0.9530165509877202,0.9730379071009077,0.9610250934329951,0.651,0.6406666666666667,0.6399,HYPE GAP
P478030,Mini Oat Cleansing Balm,The INKEY List,40474,3.6098,2968.0,5.99,Skincare,Cleansers,Face Wash & Cleansers,0,0,0,1,3000.0,3.604,0.6406666666666667,0.5976666666666667,0.262,0.7219170879880844,0.7800320341697811,0.9730379071009077,0.8572343833422317,0.651,0.6406666666666667,0.6399,HYPE GAP
P443845,Hyaluronic Acid Hydrating Serum,The INKEY List,169217,4.4073,1964.0,9.99,Skincare,Treatments,Face Serums,0,0,0,1,1970.0,4.407106598984772,0.8807106598984772,0.8553299492385786,0.0715736040609137,0.7944292847769453,0.9674319273892151,0.9380672717565403,0.9556860651361452,0.8517766497461929,0.8807106598984772,0.8609898477157361,HERO PRODUCT
P443840,Caffeine Eye Cream,The INKEY List,174319,3.898,1598.0,10.99,Skincare,Eye Care,Eye Creams & Treatments,0,0,0,1,1600.0,3.896875,0.753125,0.70875,0.16875,0.7844584339608749,0.9684997330485852,0.9124399359316604,0.9460758142018152,0.72421875,0.753125,0.7305703125,HYPE GAP
P443833,Salicylic Acid Acne + Pore Cleanser,The INKEY List,150051,4.3775,1547.0,11.99,Skincare,Cleansers,Face Wash & Cleansers,0,0,0,1,1552.0,4.37951030927835,0.8853092783505154,0.8576030927835051,0.0818298969072165,0.8082639755296199,0.9631607047517352,0.9103043246129204,0.9420181526962094,0.8448775773195876,0.8853092783505154,0.8589159149484535,HERO PRODUCT
P443842,Retinol Anti-Aging Serum,The INKEY List,200087,4.3826,1137.0,12.99,Skincare,Treatments,Face Serums,0,0,0,1,1139.0,4.381035996488148,0.8735733099209834,0.858647936786655,0.08867427568042142,0.7510941245118362,0.9765082754938601,0.8665242925787506,0.9325146823278163,0.845258999122037,0.8735733099209834,0.8557616330114136,HERO PRODUCT
P448802,Brighten-i Eye Cream,The INKEY List,87730,3.7617,1137.0,12.99,Skincare,Eye Care,Eye Creams & Treatments,0,0,0,1,1142.0,3.7574430823117337,0.7145359019264448,0.6742556917688266,0.2075306479859895,0.7808388308362132,0.9161772557394554,0.8673251468232782,0.8966364121729846,0.6893607705779334,0.7145359019264448,0.6946475481611208,HYPE GAP
P446942,Niacinamide Oil Control Serum,The INKEY List,80563,4.199,985.0,9.99,Skincare,Treatments,Face Serums,0,0,0,1,985.0,4.198984771573604,0.848730964467005,0.8020304568527918,0.09543147208121827,0.8125056029015094,0.9092365189535504,0.8355579284570208,0.8797650827549386,0.7997461928934011,0.848730964467005,0.8147842639593907,HYPE GAP
P443830,Polyglutamic Acid Hydrating Serum,The INKEY List,48143,4.3937,960.0,14.99,Skincare,Treatments,Face Serums,0,0,0,1,962.0,4.393970893970894,0.9002079002079002,0.8659043659043659,0.04781704781704782,0.8440838255930629,0.8227442605445809,0.8296849973304858,0.8255205552589429,0.8484927234927235,0.9002079002079002,0.8666190228690229,HERO PRODUCT
P467655,Succinic Acid Acne Treatment,The INKEY List,67403,3.8503,915.0,9.99,Skincare,Treatments,Blemish & Acne Treatments,0,0,0,0,920.0,3.847826086956522,0.717391304347826,0.6934782608695652,0.22282608695652173,0.788848271476719,0.8793379604911906,0.819540843566471,0.8554191137213027,0.7119565217391305,0.717391304347826,0.7108152173913044,HYPE GAP
P455369,Peptide Moisturizer,The INKEY List,69215,3.7913,781.0,15.99,Skincare,Moisturizers,Moisturizers,0,0,0,1,788.0,3.7918781725888326,0.7030456852791879,0.6357868020304569,0.1916243654822335,0.8184847435326252,0.8830752802989856,0.792845702082221,0.8469834490122797,0.6979695431472082,0.7030456852791879,0.6901649746192895,HYPE GAP
P455368,15% Vitamin C and EGF Brightening Serum,The INKEY List,87389,3.9446,668.0,15.99,Skincare,Treatments,Face Serums,0,0,0,1,671.0,3.941877794336811,0.7436661698956781,0.6959761549925484,0.16542473919523099,0.7397608042527468,0.9156433529097704,0.7698878804057662,0.8573411639081687,0.7354694485842027,0.7436661698956781,0.7320044709388972,HYPE GAP
P455366,Retinol Eye Cream,The INKEY List,76545,3.9532,662.0,12.99,Skincare,Eye Care,Eye Creams & Treatments,0,0,0,1,662.0,3.9531722054380665,0.7749244712990937,0.7371601208459214,0.14954682779456194,0.7823814532224168,0.9028296849973305,0.7682861719167111,0.8490122797650828,0.7382930513595166,0.7749244712990937,0.7491125377643504,HYPE GAP
P443843,Q10 Antioxidant Serum,The INKEY List,43585,4.3088,612.0,9.99,Skincare,Treatments,Face Serums,0,0,0,1,613.0,4.306688417618271,0.8809135399673735,0.8433931484502447,0.06688417618270799,0.830404502130294,0.800854244527496,0.7469300587293113,0.7792845702082221,0.8266721044045677,0.8809135399673735,0.8454526916802612,HERO PRODUCT
P443846,Collagen Booster Firming Peptide Serum,The INKEY List,66477,4.3103,580.0,12.99,Skincare,Treatments,Face Serums,0,0,0,1,580.0,4.310344827586207,0.8706896551724138,0.8275862068965517,0.07241379310344828,0.7555086435905867,0.8772023491724507,0.7335824879871863,0.8197544046983449,0.8275862068965518,0.8706896551724138,0.8405172413793105,HERO PRODUCT
P479354,Omega Water Cream Moisturizer,The INKEY List,42831,4.073,562.0,10.99,Skincare,Moisturizers,Moisturizers,0,0,0,1,600.0,4.081666666666667,0.7783333333333333,0.7516666666666667,0.13,0.7984309746451934,0.795515216230646,0.7397223705285638,0.7731980779498131,0.7704166666666667,0.7783333333333333,0.7699791666666668,HYPE GAP
P443841,Vitamin C Brightening Cream,The INKEY List,31769,3.0271,517.0,10.99,Skincare,Treatments,Face Serums,0,0,0,1,518.0,3.030888030888031,0.5077220077220077,0.4343629343629344,0.3861003861003861,0.776547191273651,0.7234383342231714,0.705552589428724,0.7162840363053924,0.5077220077220077,0.5077220077220077,0.49671814671814674,HYPE GAP
P450614,Tranexamic Acid Hyperpigmentation Treatment,The INKEY List,61536,3.9335,511.0,15.99,Skincare,Treatments,Face Serums,0,0,0,1,511.0,3.9334637964774952,0.7827788649706457,0.7279843444227005,0.1487279843444227,0.7637806689460034,0.8638547784303257,0.701815269620929,0.799038974906567,0.7333659491193738,0.7827788649706457,0.7473825831702544,HYPE GAP
P450262,Polyhydroxy Acid (PHA) Gentle Exfoliating Toner,The INKEY List,43383,4.2619,443.0,12.99,Skincare,Cleansers,Toners,0,0,0,0,443.0,4.261851015801354,0.8577878103837472,0.8171557562076749,0.08577878103837472,0.7965399657893512,0.798718633208756,0.6537640149492793,0.7407367859049654,0.8154627539503385,0.8577878103837472,0.8284142212189616,HYPE GAP
P442871,Beta Hydroxy Acid (BHA) Blemish + Blackhead Serum,The INKEY List,72805,4.0835,431.0,12.99,Skincare,Treatments,Face Serums,0,0,0,1,432.0,4.085648148148148,0.7986111111111112,0.7662037037037037,0.1527777777777778,0.7723591273352706,0.8921516284036305,0.6441537640149493,0.792952482648158,0.771412037037037,0.7986111111111112,0.7787905092592593,HYPE GAP
P447778,Bakuchiol Retinol Alternative Moisturizer,The INKEY List,28723,4.0376,346.0,12.99,Skincare,Treatments,Face Serums,0,0,0,1,346.0,4.03757225433526,0.8294797687861272,0.7514450867052023,0.11271676300578035,0.7985135163754633,0.7004805125467165,0.5803523758675921,0.6524292578750668,0.7593930635838151,0.8294797687861272,0.7792268786127168,HYPE GAP
P469088,Fulvic Acid Brightening Cleanser,The INKEY List,38263,4.4203,345.0,11.99,Skincare,Cleansers,Face Wash & Cleansers,0,0,0,1,347.0,4.417867435158501,0.8876080691642652,0.8645533141210374,0.07204610951008646,0.8331029229628958,0.7650827549386012,0.5811532301121196,0.6915109450080086,0.8544668587896254,0.8876080691642652,0.8659221902017291,HERO PRODUCT
P478029,Mini Fulvic Acid Brightening Cleanser,The INKEY List,18399,4.4203,345.0,5.99,Skincare,Cleansers,Face Wash & Cleansers,0,0,0,1,347.0,4.417867435158501,0.8876080691642652,0.8645533141210374,0.07204610951008646,0.8331029229628958,0.5798184730379071,0.5811532301121196,0.5803523758675921,0.8544668587896254,0.8876080691642652,0.8659221902017291,HERO PRODUCT
P450244,Ceramide Hydrating Night Treatment,The INKEY List,36241,4.2899,307.0,15.99,Skincare,Treatments,Face Serums,0,0,0,1,308.0,4.292207792207792,0.8733766233766234,0.8311688311688312,0.07792207792207792,0.7747306406164347,0.7522690870261612,0.5515216230646023,0.6719701014415377,0.823051948051948,0.8733766233766234,0.8393668831168831,HERO PRODUCT
P455365,"Vitamin B, C, and E Moisturizer",The INKEY List,53343,4.1429,294.0,7.99,Skincare,Moisturizers,Moisturizers,0,0,0,1,296.0,4.135135135135135,0.793918918918919,0.7567567567567568,0.11148648648648649,0.8173648340757503,0.8371596369460759,0.5347036839295248,0.7161772557394555,0.7837837837837838,0.793918918918919,0.7827702702702704,HYPE GAP
P443838,Glycolic Acid Exfoliating Toner,The INKEY List,45406,4.3918,291.0,12.99,Skincare,Cleansers,Toners,0,0,0,1,291.0,4.391752577319588,0.8831615120274914,0.845360824742268,0.07903780068728522,0.8390019885131291,0.808328884143086,0.5301655098772023,0.6970635344367325,0.847938144329897,0.8831615120274914,0.858118556701031,HERO PRODUCT
P443837,Kaolin Mask,The INKEY List,30744,4.3084,227.0,7.49,Skincare,Masks,Face Masks,0,0,1,1,227.0,4.308370044052864,0.8502202643171806,0.8237885462555066,0.07488986784140969,0.7465748987704902,0.7143619861185264,0.46476241324079015,0.614522156967432,0.8270925110132159,0.8502202643171806,0.8335352422907489,HYPE GAP
P479353,Hyaluronic Acid Cleanser,The INKEY List,18857,4.1735,219.0,10.99,Skincare,Cleansers,Face Wash & Cleansers,0,0,0,1,220.0,4.159090909090909,0.8272727272727273,0.7727272727272727,0.07727272727272727,0.6836359389334418,0.584089695675387,0.45568606513614524,0.5327282434596903,0.7897727272727273,0.8272727272727273,0.7984659090909092,HYPE GAP
P479722,Mandelic Acid Treatment,The INKEY List,23101,4.4615,195.0,11.99,Skincare,Treatments,Facial Peels,0,0,0,0,197.0,4.456852791878172,0.9035532994923858,0.868020304568528,0.04568527918781726,0.7374561828607954,0.6401494927923118,0.42872397223705283,0.5555792845702082,0.8642131979695431,0.9035532994923858,0.8765862944162437,HERO PRODUCT
P443834,Rosehip Nourishing Night Oil,The INKEY List,34950,4.1029,175.0,11.99,Skincare,Moisturizers,Face Oils,0,0,0,1,175.0,4.102857142857143,0.8228571428571428,0.7771428571428571,0.12571428571428572,0.7546132689084464,0.7453283502402562,0.3942872397223705,0.604911906033102,0.7757142857142858,0.8228571428571428,0.7900714285714285,HYPE GAP
P443839,Squalane Oil,The INKEY List,23440,4.4422,147.0,12.99,Skincare,Moisturizers,Face Oils,0,0,1,1,148.0,4.4391891891891895,0.9459459459459459,0.8986486486486487,0.02027027027027027,0.8960526507482471,0.6454885210891618,0.34543513080619326,0.5254671649759743,0.8597972972972974,0.9459459459459459,0.8914695945945946,HERO PRODUCT
P448537,Alpha Arbutin Brightening Serum,The INKEY List,29698,4.2174,115.0,12.99,Skincare,Treatments,Face Serums,0,0,0,1,116.0,4.224137931034483,0.853448275862069,0.7931034482758621,0.11206896551724138,0.7662675156466012,0.7084890549919914,0.29017618793379607,0.5411639081687133,0.8060344827586208,0.853448275862069,0.8183189655172414,HYPE GAP
P502749,SuperSolutions 5% Benzoyl Peroxide Cleanser Acne Solution,The INKEY List,6148,3.7722,79.0,17.99,Skincare,Cleansers,Face Wash & Cleansers,0,0,0,1,79.0,3.7721518987341773,0.7468354430379747,0.6582278481012658,0.11392405063291139,0.5565972067415714,0.22690870261612386,0.20822210357714896,0.21943406300053392,0.6930379746835443,0.7468354430379747,0.7039556962025316,LOW TRACTION
P502691,SuperSolutions 1% Retinol Serum,The INKEY List,13720,4.1558,77.0,24.99,Skincare,Treatments,Face Serums,0,0,0,1,78.0,4.128205128205129,0.8205128205128205,0.7435897435897436,0.07692307692307693,0.7722924286862473,0.4799786438868126,0.20608649225840897,0.3704217832354511,0.7820512820512822,0.8205128205128205,0.7878205128205129,LOW TRACTION
P474972,Symbright Brightening Moisturizer,The INKEY List,6523,3.3467,75.0,13.99,Skincare,Moisturizers,Moisturizers,0,0,0,1,75.0,3.3466666666666667,0.5733333333333334,0.52,0.29333333333333333,0.7949463436646121,0.24345969033635878,0.19220501868659903,0.2229578216764549,0.5866666666666667,0.5733333333333334,0.5726666666666667,LOW TRACTION
P502741,SuperSolutions 10% Azelaic Serum Redness Relief Solution,The INKEY List,7690,3.863,73.0,17.99,Skincare,Treatments,Face Serums,0,0,0,1,74.0,3.8783783783783785,0.7027027027027027,0.6621621621621622,0.12162162162162163,0.7087245149271829,0.29097704217832354,0.18766684463427658,0.24965296316070473,0.7195945945945946,0.7027027027027027,0.7059121621621622,LOW TRACTION
P502710,SuperSolutions 20% Niacinamide Serum,The INKEY List,5072,3.8971,68.0,17.99,Skincare,Treatments,Face Serums,0,0,0,1,69.0,3.8550724637681157,0.7536231884057971,0.6811594202898551,0.11594202898550725,0.6994837753731629,0.17752269087026162,0.17538707955152164,0.17666844634276563,0.7137681159420289,0.7536231884057971,0.7208333333333333,LOW TRACTION
P502756,SuperSolutions 10% Urea Moisturizer Textured Skin Solution,The INKEY List,4253,4.1935,62.0,19.99,Skincare,Moisturizers,Moisturizers,0,0,0,1,62.0,4.193548387096774,0.8387096774193549,0.7741935483870968,0.03225806451612903,0.5624242410063743,0.14415376401494928,0.15082754938601176,0.14682327816337426,0.7983870967741935,0.8387096774193549,0.8068548387096773,LOW TRACTION
P469544,C-50 Blemish Night Treatment,The INKEY List,28910,4.1724,58.0,15.99,Skincare,Treatments,Face Serums,0,0,0,1,59.0,4.186440677966102,0.7966101694915254,0.7796610169491526,0.15254237288135594,0.7892047002127296,0.7010144153764015,0.1428190069407368,0.47773625200213565,0.7966101694915255,0.7966101694915254,0.7940677966101696,LOW TRACTION
P505711,Polyglutamic Acid Dewy Sunscreen SPF 30,The INKEY List,164,4.8654,52.0,14.99,Skincare,Sunscreen,Face Sunscreen,0,1,0,1,100.0,4.69,0.97,0.91,0.0,0.8,0.004805125467164976,0.2586759209823812,0.10635344367325147,0.9225000000000001,0.97,0.9348750000000001,HIDDEN GEM
P476459,Forest Lungs Anti-Stress Fragrance Travel Spray,The Nue Co.,4285,4.2042,191.0,30.0,Skincare,Wellness,Holistic Wellness,0,0,1,1,199.0,4.236180904522613,0.8040201005025126,0.7989949748743719,0.09547738693467336,0.8769770111416427,0.14548852108916177,0.4316604378003203,0.2599572877736252,0.8090452261306533,0.8040201005025126,0.8060301507537688,LOW TRACTION
P476447,Debloat+ Anti-Bloat Supplement with Digestive Enzymes,The Nue Co.,1867,4.2651,166.0,45.0,Skincare,Wellness,Beauty Supplements,0,0,1,0,172.0,4.290697674418604,0.8662790697674418,0.8197674418604651,0.046511627906976744,0.7895168098243507,0.05605979711692472,0.38841430859583553,0.18900160170848904,0.8226744186046511,0.8662790697674418,0.8353197674418605,LOW TRACTION
P476538,Prebiotic + Probiotic Vegan Gut Microbiome Supplement,The Nue Co.,1820,4.4356,163.0,55.0,Skincare,Wellness,Beauty Supplements,0,0,1,0,167.0,4.449101796407185,0.8982035928143712,0.874251497005988,0.03592814371257485,0.753851559232263,0.05445808862786973,0.3785371062466631,0.18408969567538708,0.8622754491017963,0.8982035928143712,0.8748502994011975,HIDDEN GEM
P476554,Skin Hydrator Ceramide and Hyaluronic Acid Supplement,The Nue Co.,1560,4.1883,154.0,45.0,Skincare,Wellness,Beauty Supplements,0,0,1,0,159.0,4.213836477987422,0.7924528301886793,0.7735849056603774,0.0880503144654088,0.6500768055838924,0.04431393486385478,0.3649225840896957,0.17255739455419117,0.8034591194968554,0.7924528301886793,0.7956761006289309,LOW TRACTION
P476553,Skin Filter Vitamin A and Zinc Blemish + Brightening Supplement,The Nue Co.,2584,4.1544,149.0,45.0,Skincare,Wellness,Beauty Supplements,0,0,1,0,158.0,4.189873417721519,0.8227848101265823,0.759493670886076,0.06329113924050633,0.6988351438795367,0.07901761879337961,0.36252002135611316,0.19241857981847305,0.7974683544303798,0.8227848101265823,0.799367088607595,LOW TRACTION
P480358,Mini Debloat+ Anti-Bloat Supplement with Digestive Enzymes,The Nue Co.,6299,4.6,25.0,18.0,Skincare,Wellness,Beauty Supplements,0,0,0,0,31.0,4.67741935483871,0.9032258064516129,0.9032258064516129,0.0967741935483871,0.8207638978958129,0.23651895355045383,0.03310197544046983,0.15515216230646023,0.9193548387096775,0.9032258064516129,0.9120967741935484,HIDDEN GEM
P427417,Niacinamide 10% + Zinc 1% Oil Control Serum,The Ordinary,763168,4.2439,5778.0,6.0,Skincare,Treatments,Face Serums,0,0,0,0,5795.0,4.241415012942191,0.8308886971527178,0.8058671268334772,0.14236410698878343,0.8065226622031748,0.999466097170315,0.994127068873465,0.997330485851575,0.8103537532355478,0.8308886971527178,0.8158412424503882,HYPE GAP
P427419,Hyaluronic Acid 2% + B5 Hydrating Serum,The Ordinary,720504,4.2133,3788.0,15.7,Skincare,Treatments,Face Serums,0,0,0,1,3800.0,4.211315789473685,0.8186842105263158,0.7928947368421052,0.1405263157894737,0.7831198520260098,0.99893219434063,0.9834490122797651,0.992738921516284,0.8028289473684211,0.8186842105263158,0.8060953947368421,HYPE GAP
P442563,AHA 30% + BHA 2% Exfoliating Peeling Solution,The Ordinary,533877,4.5734,3242.0,9.5,Skincare,Treatments,Facial Peels,0,0,0,0,3246.0,4.572088724584104,0.9162045594577942,0.8949476278496611,0.059457794208256316,0.8046721077917335,0.99786438868126,0.9765082754938601,0.9893219434063001,0.8930221811460259,0.9162045594577942,0.9002657116451017,HERO PRODUCT
P427406,Glycolic Acid 7% Exfoliating Toning Solution,The Ordinary,542743,4.3456,2891.0,13.0,Skincare,Cleansers,Toners,0,0,0,0,2897.0,4.344839489126683,0.8584742837418019,0.833620987228167,0.11045909561615465,0.7874497829529636,0.9983982915109451,0.9674319273892151,0.986011745862253,0.8362098722816707,0.8584742837418019,0.8425008629616845,HERO PRODUCT
P427416,Caffeine 5% + EGCG Depuffing Eye Serum,The Ordinary,281928,3.7715,2118.0,8.9,Skincare,Treatments,Face Serums,0,0,0,0,2126.0,3.770931326434619,0.702728127939793,0.6641580432737535,0.23189087488240828,0.7854295504522099,0.98825413774693,0.9450080085424453,0.9709556860651362,0.6927328316086547,0.702728127939793,0.6914452022577611,HYPE GAP
P427414,Natural Moisturizing Factors + HA,The Ordinary,258456,4.1472,2052.0,6.5,Skincare,Treatments,Face Serums,0,0,0,0,2059.0,4.1452161243322,0.7926177756192326,0.7576493443419136,0.13113161728994657,0.8151885675830003,0.98505072076882,0.9418045915643353,0.9677522690870262,0.78630403108305,0.7926177756192326,0.7838999514327344,HYPE GAP
P427415,100% Organic Cold-Pressed Rose Hip Seed Oil,The Ordinary,240783,4.3988,1620.0,10.9,Skincare,Moisturizers,Face Oils,0,0,0,0,1623.0,4.398644485520641,0.8687615526802218,0.8434996919285275,0.10289587184226741,0.8001030203564372,0.9823812066203951,0.9167111585691404,0.9561131873998931,0.8496611213801601,0.8687615526802218,0.8544670363524337,HERO PRODUCT
P427420,Multi-Peptide + HA Serum,The Ordinary,338410,4.1429,1609.0,30.8,Skincare,Treatments,Face Serums,0,0,0,0,1611.0,4.144009931719429,0.792675356921167,0.7728119180633147,0.1527001862197393,0.7767733731947174,0.993059263214095,0.9156433529097704,0.9620928990923652,0.7860024829298573,0.792675356921167,0.7860257603972689,HYPE GAP
P427413,Lactic Acid 10% + HA 2% Exfoliating Serum,The Ordinary,295071,4.5035,1289.0,8.9,Skincare,Treatments,Face Serums,0,0,0,0,1291.0,4.501161890007746,0.8993028659953525,0.8807126258714175,0.08210689388071263,0.8114914773434848,0.9898558462359851,0.8857447944474106,0.9482114255205553,0.8752904725019366,0.8993028659953525,0.8833075135553835,HERO PRODUCT
P427410,Vitamin C Suspension 23% + HA Spheres 2%,The Ordinary,132601,3.4454,1109.0,7.8,Skincare,Treatments,Face Serums,0,0,1,0,1113.0,3.445642407906559,0.6046720575022462,0.5660377358490566,0.32075471698113206,0.7585130805870698,0.9551521623064603,0.8643886812600107,0.9188467698878804,0.6114106019766398,0.6046720575022462,0.6025831087151843,HYPE GAP
P427411,Azelaic Acid 10% Suspension Brightening Cream,The Ordinary,190367,4.1578,957.0,11.1,Skincare,Treatments,Face Serums,0,0,0,0,959.0,4.154327424400417,0.8091762252346194,0.7758081334723671,0.15015641293013557,0.8065439078058819,0.9743726641751201,0.8278163374265883,0.9157501334757074,0.7885818561001043,0.8091762252346194,0.7928441084462983,HYPE GAP
P444718,Squalane Cleanser,The Ordinary,121486,4.0068,888.0,9.0,Skincare,Cleansers,Face Wash & Cleansers,0,0,0,0,891.0,4.01010101010101,0.7542087542087542,0.7149270482603816,0.16610549943883277,0.7481376649873378,0.9476775226908702,0.8115323011211959,0.8932194340630004,0.7525252525252526,0.7542087542087542,0.7473905723905725,HYPE GAP
P427412,Alpha Arbutin 2% + HA Hyperpigmentation Serum,The Ordinary,190345,4.0411,755.0,11.1,Skincare,Treatments,Face Serums,0,0,0,0,757.0,4.033025099075298,0.7873183619550859,0.7450462351387054,0.17701453104359313,0.7885307845274877,0.9738387613454351,0.788574479444741,0.8997330485851575,0.7582562747688244,0.7873183619550859,0.7649933949801849,HYPE GAP
P427418,Granactive Retinoid* 2% Emulsion,The Ordinary,195325,4.4548,708.0,11.7,Skincare,Treatments,Face Serums,0,0,0,0,710.0,4.449295774647887,0.8845070422535212,0.8591549295774648,0.09859154929577464,0.7640791342475197,0.9759743726641751,0.7789642285104111,0.8971703150026695,0.8623239436619718,0.8845070422535212,0.8685035211267607,HERO PRODUCT
P442830,100% Plant-Derived Squalane,The Ordinary,108468,4.5374,655.0,10.0,Skincare,Treatments,Face Serums,0,0,0,0,656.0,4.538109756097561,0.8932926829268293,0.885670731707317,0.07774390243902439,0.8278451211633483,0.9386011745862253,0.7656166577682861,0.8694073678590497,0.8845274390243902,0.8932926829268293,0.887328506097561,HERO PRODUCT
P448530,Salicylic Acid 2% Masque,The Ordinary,164697,4.3736,637.0,13.3,Skincare,Masks,Face Masks,0,0,0,0,638.0,4.368338557993731,0.8918495297805643,0.8495297805642633,0.08150470219435736,0.8158722543898639,0.9658302189001602,0.7602776294714362,0.8836091831286705,0.8420846394984327,0.8918495297805643,0.8581308777429468,HERO PRODUCT
P442754,Ascorbic Acid 8% + Alpha Arbutin 2%,The Ordinary,106253,3.7505,501.0,12.2,Skincare,Treatments,Face Serums,0,0,1,0,501.0,3.750499001996008,0.6686626746506986,0.6427145708582834,0.23952095808383234,0.7795272162686493,0.9369994660971703,0.6938067271756541,0.8397223705285639,0.687624750499002,0.6686626746506986,0.6751996007984032,HYPE GAP
P442758,Mandelic Acid 10% + HA,The Ordinary,106124,4.464,431.0,7.5,Skincare,Treatments,Face Serums,0,0,1,0,434.0,4.4631336405529956,0.9009216589861752,0.847926267281106,0.07603686635944701,0.8331553588658224,0.9364655632674853,0.6473571809930593,0.820822210357715,0.8657834101382489,0.9009216589861752,0.8736463133640554,HERO PRODUCT
P427409,Vitamin C Suspension 30% in Silicone,The Ordinary,72633,3.6345,394.0,8.3,Skincare,Treatments,Face Serums,0,0,1,0,395.0,3.6379746835443036,0.640506329113924,0.6151898734177215,0.2759493670886076,0.7767710981537026,0.8916177255739456,0.615056059797117,0.780993059263214,0.6594936708860759,0.640506329113924,0.6471518987341772,HYPE GAP
P447596,100% Organic Cold-Pressed Moroccan Argan Oil,The Ordinary,65051,4.1709,357.0,7.5,Skincare,Moisturizers,Face Oils,0,0,1,0,358.0,4.173184357541899,0.8100558659217877,0.7793296089385475,0.15363128491620112,0.7792409975519952,0.8745328350240257,0.589428723972237,0.7604911906033102,0.7932960893854748,0.8100558659217877,0.7962290502793296,HYPE GAP
P479732,Salicylic Acid 2% Anhydrous Solution Pore Clearing Serum,The Ordinary,109679,3.8389,329.0,7.2,Skincare,Treatments,Face Serums,0,0,0,0,331.0,3.8459214501510575,0.7371601208459214,0.6858006042296072,0.21148036253776434,0.7109642304572343,0.9396689802455953,0.5675387079551522,0.790816871329418,0.7114803625377644,0.7371601208459214,0.7153323262839879,HYPE GAP
P455900,100% Plant-Derived Hemi-Squalane,The Ordinary,48131,4.398,294.0,5.0,Skincare,Treatments,Face Serums,0,0,1,0,296.0,4.398648648648648,0.8682432432432432,0.847972972972973,0.07432432432432433,0.7863460273171464,0.8222103577148959,0.5347036839295248,0.7072076882007475,0.8496621621621621,0.8682432432432432,0.8549831081081081,HERO PRODUCT
P442752,"""Buffet"" + Copper Peptides 1%",The Ordinary,91079,4.1804,255.0,30.9,Skincare,Treatments,Face Serums,0,0,0,0,255.0,4.180392156862745,0.8,0.788235294117647,0.15294117647058825,0.8049137522776921,0.9188467698878804,0.49572877736252,0.7495995728777363,0.7950980392156863,0.8,0.7955392156862746,HYPE GAP
P442753,Argireline Solution 10%,The Ordinary,85389,4.1984,247.0,9.4,Skincare,Treatments,Face Serums,0,0,1,0,247.0,4.198380566801619,0.8178137651821862,0.7935222672064778,0.13765182186234817,0.7765507630340243,0.9145755472504005,0.48718633208756007,0.7436198611852642,0.7995951417004048,0.8178137651821862,0.8041497975708501,HYPE GAP
P442757,"""B"" Oil",The Ordinary,49358,4.2286,245.0,11.1,Skincare,Moisturizers,Face Oils,0,0,1,0,245.0,4.228571428571429,0.8204081632653061,0.7918367346938775,0.1469387755102041,0.8321929317559296,0.8275493860117459,0.4845168179391351,0.6903363587827016,0.8071428571428572,0.8204081632653061,0.8088265306122449,HYPE GAP
P455899,Marine Hyaluronics,The Ordinary,43421,4.209,244.0,8.9,Skincare,Treatments,Face Serums,0,0,1,0,244.0,4.209016393442623,0.7909836065573771,0.7786885245901639,0.12704918032786885,0.804374499948787,0.799252536038441,0.4829151094500801,0.6727175654030966,0.8022540983606556,0.7909836065573771,0.7953381147540983,HYPE GAP
P427405,Matrixyl* 10% + HA,The Ordinary,83357,4.3165,237.0,10.5,Skincare,Treatments,Face Serums,0,0,1,0,238.0,4.319327731092437,0.8613445378151261,0.819327731092437,0.10504201680672269,0.7903645856950049,0.9135077415910304,0.47303790710090765,0.7373198077949813,0.8298319327731092,0.8613445378151261,0.8377100840336135,HYPE GAP
P442759,Amino Acids + B5,The Ordinary,55852,4.4123,228.0,8.9,Skincare,Treatments,Face Serums,0,0,1,0,228.0,4.412280701754386,0.8640350877192983,0.868421052631579,0.10087719298245613,0.8506752020040436,0.8494394020288307,0.4658302189001602,0.6959957287773626,0.8530701754385965,0.8640350877192983,0.8586622807017544,HERO PRODUCT
P504028,Multi-Peptide Eye Serum,The Ordinary,11059,3.9714,210.0,25.0,Skincare,Eye Care,Eye Creams & Treatments,0,1,0,0,249.0,3.9879518072289155,0.8152610441767069,0.7309236947791165,0.0642570281124498,0.7671559640589882,0.40736785904965295,0.4890549919914576,0.4400427122263748,0.7469879518072289,0.8152610441767069,0.7650602409638554,LOW TRACTION
P455898,Pycnogenol 5%,The Ordinary,55894,4.5243,206.0,11.1,Skincare,Treatments,Face Serums,0,0,1,0,206.0,4.524271844660194,0.8980582524271845,0.8737864077669902,0.09223300970873786,0.8347597866523556,0.8499733048585157,0.4412706887346503,0.6864922584089695,0.8810679611650485,0.8980582524271845,0.8850728155339807,HERO PRODUCT
P455338,100% L-Ascorbic Acid Powder,The Ordinary,65023,4.3317,202.0,6.4,Skincare,Treatments,Face Serums,0,0,0,0,202.0,4.3316831683168315,0.8514851485148515,0.8118811881188119,0.11386138613861387,0.7982585948705673,0.8739989321943407,0.4364655632674853,0.6989855846235986,0.8329207920792079,0.8514851485148515,0.8353341584158416,HYPE GAP
P455339,Lactic Acid 5% + HA,The Ordinary,74003,4.3081,172.0,7.8,Skincare,Treatments,Face Serums,0,0,1,0,172.0,4.308139534883721,0.8313953488372093,0.8313953488372093,0.11627906976744186,0.7919221875960367,0.8964228510411105,0.38841430859583553,0.6932194340630005,0.8270348837209303,0.8313953488372093,0.8289970930232559,HYPE GAP
P427404,Ascorbyl Tetraisopalmitate Solution 20% in Vitamin F,The Ordinary,58355,3.8193,166.0,19.8,Skincare,Treatments,Face Serums,0,0,1,0,166.0,3.819277108433735,0.7048192771084337,0.6746987951807228,0.24096385542168675,0.7681439660395248,0.8558462359850507,0.3761345435130806,0.6639615589962626,0.7048192771084337,0.7048192771084337,0.7003012048192772,HYPE GAP
P442755,Resveratrol 3% + Ferulic Acid 3%,The Ordinary,60746,4.0,162.0,10.0,Skincare,Treatments,Face Serums,0,0,1,0,164.0,3.9878048780487805,0.75,0.7134146341463414,0.18902439024390244,0.8167048754331506,0.8622530699412707,0.37213027229044315,0.6662039508809396,0.7469512195121951,0.75,0.7428353658536585,HYPE GAP
P442756,Ascorbyl Glucoside Solution 12%,The Ordinary,43799,4.0926,162.0,14.3,Skincare,Treatments,Face Serums,0,0,1,0,163.0,4.098159509202454,0.7607361963190185,0.7423312883435583,0.147239263803681,0.8006915410233152,0.802455953016551,0.37052856380138816,0.6296849973304859,0.7745398773006136,0.7607361963190185,0.7655674846625767,HYPE GAP
P442833,EUK 134 0.1%,The Ordinary,35874,4.35,140.0,11.1,Skincare,Treatments,Face Serums,0,0,1,0,140.0,4.35,0.8428571428571429,0.8214285714285714,0.12857142857142856,0.8459850473032482,0.7495995728777363,0.3339562199679658,0.583342231713828,0.8374999999999999,0.8428571428571429,0.8366964285714286,HYPE GAP
P482327,Mini Squalane Cleanser,The Ordinary,27760,3.9537,108.0,9.0,Skincare,Cleansers,Face Wash & Cleansers,0,0,0,0,108.0,3.9537037037037037,0.7314814814814815,0.6944444444444444,0.2037037037037037,0.7410642650113048,0.6903363587827015,0.27549386011745863,0.5243993593166043,0.7384259259259259,0.7314814814814815,0.7297453703703703,HYPE GAP
P468709,100% Niacinamide Powder,The Ordinary,27717,4.3187,91.0,6.4,Skincare,Treatments,Face Serums,0,0,0,0,91.0,4.318681318681318,0.8681318681318682,0.8241758241758241,0.0989010989010989,0.8025301500327058,0.6898024559530166,0.2389215162840363,0.5094500800854245,0.8296703296703296,0.8681318681318682,0.8403846153846154,HERO PRODUCT
P482328,Mini Natural Moisturizing Factors + HA,The Ordinary,38431,3.9213,89.0,6.5,Skincare,Treatments,Face Serums,0,0,0,0,92.0,3.9565217391304346,0.782608695652174,0.7391304347826086,0.13043478260869565,0.7768564930919445,0.7661505605979712,0.2421249332621463,0.5565403096636412,0.7391304347826086,0.782608695652174,0.7521739130434782,HYPE GAP
P447597,100% Organic Virgin Chia Seed Oil,The Ordinary,21125,4.1892,74.0,8.5,Skincare,Moisturizers,Face Oils,0,0,1,0,75.0,4.173333333333333,0.8,0.7333333333333333,0.12,0.8200992316611715,0.6139882541377469,0.19220501868659903,0.4452749599572878,0.7933333333333332,0.8,0.7863333333333332,LOW TRACTION
P483496,Salicylic Acid 2% Exfoliating Blemish Solution,The Ordinary,43971,4.2535,71.0,6.5,Skincare,Treatments,Blemish & Acne Treatments,0,0,0,0,77.0,4.181818181818182,0.8181818181818182,0.7792207792207793,0.15584415584415584,0.7955205993851026,0.804057661505606,0.201815269620929,0.5631607047517352,0.7954545454545454,0.8181818181818182,0.7998376623376624,HYPE GAP
P455897,Ethylated Ascorbic Acid 15% Solution,The Ordinary,20715,4.0,42.0,20.0,Skincare,Treatments,Face Serums,0,0,1,0,42.0,4.0,0.7380952380952381,0.7380952380952381,0.19047619047619047,0.8250234779857454,0.606513614522157,0.08515750133475708,0.397971169247197,0.75,0.7380952380952381,0.7446428571428573,LOW TRACTION
P504073,Ultralight Moisture-Boosting Botanical Oil,The Outset,1949,4.836,189.0,44.0,Skincare,Moisturizers,Face Oils,0,1,0,0,190.0,4.831578947368421,0.9736842105263158,0.9789473684210527,0.005263157894736842,0.5138888992369175,0.059263214095034704,0.4183128670581954,0.202883075280299,0.9578947368421054,0.9736842105263158,0.9657894736842106,HIDDEN GEM
P483697,Firming Vegan Collagen Prep Serum,The Outset,7728,4.6898,187.0,46.0,Skincare,Treatments,Face Serums,0,0,0,1,188.0,4.691489361702128,0.9627659574468085,0.9468085106382979,0.015957446808510637,0.7918923238621038,0.29151094500800856,0.4145755472504004,0.3407367859049653,0.9228723404255319,0.9627659574468085,0.9384308510638298,HIDDEN GEM
P504076,Exfoliating Revitalizing & Energizing Caffeine Micro Polish,The Outset,933,4.7705,183.0,34.0,Skincare,Cleansers,Exfoliators,0,0,0,0,183.0,4.770491803278689,0.9562841530054644,0.9562841530054644,0.01639344262295082,0.96875,0.020822210357714897,0.40603310197544046,0.1749065670048051,0.9426229508196722,0.9562841530054644,0.9487704918032788,HIDDEN GEM
P483699,Restorative Niacinamide Night Cream,The Outset,5533,4.6225,151.0,54.0,Skincare,Moisturizers,Moisturizers,0,0,0,1,152.0,4.605263157894737,0.9144736842105263,0.8881578947368421,0.046052631578947366,0.500569756772067,0.20448478376935397,0.35210891617725576,0.2635344367325147,0.9013157894736843,0.9144736842105263,0.9032894736842106,HIDDEN GEM
P483700,Smoothing Vitamin C Eye + Expression Lines Cream,The Outset,3752,4.374,123.0,42.0,Skincare,Eye Care,Eye Creams & Treatments,0,0,0,1,124.0,4.379032258064516,0.8790322580645161,0.8548387096774194,0.0967741935483871,0.5614776810010275,0.12600106780565937,0.3032568072610785,0.196903363587827,0.844758064516129,0.8790322580645161,0.8565524193548386,HIDDEN GEM
P483698,Nourishing Squalane Daily Moisturizer,The Outset,4721,4.5893,112.0,44.0,Skincare,Moisturizers,Moisturizers,0,0,0,1,112.0,4.589285714285714,0.9017857142857143,0.875,0.026785714285714284,0.38622682304172723,0.16390816871329417,0.2837693539775761,0.21185264281900695,0.8973214285714286,0.9017857142857143,0.8953125000000001,HIDDEN GEM
P483696,Gentle Micellar Antioxidant Cleanser,The Outset,3860,4.6937,111.0,32.0,Skincare,Cleansers,Face Wash & Cleansers,0,0,0,1,112.0,4.660714285714286,0.9285714285714286,0.9196428571428571,0.008928571428571428,0.7056584196326173,0.13134009610250935,0.2837693539775761,0.19231179925253605,0.9151785714285714,0.9285714285714286,0.9198660714285715,HIDDEN GEM
P483701,Daily Essentials Travel Set,The Outset,4435,4.5741,108.0,50.0,Skincare,Value & Gift Sets,,0,0,0,1,108.0,4.574074074074074,0.8611111111111112,0.8703703703703703,0.046296296296296294,0.8394048406231788,0.15162840363053925,0.27549386011745863,0.20117458622530698,0.8935185185185186,0.8611111111111112,0.8803240740740741,HIDDEN GEM
P470259,Faded Serum for Dark Spots & Discoloration,Topicals,139007,3.6634,906.0,38.0,Skincare,Treatments,Face Serums,0,0,0,1,919.0,3.6605005440696408,0.6855277475516867,0.6322089227421109,0.2676822633297062,0.7327554038433034,0.9588894821142552,0.8184730379071009,0.9027229044313935,0.6651251360174102,0.6855277475516867,0.6663084874863983,HYPE GAP
P484080,Mini Faded Serum for Dark Spots & Discoloration,Topicals,93075,3.6634,906.0,18.0,Skincare,Treatments,Face Serums,0,0,0,0,919.0,3.6605005440696408,0.6855277475516867,0.6322089227421109,0.2676822633297062,0.7327554038433034,0.9220501868659904,0.8184730379071009,0.8806193272824345,0.6651251360174102,0.6855277475516867,0.6663084874863983,HYPE GAP
P448852,SOS Daily Rescue Facial Spray,Tower 28 Beauty,91499,4.2481,653.0,12.0,Skincare,Moisturizers,Mists & Essences,0,0,0,0,659.0,4.236722306525038,0.8103186646433991,0.795144157814871,0.1471927162367223,0.8131283199280696,0.9193806727175654,0.7666844634276562,0.8583021890016017,0.8091805766312594,0.8103186646433991,0.8074165402124431,HYPE GAP
P448853,Mini SOS Daily Rescue Facial Spray,Tower 28 Beauty,64871,3.9091,187.0,12.0,Skincare,Moisturizers,Mists & Essences,0,0,0,0,189.0,3.9047619047619047,0.708994708994709,0.6772486772486772,0.2275132275132275,0.7997618501069229,0.8723972237052856,0.4167111585691404,0.6901227976508275,0.7261904761904762,0.708994708994709,0.7136904761904762,HYPE GAP
P500121,SOS Intensive Redness Relief Serum,Tower 28 Beauty,21555,4.1902,163.0,34.0,Skincare,Treatments,Face Serums,0,0,0,0,167.0,4.197604790419161,0.8502994011976048,0.7904191616766467,0.09580838323353294,0.8295649852898481,0.6203950880939669,0.3785371062466631,0.5236518953550454,0.7994011976047903,0.8502994011976048,0.8133233532934132,HYPE GAP
P475182,The Cult Classic Purifying Face Cleanser,TULA Skincare,11798,3.9064,406.0,34.0,Skincare,Cleansers,Face Wash & Cleansers,0,0,0,0,410.0,3.9097560975609755,0.7365853658536585,0.7,0.16097560975609757,0.7562507646324489,0.42872397223705283,0.6292044847837693,0.5089161772557395,0.7274390243902439,0.7365853658536585,0.7260670731707317,HYPE GAP
P482757,Mini The Cult Classic Purifying Face Cleanser,TULA Skincare,6904,3.9064,406.0,12.0,Skincare,Cleansers,Face Wash & Cleansers,0,0,0,0,410.0,3.9097560975609755,0.7365853658536585,0.7,0.16097560975609757,0.7562507646324489,0.2594767752269087,0.6292044847837693,0.407367859049653,0.7274390243902439,0.7365853658536585,0.7260670731707317,LOW TRACTION
P475185,24-7 Moisture Hydrating Day & Night Cream,TULA Skincare,12166,4.1884,398.0,54.0,Skincare,Moisturizers,Moisturizers,0,0,0,0,400.0,4.19,0.8492462311557789,0.8075,0.1025,0.7245054929694043,0.4415376401494928,0.6195942338494395,0.5127602776294715,0.7975000000000001,0.8492462311557789,0.8145238693467338,HYPE GAP
P475203,Mini 24-7 Moisture Hydrating Day & Night Cream,TULA Skincare,6853,4.1884,398.0,26.0,Skincare,Moisturizers,Moisturizers,0,0,0,0,400.0,4.19,0.8492462311557789,0.8075,0.1025,0.7245054929694043,0.2578750667378537,0.6195942338494395,0.40256273358248806,0.7975000000000001,0.8492462311557789,0.8145238693467338,LOW TRACTION
P475190,Rose Glow + Get It Cooling & Brightening Eye Balm,TULA Skincare,19298,4.0732,369.0,32.0,Skincare,Eye Care,Eye Creams & Treatments,0,0,0,0,371.0,4.0754716981132075,0.8301886792452831,0.7762803234501348,0.08355795148247978,0.7031676578417159,0.5883609183128671,0.598505072076882,0.592418579818473,0.7688679245283019,0.8301886792452831,0.7883760107816711,HYPE GAP
P475181,Glow + Get It Cooling & Brightening Eye Balm,TULA Skincare,17136,3.9578,332.0,30.0,Skincare,Eye Care,Eye Creams & Treatments,0,0,0,0,334.0,3.946107784431138,0.7897897897897898,0.7455089820359282,0.11976047904191617,0.7577342237486984,0.5531233315536572,0.5691404164442072,0.5595301655098772,0.7365269461077845,0.7897897897897898,0.7538531046016076,HYPE GAP
P475194,Brightening Treatment Drops Triple Vitamin C Serum,TULA Skincare,10279,4.2572,276.0,56.0,Skincare,Treatments,Face Serums,0,0,0,0,277.0,4.245487364620939,0.8592057761732852,0.851985559566787,0.06859205776173286,0.7322391121742431,0.3822744260544581,0.5176187933796049,0.43641217298451684,0.8113718411552346,0.8592057761732852,0.8318140794223827,LOW TRACTION
P481748,Bright Start Vitamin C Antioxidant Brightening Moisturizer,TULA Skincare,6166,4.4061,229.0,56.0,Skincare,Moisturizers,Moisturizers,0,0,0,0,229.0,4.406113537117904,0.925764192139738,0.8951965065502183,0.008733624454148471,0.7397619126098497,0.22877736252002134,0.46769887880405764,0.3243459690336359,0.8515283842794761,0.925764192139738,0.8803493449781661,HIDDEN GEM
P482753,Protect + Glow Daily Sunscreen Gel Broad Spectrum SPF 30,TULA Skincare,8977,4.4256,195.0,38.0,Skincare,Sunscreen,Face Sunscreen,0,0,0,0,197.0,4.426395939086294,0.883248730964467,0.8629441624365483,0.050761421319796954,0.845582337264555,0.3390282968499733,0.42872397223705283,0.3749065670048051,0.8565989847715736,0.883248730964467,0.8655456852791877,HIDDEN GEM
P475201,24-7 Power Swipe Hydrating Day & Night Treatment Eye Balm,TULA Skincare,7302,4.2595,185.0,38.0,Skincare,Eye Care,Eye Creams & Treatments,0,0,0,0,185.0,4.2594594594594595,0.8972972972972973,0.8702702702702703,0.06486486486486487,0.7704112722115083,0.2765616657768286,0.41057127602776294,0.3301655098772024,0.8148648648648649,0.8972972972972973,0.8479054054054055,HIDDEN GEM
P484081,Eye Recharge + Replenish Pro-Ferm Overnight Eye Cream with Bakuchiol and Peptides,TULA Skincare,11155,4.5397,126.0,56.0,Skincare,Eye Care,Eye Creams & Treatments,0,0,0,1,127.0,4.519685039370079,0.9291338582677166,0.9133858267716536,0.031496062992125984,0.824380015922805,0.4100373731980779,0.30832888414308596,0.3693539775760811,0.8799212598425197,0.9291338582677166,0.8997047244094489,HIDDEN GEM
P503652,24-7 Moisture Intense Ultra Hydrating Day & Night Cream with Hyaluronic Acid + Squalane,TULA Skincare,1482,4.4182,110.0,58.0,Skincare,Moisturizers,Moisturizers,0,1,0,0,110.0,4.418181818181818,0.9090909090909091,0.8818181818181818,0.03636363636363636,0.8974358974358975,0.04164442071542979,0.2794981313400961,0.13678590496529633,0.8545454545454545,0.9090909090909091,0.875,HIDDEN GEM
P475180,On The Go Best Sellers Travel Kit,TULA Skincare,5711,4.2366,93.0,49.0,Skincare,Value & Gift Sets,,0,0,0,0,93.0,4.236559139784946,0.8709677419354839,0.8494623655913979,0.06451612903225806,0.7421929993127522,0.21195942338494395,0.24426054458088628,0.22487987186332087,0.8091397849462365,0.8709677419354839,0.833736559139785,LOW TRACTION
P475188,Instant De-Puff Eye Renewal Serum,TULA Skincare,4283,4.2105,76.0,58.0,Skincare,Treatments,Face Serums,0,0,0,0,76.0,4.2105263157894735,0.8289473684210527,0.7894736842105263,0.05263157894736842,0.68714285833495,0.14468766684463427,0.19701014415376403,0.16561665776828616,0.8026315789473684,0.8289473684210527,0.8085526315789474,LOW TRACTION
P501316,Beauty Sleep Overnight Repair Treatment Cream with AHA's and Vitamin C,TULA Skincare,1817,4.0417,72.0,68.0,Skincare,Moisturizers,Moisturizers,0,0,0,0,72.0,4.041666666666667,0.8472222222222222,0.7777777777777778,0.08333333333333333,0.9750000014901161,0.05392418579818473,0.18339562199679657,0.10571276027762946,0.7604166666666667,0.8472222222222222,0.7890625000000001,LOW TRACTION
P475189,Secret Solutions Pro-Glycolic 10% Resurfacing Toner,TULA Skincare,2757,4.1343,67.0,46.0,Skincare,Cleansers,Toners,0,0,0,0,67.0,4.134328358208955,0.8059701492537313,0.8059701492537313,0.04477611940298507,0.5442857193946838,0.08542445274959957,0.16898024559530164,0.1188467698878804,0.7835820895522387,0.8059701492537313,0.7936567164179105,LOW TRACTION
P482754,Mineral Magic Oil-Free Mineral Sunscreen Fluid Broad Spectrum SPF 30,TULA Skincare,3802,4.3548,62.0,38.0,Skincare,Sunscreen,Face Sunscreen,0,0,0,0,62.0,4.354838709677419,0.8709677419354839,0.8870967741935484,0.08064516129032258,0.870708743500155,0.12920448478376936,0.15082754938601176,0.13785371062466634,0.8387096774193548,0.8709677419354839,0.8556451612903226,HIDDEN GEM
P475197,Balancing Act Purifying & pH Balancing Biodegradable Toner Pads,TULA Skincare,2470,4.0545,55.0,36.0,Skincare,Cleansers,Toners,0,0,0,0,55.0,4.054545454545455,0.8181818181818182,0.7636363636363637,0.09090909090909091,0.738333348929882,0.07421249332621463,0.13294180459156432,0.0977042178323545,0.7636363636363637,0.8181818181818182,0.78,LOW TRACTION
P475184,Hello Radiance Illuminating Serum,TULA Skincare,1327,4.2182,55.0,68.0,Skincare,Treatments,Face Serums,0,0,0,0,55.0,4.218181818181818,0.8,0.8,0.10909090909090909,0.875,0.03416978109983983,0.13294180459156432,0.07367859049652963,0.8045454545454545,0.8,0.8025,LOW TRACTION
P475195,Protect + Plump Firming & Hydrating Face Moisturizer,TULA Skincare,2230,3.963,54.0,64.0,Skincare,Moisturizers,Moisturizers,0,0,0,0,54.0,3.962962962962963,0.8333333333333334,0.7407407407407407,0.07407407407407407,0.8338235301129958,0.06887346502936466,0.12813667912439936,0.09257875066737854,0.7407407407407407,0.8333333333333334,0.7685185185185186,LOW TRACTION
P475192,So Poreless Deep Exfoliating Blackhead Scrub,TULA Skincare,7262,3.9038,52.0,34.0,Skincare,Cleansers,Exfoliators,0,0,0,0,52.0,3.9038461538461537,0.7692307692307693,0.7307692307692307,0.17307692307692307,0.7244588897696563,0.2749599572877736,0.1203950880939669,0.21313400961025095,0.7259615384615384,0.7692307692307693,0.7396634615384615,LOW TRACTION
P475183,So Polished Exfoliating Sugar Scrub,TULA Skincare,3585,4.32,50.0,34.0,Skincare,Cleansers,Exfoliators,0,0,0,0,51.0,4.333333333333333,0.9215686274509803,0.9019607843137255,0.0392156862745098,0.9239583338300387,0.1211959423384944,0.11665776828617191,0.1193806727175654,0.8333333333333333,0.9215686274509803,0.8700980392156862,HIDDEN GEM
P475204,Sensitive Skin Treatment Drops Calming Vitamin B Serum,TULA Skincare,2137,4.1489,47.0,48.0,Skincare,Treatments,Face Serums,0,0,0,0,48.0,4.104166666666667,0.8333333333333334,0.8125,0.0625,0.8446969985961914,0.06460224239188468,0.10838227442605446,0.0821142552055526,0.7760416666666667,0.8333333333333334,0.7986979166666667,LOW TRACTION
P475193,Wrinkle Treatment Drops Retinol Alternative Serum,TULA Skincare,2136,4.2979,47.0,68.0,Skincare,Treatments,Face Serums,0,0,0,0,47.0,4.297872340425532,0.8723404255319149,0.851063829787234,0.06382978723404255,0.7698412849789574,0.06406833956219968,0.10250934329951948,0.0794447410571276,0.824468085106383,0.8723404255319149,0.8428191489361703,HIDDEN GEM
P475186,Revive + Rewind Revitalizing Eye Cream,TULA Skincare,1921,4.2391,46.0,52.0,Skincare,Eye Care,Eye Creams & Treatments,0,0,0,0,46.0,4.239130434782608,0.8695652173913043,0.8478260869565217,0.08695652173913043,0.6368421065179926,0.05766150560597971,0.09717031500266951,0.07346502936465563,0.8097826086956521,0.8695652173913043,0.8334239130434783,LOW TRACTION
P475196,So Smooth Resurfacing & Brightening Fruit Enzyme Mask,TULA Skincare,2603,4.25,44.0,36.0,Skincare,Masks,Face Masks,0,0,0,0,44.0,4.25,0.9318181818181818,0.8409090909090909,0.022727272727272728,0.8647959296192441,0.0800854244527496,0.09049652963160705,0.08424986652429259,0.8125,0.9318181818181818,0.8525568181818182,HIDDEN GEM
P475200,Your Best Skin at Every Age Firming & Smoothing Discovery Kit,TULA Skincare,2541,3.8293,41.0,66.0,Skincare,Value & Gift Sets,,0,0,0,0,41.0,3.8292682926829267,0.7073170731707317,0.6829268292682927,0.14634146341463414,0.9252717018127441,0.07794981313400962,0.0798184730379071,0.0786972770955686,0.7073170731707317,0.7073170731707317,0.7036585365853658,LOW TRACTION
P475187,Firm Up Deep Wrinkle Serum,TULA Skincare,1258,4.1579,38.0,84.0,Skincare,Treatments,Face Serums,0,0,0,0,38.0,4.157894736842105,0.8421052631578947,0.8157894736842105,0.02631578947368421,0.6166666984558106,0.030966364121729845,0.06673785371062467,0.04527495995728777,0.7894736842105263,0.8421052631578947,0.8092105263157895,LOW TRACTION
P482755,Claydate Detoxifying & Toning Face Mask Stick,TULA Skincare,1460,4.3333,36.0,36.0,Skincare,Masks,Face Masks,0,0,0,0,36.0,4.333333333333333,0.9166666666666666,0.8888888888888888,0.05555555555555555,0.7,0.0400427122263748,0.05445808862786973,0.04580886278697277,0.8333333333333333,0.9166666666666666,0.8666666666666666,HIDDEN GEM
P460010,Prep & Plane Facial Razors,TWEEZERMAN,5661,2.7105,38.0,10.0,Skincare,High Tech Tools,Hair Removal,0,0,0,1,38.0,2.710526315789474,0.42105263157894735,0.3684210526315789,0.5526315789473685,0.790290361477269,0.21035771489588895,0.06673785371062467,0.15290977042178322,0.4276315789473685,0.42105263157894735,0.4167763157894737,LOW TRACTION
P428668,Baggage Claim Eye Masks,Wander Beauty,47687,4.0796,490.0,26.0,Skincare,Eye Care,Eye Masks,0,0,0,0,490.0,4.079591836734694,0.7795918367346939,0.753061224489796,0.16122448979591836,0.775969748059771,0.8200747463961559,0.6876668446342765,0.7671115856914041,0.7698979591836734,0.7795918367346939,0.770280612244898,HYPE GAP
P437960,Baggage Claim Rose Gold Eye Masks,Wander Beauty,38772,4.0986,71.0,26.0,Skincare,Eye Care,Eye Masks,0,0,0,0,71.0,4.098591549295775,0.7605633802816901,0.7605633802816901,0.11267605633802817,0.8095225917570519,0.7672183662573412,0.1817939135077416,0.5330485851575013,0.7746478873239437,0.7605633802816901,0.7683098591549297,HYPE GAP
P501165,SHIKULIME Mega Hydrating Moisturizer,WASO,9824,4.6605,539.0,36.0,Skincare,Moisturizers,Moisturizers,0,0,1,0,540.0,4.655555555555556,0.9574074074074074,0.9351851851851852,0.012962962962962963,0.718225641974381,0.3662573411639082,0.7186332087560064,0.5072076882007475,0.913888888888889,0.9574074074074074,0.9301388888888888,HERO PRODUCT
P501187,SHIKULIME Gel-to-Oil Cleanser,WASO,1360,4.4249,506.0,28.0,Skincare,Cleansers,Face Wash & Cleansers,0,0,1,0,506.0,4.424901185770751,0.9051383399209486,0.8537549407114624,0.029644268774703556,0.4891304347826087,0.03523758675920982,0.6983449012279765,0.30048051254671654,0.8562252964426877,0.9051383399209486,0.8705286561264822,HIDDEN GEM
P501188,SATOCANE Pore Purifying Scrub Mask,WASO,1673,4.5729,494.0,38.0,Skincare,Masks,Face Masks,0,0,1,0,494.0,4.5728744939271255,0.9331983805668016,0.9068825910931174,0.01417004048582996,0.5877193149767423,0.04751735184196476,0.6908702616123865,0.3048585157501335,0.8932186234817814,0.9331983805668016,0.9072621457489878,HIDDEN GEM
P501170,SHIKULIME Color Control Oil-Free Moisturizer SPF 30,WASO,3322,4.1776,490.0,36.0,Skincare,Moisturizers,Moisturizers,0,0,1,0,490.0,4.177551020408163,0.8448979591836735,0.7877551020408163,0.08979591836734693,0.6939716373986387,0.11158569140416444,0.6876668446342765,0.3420181526962093,0.7943877551020408,0.8448979591836735,0.8085459183673469,LOW TRACTION
P501171,YUZU-C Beauty Sleeping Mask,WASO,4247,4.595,484.0,38.0,Skincare,Masks,Face Masks,0,0,1,0,484.0,4.595041322314049,0.9442148760330579,0.9111570247933884,0.014462809917355372,0.7579166670640309,0.1436198611852643,0.6812600106780566,0.35867592098238127,0.8987603305785123,0.9442148760330579,0.9142561983471074,HIDDEN GEM
P501189,KOSHIRICE Acne Calming Spot Treatment,WASO,1501,4.2212,443.0,25.0,Skincare,Treatments,Blemish & Acne Treatments,0,0,1,0,443.0,4.221218961625282,0.8532731376975169,0.7900677200902935,0.056433408577878104,0.6538461538461539,0.04271222637479979,0.6537640149492793,0.2871329418045916,0.8053047404063205,0.8532731376975169,0.8174097065462754,LOW TRACTION
P501199,YUZU-C Eye Awakening Essence,WASO,2784,4.4301,365.0,30.0,Skincare,Eye Care,Eye Creams & Treatments,0,0,1,0,368.0,4.432065217391305,0.9157608695652174,0.875,0.019021739130434784,0.7140151363882151,0.08756006406833956,0.5966364121729845,0.2911906033101975,0.8580163043478262,0.9157608695652174,0.8778872282608696,HIDDEN GEM
P501178,YUZU-C Glow-On Shot Serum,WASO,1403,4.4206,359.0,45.0,Skincare,Treatments,Face Serums,0,0,1,0,361.0,4.418282548476454,0.8975069252077562,0.8698060941828255,0.0443213296398892,0.75,0.03737319807794982,0.592632140950347,0.2594767752269087,0.8545706371191135,0.8975069252077562,0.8697368421052631,HIDDEN GEM
P455676,Yo Glow AHA & BHA Facial Enzyme Scrub,Wishful,63463,4.246,2207.0,39.0,Skincare,Cleansers,Exfoliators,0,0,0,1,2212.0,4.244122965641953,0.825497287522604,0.8056057866184448,0.12793851717902352,0.7758048651134742,0.8681260010678057,0.9484783769353977,0.9002669514148425,0.8110307414104883,0.825497287522604,0.8145569620253165,HYPE GAP
P458216,Mini Yo Glow AHA & BHA Facial Enzyme Scrub,Wishful,38190,4.246,2207.0,21.0,Skincare,Mini Size,,0,0,0,1,2212.0,4.244122965641953,0.825497287522604,0.8056057866184448,0.12793851717902352,0.7758048651134742,0.7634810464495462,0.9484783769353977,0.8374799786438868,0.8110307414104883,0.825497287522604,0.8145569620253165,HYPE GAP
P461213,Honey Balm Niacinamide Moisturizer,Wishful,25888,4.1887,657.0,43.0,Skincare,Moisturizers,Moisturizers,0,0,0,1,657.0,4.188736681887367,0.7990867579908676,0.7853881278538812,0.1628614916286149,0.8048178258791538,0.6711158569140416,0.7661505605979712,0.7091297383876134,0.7971841704718416,0.7990867579908676,0.7959855403348554,HYPE GAP
P471111,Yo Detox Charcoal Face & Body Enzyme Scrub,Wishful,8346,4.7554,462.0,39.0,Skincare,Cleansers,Exfoliators,0,0,0,1,462.0,4.755411255411255,0.9718614718614719,0.9632034632034632,0.010822510822510822,0.8195472905068721,0.31286705819540844,0.6673785371062466,0.4546716497597437,0.9388528138528138,0.9718614718614719,0.9524080086580087,HIDDEN GEM
P466163,Thirst Trap Juice Hyaluronic Acid & Peptide Hydrating Facial Serum,Wishful,19684,4.6106,434.0,47.0,Skincare,Treatments,Face Serums,0,0,0,1,434.0,4.610599078341014,0.9216589861751152,0.923963133640553,0.04838709677419355,0.764499452470535,0.5947677522690871,0.6473571809930593,0.615803523758676,0.9026497695852536,0.9216589861751152,0.911549539170507,HERO PRODUCT
P463665,Get Even Rose Face Oil,Wishful,12439,4.3926,377.0,63.0,Skincare,Moisturizers,Face Oils,0,0,0,1,379.0,4.395778364116095,0.8970976253298153,0.8680738786279684,0.055408970976253295,0.7906152849122882,0.44794447410571275,0.602242391884677,0.5096636412172985,0.8489445910290236,0.8970976253298153,0.8662598944591029,HERO PRODUCT
P475629,Honey Whip Peptide and Collagen Moisturizer,Wishful,15716,4.5697,330.0,43.0,Skincare,Moisturizers,Moisturizers,0,0,0,1,331.0,4.56797583081571,0.9003021148036254,0.8882175226586103,0.0634441087613293,0.7716043278397549,0.5242925787506674,0.5675387079551522,0.5415910304324614,0.8919939577039275,0.9003021148036254,0.8939199395770393,HERO PRODUCT
P501790,Pillowgasm Vitamin-Rich Cherry Glow Sleep Mask,Wishful,5771,4.4154,65.0,39.0,Skincare,Masks,Face Masks,0,0,0,1,66.0,4.424242424242424,0.9090909090909091,0.8939393939393939,0.06060606060606061,0.7393763238607451,0.21516284036305391,0.16524292578750668,0.19519487453283502,0.856060606060606,0.9090909090909091,0.8776515151515152,HIDDEN GEM
P500428,Lift & Contour 1% Bakuchiol & Peptide Eye Serum,Wishful,11916,4.0,26.0,45.0,Skincare,Eye Care,Eye Creams & Treatments,0,0,0,1,26.0,4.0,0.6923076923076923,0.7307692307692307,0.15384615384615385,0.795434303905653,0.4351308061932728,0.007741591030432461,0.2641751201281367,0.75,0.6923076923076923,0.7298076923076923,LOW TRACTION
P411387,Superfood Antioxidant Cleanser,Youth To The People,404142,4.2112,5851.0,39.0,Skincare,Cleansers,Face Wash & Cleansers,0,0,0,0,5864.0,4.20975443383356,0.800704845814978,0.7733628922237381,0.13250341064120055,0.7863881793136487,0.996262680192205,0.9951948745328351,0.995835557928457,0.8024386084583901,0.800704845814978,0.7975571222301687,HYPE GAP
P441644,Mini Superfood Antioxidant Cleanser,Youth To The People,121678,4.2121,5841.0,14.0,Skincare,Mini Size,,0,0,0,0,5854.0,4.210625213529211,0.8010591350397176,0.7736590365562009,0.13238811069354287,0.786404256330768,0.9482114255205553,0.99466097170315,0.9667912439935932,0.8026563033823026,0.8010591350397176,0.7978275628556118,HYPE GAP
P440307,Superberry Hydrate + Glow Dream Night Mask with Vitamin C,Youth To The People,248887,4.3237,2354.0,52.0,Skincare,Masks,Face Masks,0,0,0,0,2355.0,4.323991507430998,0.824203821656051,0.8055201698513801,0.12526539278131635,0.8060566319504254,0.9839829151094501,0.9506139882541378,0.9706353443673252,0.8309978768577495,0.824203821656051,0.8251380042462846,HYPE GAP
P461555,Mini Superberry Hydrate + Glow Dream Mask,Youth To The People,79524,4.3237,2354.0,18.0,Skincare,Mini Size,,0,0,0,0,2355.0,4.323991507430998,0.824203821656051,0.8055201698513801,0.12526539278131635,0.8060566319504254,0.9076348104644955,0.9506139882541378,0.9248264815803524,0.8309978768577495,0.824203821656051,0.8251380042462846,HYPE GAP
P432829,Adaptogen Deep Moisturizing Cream with Ashwagandha + Reishi,Youth To The People,104812,4.3655,2071.0,58.0,Skincare,Moisturizers,Moisturizers,0,0,0,0,2073.0,4.364206464061747,0.8326097443318862,0.8162083936324168,0.10805595754944525,0.8218510637185963,0.9348638547784304,0.9431393486385478,0.9381740523224773,0.8410516160154367,0.8326097443318862,0.8347925711529185,HYPE GAP
P463371,Mini Adaptogen Deep Moisture Cream with Ashwagandha + Reishi,Youth To The People,28957,4.3655,2071.0,18.0,Skincare,Mini Size,,0,0,1,0,2073.0,4.364206464061747,0.8326097443318862,0.8162083936324168,0.10805595754944525,0.8218510637185963,0.7015483182060865,0.9431393486385478,0.798184730379071,0.8410516160154367,0.8326097443318862,0.8347925711529185,HYPE GAP
P411388,Superfood Air-Whip Lightweight Moisturizer with Hyaluronic Acid,Youth To The People,133769,4.0491,1670.0,48.0,Skincare,Moisturizers,Moisturizers,0,0,0,0,1675.0,4.048955223880597,0.7501656726308814,0.7265671641791045,0.16417910447761194,0.7875717245543139,0.9567538707955152,0.9215162840363054,0.9426588360918313,0.7622388059701493,0.7501656726308814,0.7532661196997122,HYPE GAP
P430146,Superberry Hydrate + Glow Dream Oil,Youth To The People,109521,4.5094,1062.0,48.0,Skincare,Moisturizers,Face Oils,0,0,0,0,1062.0,4.509416195856874,0.8851224105461394,0.8662900188323918,0.0951035781544256,0.818954176448403,0.9391350774159103,0.8539775760811532,0.9050720768820074,0.8773540489642184,0.8851224105461394,0.8780249529190207,HERO PRODUCT
P466164,15% Vitamin C + Clean Caffeine Energy Serum,Youth To The People,95527,4.3984,989.0,69.0,Skincare,Treatments,Face Serums,0,0,0,0,993.0,4.3927492447129906,0.850956696878147,0.8459214501510574,0.09566968781470292,0.8194116985189243,0.9263214095034704,0.8382274426054458,0.8910838227442606,0.8481873111782476,0.850956696878147,0.848678247734139,HERO PRODUCT
P477830,Superberry Dream Cleansing Balm,Youth To The People,30088,4.3869,628.0,39.0,Skincare,Cleansers,Face Wash & Cleansers,0,0,0,0,628.0,4.3869426751592355,0.8423566878980892,0.8312101910828026,0.07165605095541401,0.7481905630727609,0.7116924719701014,0.7557394554191137,0.7293112653497064,0.8467356687898089,0.8423566878980892,0.843093152866242,HERO PRODUCT
P455934,Yerba Mate Resurfacing + Exfoliating Energy Facial with Enzymes + Niacinamide,Youth To The People,82444,4.4774,620.0,59.0,Skincare,Cleansers,Exfoliators,0,0,0,0,622.0,4.472668810289389,0.8890675241157556,0.8713826366559485,0.07556270096463022,0.8228173542999279,0.9124399359316604,0.7498665242925787,0.8474105712760278,0.8681672025723473,0.8890675241157556,0.87491961414791,HERO PRODUCT
P475630,Mini Mandelic Acid + Superfood Unity Exfoliant,Youth To The People,36699,4.6747,584.0,16.0,Skincare,Cleansers,Toners,0,0,0,0,585.0,4.668376068376069,0.9401709401709402,0.9264957264957265,0.039316239316239315,0.8182564487981939,0.7533368926855313,0.7354511478910838,0.7461825947677523,0.9170940170940172,0.9401709401709402,0.9254273504273505,HERO PRODUCT
P463144,Dream Eye Cream with Vitamin C and Ceramides,Youth To The People,54679,3.8645,546.0,48.0,Skincare,Eye Care,Eye Creams & Treatments,0,0,0,0,547.0,3.8647166361974405,0.7020109689213894,0.6819012797074955,0.2303473491773309,0.8228226250477051,0.8398291510945008,0.7205018686599038,0.792098238120662,0.7161791590493601,0.7020109689213894,0.7067870201096892,HYPE GAP
P479362,Triple Peptide Hydrating + Firming Oasis Serum with Hyaluronic Acid,Youth To The People,55041,4.5142,459.0,54.0,Skincare,Treatments,Face Serums,0,0,0,0,462.0,4.5064935064935066,0.8917748917748918,0.8766233766233766,0.05411255411255411,0.749458814782599,0.8430325680726107,0.6673785371062466,0.7727709556860651,0.8766233766233766,0.8917748917748918,0.8811688311688313,HERO PRODUCT
P444980,Adaptogen Soothe + Hydrate Activated Mist with Peptides,Youth To The People,34503,4.1878,394.0,42.0,Skincare,Moisturizers,Mists & Essences,0,0,0,0,396.0,4.184343434343434,0.7929292929292929,0.7702020202020202,0.15404040404040403,0.7962679372945793,0.7426588360918313,0.6155899626268019,0.6918312867058195,0.7960858585858586,0.7929292929292929,0.7912563131313131,HYPE GAP
P500138,Polypeptide-121 Future Cream with Peptides and Ceramides,Youth To The People,29088,4.4403,377.0,68.0,Skincare,Moisturizers,Moisturizers,0,0,0,1,381.0,4.446194225721785,0.8976377952755905,0.8661417322834646,0.06299212598425197,0.46385855059119036,0.7036839295248265,0.603310197544047,0.6635344367325147,0.8615485564304461,0.8976377952755905,0.8730643044619422,HERO PRODUCT
P470065,Superclay Purify + Clear Power Mask with Niacinamide,Youth To The People,62672,4.4595,346.0,38.0,Skincare,Masks,Face Masks,0,0,0,0,349.0,4.444126074498567,0.8825214899713467,0.8538681948424068,0.07736389684813753,0.8492170283570886,0.8659903897490657,0.5822210357714895,0.7524826481580352,0.8610315186246418,0.8825214899713467,0.8664040114613181,HERO PRODUCT
P416923,Superfood Hydrate + Firm Peptide Eye Cream,Youth To The People,38812,3.6564,326.0,38.0,Skincare,Eye Care,Eye Creams & Treatments,0,0,0,0,326.0,3.6564417177914113,0.6097560975609756,0.5766871165644172,0.24233128834355827,0.7950196144836289,0.7677522690870262,0.5664709022957821,0.6872397223705285,0.6641104294478528,0.6097560975609756,0.6346906329492743,HYPE GAP
P482329,Retinal + Niacinamide Youth Serum,Youth To The People,41445,4.5841,315.0,69.0,Skincare,Treatments,Face Serums,0,0,0,0,317.0,4.586750788643533,0.9400630914826499,0.9148264984227129,0.04100946372239748,0.6585011657501132,0.785904965296316,0.5579284570208222,0.6947143619861185,0.8966876971608833,0.9400630914826499,0.9124211356466878,HERO PRODUCT
P502479,Kombucha + 10% AHA Liquid Exfoliant with Lactic Acid and Glycolic Acid,Youth To The People,11299,4.5926,81.0,42.0,Skincare,Cleansers,Exfoliators,0,0,0,0,82.0,4.597560975609756,0.926829268292683,0.9024390243902439,0.06097560975609756,0.8248166850634984,0.4143085958355579,0.21569674319273893,0.3348638547784303,0.899390243902439,0.926829268292683,0.908079268292683,HIDDEN GEM
P473336,The Youth System,Youth To The People,53522,4.5526,76.0,59.0,Skincare,Value & Gift Sets,,0,0,0,0,77.0,4.5064935064935066,0.8961038961038961,0.8701298701298701,0.09090909090909091,0.766029890154449,0.8376935397757608,0.201815269620929,0.583342231713828,0.8766233766233766,0.8961038961038961,0.8814935064935066,HERO PRODUCT
P504313,Peptides + C Energy Eye Concentrate with Vitamin C and Caffeine,Youth To The People,3420,4.8,45.0,48.0,Skincare,Eye Care,Eye Creams & Treatments,0,1,0,1,50.0,4.78,0.98,0.96,0.02,0.6071428666512172,0.11478910838227442,0.11478910838227442,0.11478910838227441,0.9450000000000001,0.98,0.95775,HIDDEN GEM
