product_id,skin_type,Reviews,Rating,Recommendation
P107306,combination,111,4.054054054054054,0.7560975609756098
P107306,dry,40,4.45,0.7777777777777778
P107306,normal,27,4.407407407407407,0.75
P107306,oily,22,2.772727272727273,0.2857142857142857
P114902,combination,525,4.392380952380952,0.8655913978494624
P114902,dry,66,4.409090909090909,0.8205128205128205
P114902,normal,74,4.527027027027027,0.9
P114902,oily,249,4.48995983935743,0.9052631578947369
P12045,combination,655,4.482442748091603,0.8971631205673759
P12045,dry,254,4.4015748031496065,0.8264840182648402
P12045,normal,111,4.423423423423423,0.8433734939759037
P12045,oily,130,4.415384615384616,0.847457627118644
P122651,combination,64,4.40625,0.8095238095238095
P122651,dry,75,4.546666666666667,0.9166666666666666
P122651,normal,11,4.818181818181818,1.0
P122651,oily,9,4.555555555555555,1.0
P122661,combination,252,4.472222222222222,0.7647058823529411
P122661,dry,91,4.648351648351649,0.8333333333333334
P122661,normal,57,4.684210526315789,0.8461538461538461
P122661,oily,56,4.25,0.8
P122718,combination,399,4.609022556390977,0.8251748251748252
P122718,dry,51,4.117647058823529,0.75
P122718,normal,48,4.666666666666667,0.8461538461538461
P122718,oily,179,4.692737430167598,0.82
P122727,combination,127,4.094488188976378,0.7407407407407407
P122727,dry,40,4.3,1.0
P122727,normal,39,4.230769230769231,0.75
P122727,oily,21,4.238095238095238,1.0
P122762,combination,379,4.554089709762533,0.7936507936507936
P122762,dry,75,4.453333333333333,0.6666666666666666
P122762,normal,106,4.5754716981132075,0.8235294117647058
P122762,oily,82,4.2682926829268295,0.7037037037037037
P122767,combination,71,4.042253521126761,0.6
P122767,dry,24,3.5416666666666665,0.4
P122767,normal,13,4.153846153846154,0.5
P122767,oily,18,4.111111111111111,
P122774,combination,689,4.104499274310595,0.72
P122774,dry,128,4.234375,0.8157894736842105
P122774,normal,179,4.145251396648045,0.7777777777777778
P122774,oily,137,4.08029197080292,0.8636363636363636
P122782,combination,124,4.290322580645161,0.7083333333333334
P122782,dry,50,4.52,0.8888888888888888
P122782,normal,23,4.173913043478261,0.6666666666666666
P122782,oily,17,4.470588235294118,0.875
P122876,combination,46,4.239130434782608,0.8888888888888888
P122876,dry,3,5.0,
P122876,normal,5,4.0,
P122876,oily,135,4.45925925925926,0.7777777777777778
P122881,combination,482,4.329875518672199,0.8454545454545455
P122881,dry,6,3.8333333333333335,0.75
P122881,normal,35,4.257142857142857,0.8461538461538461
P122881,oily,186,4.446236559139785,0.8363636363636363
P122882,combination,719,4.415855354659249,0.8289473684210527
P122882,dry,149,4.3355704697986575,0.782608695652174
P122882,normal,158,4.2594936708860756,0.8444444444444444
P122882,oily,62,4.274193548387097,0.9166666666666666
P122900,combination,1828,4.447483588621444,0.8446969696969697
P122900,dry,134,4.082089552238806,0.7741935483870968
P122900,normal,198,4.515151515151516,0.9014084507042254
P122900,oily,845,4.521893491124261,0.8996138996138996
P12295,combination,335,4.435820895522388,0.8404255319148937
P12295,dry,133,4.518796992481203,0.8690476190476191
P12295,normal,89,4.550561797752809,0.8301886792452831
P12295,oily,45,4.666666666666667,0.9629629629629629
P12336,combination,583,4.2281303602058316,0.8162393162393162
P12336,dry,239,4.2677824267782425,0.8282828282828283
P12336,normal,128,4.3359375,0.8958333333333334
P12336,oily,110,4.172727272727273,0.8350515463917526
P12573,combination,809,4.651421508034611,0.9097387173396675
P12573,dry,291,4.594501718213058,0.8959537572254336
P12573,normal,203,4.684729064039409,0.9245283018867925
P12573,oily,222,4.77027027027027,0.9130434782608695
P126301,combination,1919,4.503908285565399,0.8727810650887574
P126301,dry,640,4.5484375,0.8776824034334764
P126301,normal,419,4.4606205250596656,0.8361774744027304
P126301,oily,491,4.547861507128309,0.8691860465116279
P139000,combination,1023,4.432062561094819,0.8854625550660793
P139000,dry,230,4.256521739130434,0.7692307692307693
P139000,normal,173,4.22543352601156,0.7333333333333333
P139000,oily,305,4.406557377049181,0.896551724137931
P164932,combination,718,4.522284122562674,0.8013698630136986
P164932,dry,204,4.387254901960785,0.7450980392156863
P164932,normal,253,4.58893280632411,0.8888888888888888
P164932,oily,151,4.490066225165563,0.7714285714285715
P173619,combination,138,4.384057971014493,0.8899082568807339
P173619,dry,45,4.4,0.8648648648648649
P173619,normal,49,4.408163265306122,0.8333333333333334
P173619,oily,12,3.75,0.6363636363636364
P173622,combination,21,4.714285714285714,1.0
P173622,dry,4,4.25,
P173622,normal,1,5.0,1.0
P173622,oily,4,4.75,1.0
P173652,combination,154,4.558441558441558,0.8461538461538461
P173652,dry,79,4.708860759493671,0.875
P173652,normal,46,4.478260869565218,0.8333333333333334
P173652,oily,13,4.3076923076923075,0.5
P173726,combination,946,4.8160676532769555,0.9554973821989529
P173726,dry,355,4.763380281690141,0.936026936026936
P173726,normal,243,4.88477366255144,0.9792746113989638
P173726,oily,214,4.747663551401869,0.9333333333333333
P174502,combination,616,4.1769480519480515,0.7719298245614035
P174502,dry,171,4.052631578947368,0.7735849056603774
P174502,normal,126,4.079365079365079,0.6744186046511628
P174502,oily,128,4.2265625,0.7037037037037037
P188306,combination,261,3.9272030651340994,0.8571428571428571
P188306,dry,22,4.0,0.8888888888888888
P188306,normal,26,3.423076923076923,0.8333333333333334
P188306,oily,150,4.24,0.9230769230769231
P188307,combination,449,4.327394209354121,0.8561643835616438
P188307,dry,30,4.8,1.0
P188307,normal,49,4.448979591836735,0.8333333333333334
P188307,oily,240,4.575,0.88
P188309,combination,436,4.213302752293578,0.7777777777777778
P188309,dry,52,4.115384615384615,0.8333333333333334
P188309,normal,54,3.8703703703703702,0.7727272727272727
P188309,oily,258,4.228682170542636,0.8076923076923077
P196524,combination,200,4.335,0.6153846153846154
P196524,dry,19,4.368421052631579,0.8333333333333334
P196524,normal,18,4.444444444444445,1.0
P196524,oily,104,4.326923076923077,0.9090909090909091
P196542,combination,218,4.10091743119266,0.8125
P196542,dry,39,4.256410256410256,0.6666666666666666
P196542,normal,47,4.1063829787234045,0.6666666666666666
P196542,oily,68,4.1911764705882355,1.0
P201439,combination,137,4.211678832116788,0.8064516129032258
P201439,dry,60,4.4,0.9444444444444444
P201439,normal,19,3.263157894736842,0.16666666666666666
P201439,oily,15,3.4,0.75
P201440,combination,278,4.0071942446043165,0.6610169491525424
P201440,dry,111,4.261261261261262,0.7586206896551724
P201440,normal,52,3.769230769230769,0.6
P201440,oily,33,3.8484848484848486,0.6666666666666666
P202935,combination,11,4.454545454545454,0.75
P202935,dry,15,4.333333333333333,0.75
P202935,normal,4,4.5,
P203616,combination,404,4.433168316831683,0.9180327868852459
P203616,dry,108,4.574074074074074,0.9487179487179487
P203616,normal,96,4.46875,0.8666666666666667
P203616,oily,99,4.181818181818182,0.9047619047619048
P2043,combination,120,4.691666666666666,0.9230769230769231
P2043,dry,50,4.3,0.8
P2043,normal,36,4.444444444444445,0.8333333333333334
P2043,oily,23,4.565217391304348,0.9375
P2046,combination,15,4.6,0.8666666666666667
P2046,dry,3,5.0,1.0
P2046,normal,2,4.0,0.5
P2046,oily,2,4.5,1.0
P205614,combination,146,3.5616438356164384,0.4791666666666667
P205614,dry,48,3.6875,0.6363636363636364
P205614,normal,75,3.5866666666666664,0.6363636363636364
P205614,oily,23,3.869565217391304,0.75
P214002,combination,454,4.20704845814978,0.8161290322580645
P214002,dry,254,4.28740157480315,0.8203592814371258
P214002,normal,90,4.133333333333334,0.8571428571428571
P214002,oily,67,4.17910447761194,0.8833333333333333
P217513,combination,202,4.435643564356436,0.8583333333333333
P217513,dry,64,4.453125,0.8723404255319149
P217513,normal,53,4.433962264150943,0.896551724137931
P217513,oily,36,4.472222222222222,0.8846153846153846
P217931,combination,82,4.2317073170731705,0.75
P217931,dry,9,4.0,0.75
P217931,normal,14,4.5,1.0
P217931,oily,18,3.9444444444444446,0.75
P217932,combination,176,4.420454545454546,0.8055555555555556
P217932,dry,30,4.3,0.8666666666666667
P217932,normal,51,4.549019607843137,0.8947368421052632
P217932,oily,29,4.586206896551724,1.0
P218700,combination,2453,4.504688136975132,0.8738404452690167
P218700,dry,901,4.4617092119866815,0.8480392156862745
P218700,normal,593,4.527824620573356,0.8307692307692308
P218700,oily,453,4.49448123620309,0.8390804597701149
P230538,combination,571,4.562171628721541,0.8558558558558559
P230538,dry,153,4.555555555555555,0.85
P230538,normal,150,4.6866666666666665,1.0
P230538,oily,111,4.576576576576577,0.8666666666666667
P232327,combination,110,3.8545454545454545,0.5853658536585366
P232327,dry,38,4.2631578947368425,0.5833333333333334
P232327,normal,24,3.875,0.42857142857142855
P232327,oily,25,3.84,0.7272727272727273
P232902,combination,99,4.090909090909091,0.8
P232902,dry,34,4.176470588235294,0.8333333333333334
P232902,normal,25,4.32,1.0
P232902,oily,10,4.6,1.0
P232903,combination,1332,4.25975975975976,0.8185328185328186
P232903,dry,183,4.054644808743169,0.7380952380952381
P232903,normal,210,4.109523809523809,0.7157894736842105
P232903,oily,466,4.120171673819742,0.6900584795321637
P232906,combination,323,4.114551083591332,0.746031746031746
P232906,dry,19,3.473684210526316,0.7142857142857143
P232906,normal,26,4.3076923076923075,0.7777777777777778
P232906,oily,141,4.219858156028369,0.7105263157894737
P232907,combination,284,4.464788732394366,0.90625
P232907,dry,26,4.461538461538462,0.9166666666666666
P232907,normal,39,4.538461538461538,0.9090909090909091
P232907,oily,129,4.48062015503876,0.9074074074074074
P232910,combination,226,4.1371681415929205,0.7272727272727273
P232910,dry,138,3.9782608695652173,0.703125
P232910,normal,55,3.8545454545454545,0.6206896551724138
P232910,oily,41,4.341463414634147,0.7777777777777778
P232915,combination,933,4.471596998928189,0.9067245119305857
P232915,dry,258,4.461240310077519,0.8727272727272727
P232915,normal,251,4.47410358565737,0.9202898550724637
P232915,oily,219,4.360730593607306,0.8170731707317073
P232920,combination,32,4.03125,0.8571428571428571
P232920,dry,13,3.8461538461538463,0.5
P232920,normal,13,3.6153846153846154,
P232920,oily,5,4.4,
P244701,combination,67,4.417910447761194,0.8888888888888888
P244701,dry,3,4.0,1.0
P244701,normal,6,4.166666666666667,
P244701,oily,46,4.586956521739131,0.8333333333333334
P248404,combination,2033,4.405804230201673,0.8631178707224335
P248404,dry,799,4.3729662077597,0.837471783295711
P248404,normal,398,4.228643216080402,0.8093023255813954
P248404,oily,379,4.3403693931398415,0.8520408163265306
P248407,combination,2708,4.5310192023633675,0.8357211079274116
P248407,dry,1826,4.4879518072289155,0.8281938325991189
P248407,normal,578,4.527681660899654,0.826271186440678
P248407,oily,375,4.533333333333333,0.8502994011976048
P251529,combination,238,4.38655462184874,0.8311688311688312
P251529,dry,79,4.30379746835443,0.6153846153846154
P251529,normal,80,4.25,0.7391304347826086
P251529,oily,70,4.285714285714286,0.8666666666666667
P254720,combination,424,4.372641509433962,0.832
P254720,dry,54,4.611111111111111,0.9
P254720,normal,55,4.345454545454546,0.875
P254720,oily,144,4.243055555555555,0.7631578947368421
P257537,combination,372,3.8225806451612905,0.5714285714285714
P257537,dry,84,3.880952380952381,0.6153846153846154
P257537,normal,111,3.6936936936936937,0.4375
P257537,oily,81,3.7160493827160495,0.5714285714285714
P266126,combination,952,4.376050420168068,0.7724358974358975
P266126,dry,264,4.409090909090909,0.839622641509434
P266126,normal,244,4.368852459016393,0.8076923076923077
P266126,oily,203,4.216748768472907,0.7435897435897436
P268700,combination,143,4.4125874125874125,0.7540983606557377
P268700,dry,117,4.3247863247863245,0.7
P268700,normal,41,4.439024390243903,0.875
P268700,oily,25,3.72,0.6666666666666666
P269122,combination,3509,4.556853804502707,0.9442313366774859
P269122,dry,907,4.556780595369349,0.9417693169092946
P269122,normal,794,4.520151133501259,0.9343832020997376
P269122,oily,759,4.536231884057971,0.9233983286908078
P270543,combination,82,4.341463414634147,0.9032258064516129
P270543,dry,39,4.051282051282051,0.875
P270543,normal,17,4.235294117647059,0.7142857142857143
P270543,oily,11,3.8181818181818183,1.0
P270544,combination,138,4.007246376811594,0.8275862068965517
P270544,dry,54,4.351851851851852,0.7142857142857143
P270544,normal,42,3.9285714285714284,1.0
P270544,oily,35,4.2,0.8888888888888888
P270594,combination,1557,4.588310854206808,0.9391660970608339
P270594,dry,668,4.600299401197605,0.9264475743348983
P270594,normal,384,4.638020833333333,0.925414364640884
P270594,oily,321,4.548286604361371,0.9225589225589226
P271682,combination,185,3.7513513513513512,0.5789473684210527
P271682,dry,64,3.40625,0.42105263157894735
P271682,normal,90,3.2111111111111112,0.5217391304347826
P271682,oily,38,3.736842105263158,0.5384615384615384
P278317,combination,739,4.2774018944519625,0.8365695792880259
P278317,dry,312,4.42948717948718,0.8703703703703703
P278317,normal,162,4.216049382716049,0.8015267175572519
P278317,oily,168,4.255952380952381,0.8561643835616438
P281835,combination,246,4.0772357723577235,0.7828282828282829
P281835,dry,64,4.015625,0.8035714285714286
P281835,normal,74,3.9054054054054053,0.6964285714285714
P281835,oily,46,3.717391304347826,0.75
P282920,combination,180,3.9,0.75
P282920,dry,30,4.033333333333333,1.0
P282920,normal,32,3.75,1.0
P282920,oily,82,3.658536585365854,0.6
P282935,combination,83,4.397590361445783,0.5555555555555556
P282935,dry,40,4.4,0.7142857142857143
P282935,normal,32,4.21875,0.6
P282935,oily,15,4.133333333333334,0.5
P283106,combination,230,3.2304347826086954,0.460431654676259
P283106,dry,82,3.317073170731707,0.5102040816326531
P283106,normal,99,3.121212121212121,0.3728813559322034
P283106,oily,55,3.581818181818182,0.6
P283501,combination,484,4.06198347107438,0.7368421052631579
P283501,dry,168,4.011904761904762,0.6338028169014085
P283501,normal,108,3.9074074074074074,0.68
P283501,oily,101,4.1683168316831685,0.65625
P294018,combination,101,4.475247524752476,0.7608695652173914
P294018,dry,36,4.166666666666667,0.7142857142857143
P294018,normal,28,4.464285714285714,0.875
P294018,oily,23,4.869565217391305,1.0
P296413,combination,110,4.1909090909090905,0.696969696969697
P296413,dry,39,4.17948717948718,0.6363636363636364
P296413,normal,30,4.166666666666667,0.6666666666666666
P296413,oily,20,4.5,0.8571428571428571
P296415,combination,82,4.390243902439025,0.7
P296415,dry,33,4.212121212121212,0.5
P296415,normal,31,4.225806451612903,1.0
P296415,oily,16,4.625,1.0
P297516,combination,1615,4.355417956656347,0.8318385650224215
P297516,dry,291,4.0687285223367695,0.797979797979798
P297516,normal,295,4.410169491525424,0.8556701030927835
P297516,oily,332,4.1656626506024095,0.8019323671497585
P297517,combination,813,3.9483394833948338,0.7391304347826086
P297517,dry,147,3.7142857142857144,0.6851851851851852
P297517,normal,126,3.7936507936507935,0.7088607594936709
P297517,oily,246,3.9634146341463414,0.7272727272727273
P297524,combination,962,4.393970893970894,0.8738738738738738
P297524,dry,202,4.198019801980198,0.8383838383838383
P297524,normal,194,4.407216494845361,0.8901098901098901
P297524,oily,237,4.350210970464135,0.874439461883408
P297531,combination,213,3.948356807511737,0.6931818181818182
P297531,dry,65,4.246153846153846,0.92
P297531,normal,52,4.288461538461538,0.8518518518518519
P297531,oily,42,3.8095238095238093,0.56
P297551,combination,293,4.351535836177474,0.8581560283687943
P297551,dry,57,4.298245614035087,0.8113207547169812
P297551,normal,44,4.7272727272727275,0.926829268292683
P297551,oily,90,4.433333333333334,0.8620689655172413
P302103,combination,886,4.230248306997742,0.7902511078286558
P302103,dry,293,4.26962457337884,0.7927927927927928
P302103,normal,282,4.23404255319149,0.7596153846153846
P302103,oily,179,4.229050279329609,0.7832167832167832
P302900,combination,58,4.275862068965517,0.8
P302900,dry,17,4.235294117647059,0.6666666666666666
P302900,normal,15,4.333333333333333,0.6666666666666666
P302900,oily,8,4.5,1.0
P306941,combination,316,4.265822784810126,0.8606271777003485
P306941,dry,110,4.254545454545455,0.8469387755102041
P306941,normal,71,4.295774647887324,0.9
P306941,oily,56,4.267857142857143,0.9019607843137255
P309306,combination,222,4.337837837837838,0.8166666666666667
P309306,dry,161,4.354037267080745,0.8046875
P309306,normal,60,4.133333333333334,0.7058823529411765
P309306,oily,41,4.682926829268292,0.9230769230769231
P309308,combination,2564,4.343603744149766,0.8523521192361434
P309308,dry,816,4.4056372549019605,0.8488372093023255
P309308,normal,613,4.264274061990212,0.8249496981891348
P309308,oily,557,4.287253141831239,0.8430962343096234
P309310,combination,515,3.811650485436893,0.7203883495145631
P309310,dry,143,4.188811188811189,0.8391608391608392
P309310,normal,116,3.5344827586206895,0.6810344827586207
P309310,oily,167,3.92814371257485,0.7485029940119761
P309409,combination,21,3.4285714285714284,0.5
P309409,dry,4,5.0,1.0
P309409,normal,2,3.0,
P309409,oily,6,3.5,0.5
P311143,combination,216,4.3657407407407405,0.8099173553719008
P311143,dry,62,4.193548387096774,0.717948717948718
P311143,normal,65,4.476923076923077,0.8333333333333334
P311143,oily,48,4.3125,0.9310344827586207
P34402,combination,256,4.28515625,0.8777777777777778
P34402,dry,25,4.48,0.8666666666666667
P34402,normal,25,4.24,1.0
P34402,oily,108,4.324074074074074,0.8292682926829268
P3550,combination,282,4.280141843971631,0.7894736842105263
P3550,dry,26,4.076923076923077,0.6363636363636364
P3550,normal,41,4.487804878048781,0.875
P3550,oily,146,4.205479452054795,0.7878787878787878
P3617,combination,318,4.455974842767295,0.8605769230769231
P3617,dry,40,4.475,0.8285714285714286
P3617,normal,36,4.25,0.8571428571428571
P3617,oily,125,4.44,0.8533333333333334
P374115,combination,32,4.125,0.875
P374115,dry,2,1.5,0.0
P374115,normal,2,3.5,
P374115,oily,23,4.130434782608695,1.0
P374841,combination,84,3.0595238095238093,0.5454545454545454
P374841,dry,26,3.3076923076923075,0.2857142857142857
P374841,normal,35,3.2285714285714286,0.25
P374841,oily,22,3.0,0.4
P375354,combination,16,4.3125,0.8
P375354,dry,5,4.4,1.0
P375354,normal,6,4.833333333333333,
P375534,combination,387,4.204134366925064,0.8129770992366412
P375534,dry,189,4.2063492063492065,0.8017241379310345
P375534,normal,96,4.208333333333333,0.7857142857142857
P375534,oily,59,4.11864406779661,0.7446808510638298
P375841,combination,523,4.202676864244742,0.8469184890656064
P375841,dry,152,4.0,0.8125
P375841,normal,140,3.992857142857143,0.816793893129771
P375841,oily,113,4.079646017699115,0.8090909090909091
P375849,combination,1556,4.092544987146529,0.7741935483870968
P375849,dry,434,3.988479262672811,0.7323232323232324
P375849,normal,337,4.12759643916914,0.7980769230769231
P375849,oily,298,4.114093959731544,0.779783393501805
P375850,combination,553,4.1500904159132,0.7798861480075902
P375850,dry,139,3.920863309352518,0.7352941176470589
P375850,normal,106,4.2924528301886795,0.8282828282828283
P375850,oily,98,4.122448979591836,0.8125
P375852,combination,117,4.2905982905982905,0.8034188034188035
P375852,dry,44,3.5,0.5681818181818182
P375852,normal,21,4.0476190476190474,0.7619047619047619
P375852,oily,17,4.882352941176471,1.0
P375853,combination,583,4.1183533447684395,0.797752808988764
P375853,dry,144,3.986111111111111,0.7426470588235294
P375853,normal,111,4.27027027027027,0.803921568627451
P375853,oily,120,3.933333333333333,0.7378640776699029
P375854,combination,23,4.434782608695652,1.0
P375854,dry,8,4.75,1.0
P375854,normal,5,4.8,
P375854,oily,2,4.0,
P375864,combination,9,4.222222222222222,0.7777777777777778
P375864,dry,2,4.5,1.0
P375864,normal,1,5.0,1.0
P376135,combination,24,4.166666666666667,0.7333333333333333
P376135,dry,7,4.285714285714286,0.8333333333333334
P376135,normal,8,4.375,0.8571428571428571
P376135,oily,7,4.857142857142857,1.0
P376726,combination,501,4.339321357285429,0.8262295081967214
P376726,dry,218,4.321100917431193,0.7792207792207793
P376726,normal,124,4.467741935483871,0.8461538461538461
P376726,oily,128,4.296875,0.8170731707317073
P377178,combination,45,3.9555555555555557,0.75
P377178,dry,24,4.333333333333333,0.9
P377178,normal,8,4.5,0.6666666666666666
P377178,oily,6,2.8333333333333335,0.5
P377368,combination,136,3.9044117647058822,0.7407407407407407
P377368,dry,29,4.137931034482759,0.8095238095238095
P377368,normal,25,3.8,0.7692307692307693
P377368,oily,53,3.547169811320755,0.5714285714285714
P377533,combination,396,4.565656565656566,0.9090909090909091
P377533,dry,95,4.494736842105263,0.8947368421052632
P377533,normal,89,4.51685393258427,0.8764044943820225
P377533,oily,61,4.147540983606557,0.8032786885245902
P377545,combination,349,4.020057306590258,0.7751479289940828
P377545,dry,110,4.036363636363636,0.71875
P377545,normal,95,4.052631578947368,0.803921568627451
P377545,oily,74,3.9324324324324325,0.7619047619047619
P377561,combination,479,4.496868475991649,0.872651356993737
P377561,dry,175,4.702857142857143,0.9428571428571428
P377561,normal,92,4.543478260869565,0.8804347826086957
P377561,oily,126,4.396825396825397,0.873015873015873
P377570,combination,211,4.606635071090047,0.8992248062015504
P377570,dry,137,4.408759124087592,0.8369565217391305
P377570,normal,57,4.578947368421052,0.9090909090909091
P377570,oily,28,4.464285714285714,0.7142857142857143
P377576,combination,47,3.978723404255319,0.9375
P377576,dry,21,3.5714285714285716,0.625
P377576,normal,10,3.1,0.6666666666666666
P377576,oily,13,4.3076923076923075,0.8
P377577,combination,86,4.523255813953488,0.872093023255814
P377577,dry,59,4.694915254237288,0.9322033898305084
P377577,normal,18,4.111111111111111,0.7222222222222222
P377577,oily,12,4.166666666666667,0.75
P377919,combination,37,4.594594594594595,0.8888888888888888
P377919,dry,20,3.8,0.7
P377919,normal,14,3.9285714285714284,0.7142857142857143
P377919,oily,8,5.0,1.0
P378219,combination,14,3.7142857142857144,0.7857142857142857
P378219,dry,4,4.5,0.75
P378219,normal,1,5.0,1.0
P378219,oily,1,5.0,1.0
P378852,combination,1010,4.393069306930693,0.8786231884057971
P378852,dry,261,4.149425287356322,0.7916666666666666
P378852,normal,259,4.378378378378378,0.8657718120805369
P378852,oily,237,4.405063291139241,0.8866666666666667
P379009,combination,16,3.6875,0.625
P379009,dry,7,3.2857142857142856,0.5
P379009,normal,6,3.3333333333333335,0.5
P379009,oily,1,5.0,1.0
P379064,combination,20,4.8,0.95
P379064,dry,2,5.0,1.0
P379064,normal,7,5.0,1.0
P379064,oily,6,4.666666666666667,1.0
P379510,combination,779,4.428754813863928,0.8949771689497716
P379510,dry,245,4.416326530612245,0.8868778280542986
P379510,normal,246,4.414634146341464,0.8925233644859814
P379510,oily,180,4.366666666666666,0.8782051282051282
P379704,combination,33,4.424242424242424,0.9565217391304348
P379704,dry,14,3.7857142857142856,0.6666666666666666
P379704,normal,10,4.3,0.8571428571428571
P379704,oily,8,3.5,0.6
P379705,combination,33,3.909090909090909,0.6774193548387096
P379705,dry,12,4.583333333333333,0.9090909090909091
P379705,oily,6,3.5,0.6666666666666666
P379707,combination,307,4.371335504885994,0.8501628664495114
P379707,dry,117,4.52991452991453,0.8974358974358975
P379707,normal,62,4.387096774193548,0.8064516129032258
P379707,oily,57,4.350877192982456,0.8596491228070176
P379709,combination,58,3.5,0.5777777777777777
P379709,dry,27,3.962962962962963,0.7142857142857143
P379709,normal,22,2.272727272727273,0.21052631578947367
P379709,oily,8,4.0,0.6
P379710,combination,327,4.477064220183486,0.9049429657794676
P379710,dry,128,4.5703125,0.9428571428571428
P379710,normal,86,4.465116279069767,0.8611111111111112
P379710,oily,67,4.417910447761194,0.8867924528301887
P379711,combination,119,3.638655462184874,0.6265060240963856
P379711,dry,43,3.2325581395348837,0.5
P379711,normal,34,2.8529411764705883,0.3333333333333333
P379711,oily,12,2.8333333333333335,0.4
P379907,combination,17,4.705882352941177,0.9333333333333333
P379907,dry,7,4.857142857142857,1.0
P379907,normal,5,5.0,1.0
P379907,oily,1,5.0,1.0
P379995,combination,42,4.238095238095238,0.7307692307692307
P379995,dry,14,4.0,0.5714285714285714
P379995,normal,6,4.0,1.0
P379995,oily,10,4.2,0.6
P380000,combination,185,4.308108108108108,0.8813559322033898
P380000,dry,28,4.392857142857143,0.9629629629629629
P380000,normal,45,4.466666666666667,0.9512195121951219
P380000,oily,23,4.130434782608695,0.7894736842105263
P380027,combination,50,4.56,0.875
P380027,dry,10,4.2,0.8571428571428571
P380027,normal,12,4.666666666666667,0.8888888888888888
P380027,oily,11,4.181818181818182,0.8333333333333334
P380030,combination,13,3.6923076923076925,0.75
P380030,dry,2,5.0,1.0
P380030,normal,2,4.5,1.0
P380030,oily,4,4.5,1.0
P381020,combination,273,4.153846153846154,0.8151260504201681
P381020,dry,100,3.96,0.7291666666666666
P381020,normal,80,3.9375,0.6818181818181818
P381020,oily,59,4.016949152542373,0.7
P381030,combination,759,4.043478260869565,0.7863636363636364
P381030,dry,454,3.9251101321585904,0.746268656716418
P381030,normal,187,3.7754010695187166,0.6979166666666666
P381030,oily,96,3.6458333333333335,0.7142857142857143
P38217,combination,115,4.530434782608696,0.9259259259259259
P38217,dry,48,4.3125,0.6
P38217,normal,38,4.552631578947368,0.9333333333333333
P38217,oily,15,4.666666666666667,0.8333333333333334
P382204,combination,112,4.276785714285714,0.8214285714285714
P382204,dry,40,4.125,0.8
P382204,normal,19,4.421052631578948,0.8947368421052632
P382204,oily,32,4.4375,0.875
P382356,combination,31,4.096774193548387,0.8
P382356,dry,19,4.157894736842105,0.8181818181818182
P382356,normal,12,3.8333333333333335,0.5714285714285714
P382356,oily,2,3.0,
P383051,combination,33,3.757575757575758,0.6428571428571429
P383051,dry,14,4.285714285714286,1.0
P383051,normal,15,3.8,0.42857142857142855
P383051,oily,3,4.666666666666667,1.0
P383052,combination,43,3.697674418604651,0.5555555555555556
P383052,dry,16,4.0,0.4
P383052,normal,17,3.2941176470588234,0.3
P383052,oily,3,3.6666666666666665,0.5
P383053,combination,63,4.111111111111111,0.6521739130434783
P383053,dry,16,4.375,0.6666666666666666
P383053,normal,20,3.6,0.7272727272727273
P383053,oily,11,4.090909090909091,1.0
P383054,combination,18,3.9444444444444446,0.5
P383054,dry,8,4.375,1.0
P383054,normal,8,4.375,1.0
P383054,oily,4,4.5,1.0
P383308,combination,31,3.870967741935484,0.5714285714285714
P383308,dry,5,4.2,1.0
P383308,normal,8,3.5,0.75
P383308,oily,3,4.666666666666667,1.0
P384537,combination,190,4.226315789473684,0.788235294117647
P384537,dry,88,4.1477272727272725,0.6285714285714286
P384537,normal,56,4.267857142857143,0.875
P384537,oily,20,4.6,0.7
P384539,combination,397,4.292191435768262,0.8586956521739131
P384539,dry,40,4.325,0.8636363636363636
P384539,normal,58,4.310344827586207,0.7727272727272727
P384539,oily,166,4.144578313253012,0.7941176470588235
P384778,combination,220,3.9318181818181817,0.7044334975369458
P384778,dry,58,3.5689655172413794,0.7
P384778,normal,54,3.7777777777777777,0.6530612244897959
P384778,oily,44,3.727272727272727,0.625
P384780,combination,335,4.080597014925373,0.7789473684210526
P384780,dry,216,4.2592592592592595,0.859375
P384780,normal,95,4.221052631578948,0.8333333333333334
P384780,oily,50,4.14,0.7333333333333333
P384821,combination,129,4.263565891472868,0.8604651162790697
P384821,dry,42,4.071428571428571,0.8095238095238095
P384821,normal,19,4.315789473684211,0.8421052631578947
P384821,oily,34,4.882352941176471,1.0
P385253,combination,101,4.00990099009901,0.7397260273972602
P385253,dry,24,4.333333333333333,0.8888888888888888
P385253,normal,20,4.35,0.9285714285714286
P385253,oily,20,4.25,0.6923076923076923
P385262,combination,58,3.689655172413793,0.5675675675675675
P385262,dry,19,3.8947368421052633,0.5384615384615384
P385262,normal,19,3.526315789473684,0.5714285714285714
P385262,oily,10,3.5,0.3333333333333333
P385320,combination,49,3.2448979591836733,0.6097560975609756
P385320,dry,16,4.0,0.8181818181818182
P385320,normal,23,3.260869565217391,0.5909090909090909
P385320,oily,9,4.444444444444445,0.875
P385432,combination,279,4.290322580645161,0.8351254480286738
P385432,dry,54,4.185185185185185,0.8333333333333334
P385432,normal,49,4.36734693877551,0.8367346938775511
P385432,oily,89,4.550561797752809,0.898876404494382
P385631,combination,104,4.3173076923076925,0.835820895522388
P385631,dry,6,4.666666666666667,1.0
P385631,normal,11,4.545454545454546,1.0
P385631,oily,63,4.253968253968254,0.875
P385632,combination,80,4.25,0.8888888888888888
P385632,dry,26,4.1923076923076925,0.875
P385632,normal,17,4.705882352941177,0.9
P385632,oily,7,3.2857142857142856,0.5714285714285714
P385773,combination,63,4.285714285714286,0.8333333333333334
P385773,dry,37,4.216216216216216,0.8928571428571429
P385773,normal,14,3.5,0.5454545454545454
P385773,oily,5,4.2,0.6666666666666666
P386197,combination,266,4.387218045112782,0.868421052631579
P386197,dry,90,4.311111111111111,0.8444444444444444
P386197,normal,77,4.376623376623376,0.8441558441558441
P386197,oily,63,4.333333333333333,0.8571428571428571
P386739,combination,97,4.051546391752577,0.8095238095238095
P386739,dry,35,4.285714285714286,0.8064516129032258
P386739,normal,33,4.0606060606060606,0.6785714285714286
P386739,oily,16,3.875,0.7857142857142857
P386754,combination,309,4.058252427184466,0.7745454545454545
P386754,dry,68,4.279411764705882,0.84375
P386754,normal,49,4.244897959183674,0.8444444444444444
P386754,oily,104,3.7884615384615383,0.6777777777777778
P386755,combination,73,4.342465753424658,0.8611111111111112
P386755,dry,26,4.461538461538462,0.9230769230769231
P386755,normal,16,4.4375,0.9375
P386755,oily,13,4.3076923076923075,0.9
P386757,combination,30,3.8,0.7142857142857143
P386757,dry,5,3.8,0.0
P386757,normal,9,2.6666666666666665,0.375
P386757,oily,8,4.25,0.8571428571428571
P386759,combination,32,4.3125,0.8
P386759,dry,10,4.5,0.9
P386759,normal,9,3.6666666666666665,0.625
P386759,oily,8,3.875,0.6666666666666666
P386760,combination,28,4.357142857142857,0.7647058823529411
P386760,dry,6,4.833333333333333,1.0
P386760,normal,7,4.285714285714286,1.0
P386760,oily,2,4.5,
P386762,combination,26,4.730769230769231,1.0
P386762,dry,8,4.375,0.8333333333333334
P386762,normal,6,5.0,1.0
P386762,oily,2,5.0,1.0
P386764,combination,27,3.037037037037037,0.42105263157894735
P386764,dry,8,3.875,0.25
P386764,normal,7,3.4285714285714284,0.5
P386764,oily,5,3.0,0.4
P387261,combination,208,4.548076923076923,0.9086538461538461
P387261,dry,70,4.814285714285714,0.9714285714285714
P387261,normal,50,4.58,0.9
P387261,oily,52,4.730769230769231,0.9423076923076923
P387511,combination,57,3.8596491228070176,0.53125
P387511,dry,29,4.103448275862069,0.7058823529411765
P387511,normal,20,3.75,0.6363636363636364
P387511,oily,5,3.0,0.25
P388200,combination,107,4.168224299065421,0.6851851851851852
P388200,dry,62,4.435483870967742,0.9354838709677419
P388200,normal,33,3.5454545454545454,0.6
P388200,oily,18,3.888888888888889,0.8571428571428571
P388262,combination,44,3.8636363636363638,0.782608695652174
P388262,dry,19,3.9473684210526314,0.7142857142857143
P388262,normal,19,3.3684210526315788,0.6
P388262,oily,5,3.8,0.0
P388545,combination,54,4.425925925925926,0.8333333333333334
P388545,dry,25,4.64,0.9047619047619048
P388545,normal,20,4.25,0.8
P388545,oily,13,4.923076923076923,1.0
P388982,combination,26,3.769230769230769,0.6363636363636364
P388982,dry,4,4.0,1.0
P388982,normal,11,4.545454545454546,0.8888888888888888
P388982,oily,6,4.5,0.75
P391799,combination,98,4.26530612244898,0.8469387755102041
P391799,dry,56,4.285714285714286,0.7857142857142857
P391799,normal,37,4.027027027027027,0.7567567567567568
P391799,oily,22,4.681818181818182,0.9545454545454546
P391802,combination,180,3.6166666666666667,0.7301587301587301
P391802,dry,64,3.71875,0.8571428571428571
P391802,normal,80,3.1125,0.68
P391802,oily,28,3.8214285714285716,0.8125
P392004,combination,36,4.444444444444445,0.8611111111111112
P392004,dry,17,4.117647058823529,0.8235294117647058
P392004,normal,3,3.3333333333333335,0.6666666666666666
P392004,oily,2,4.5,1.0
P392142,combination,44,3.8636363636363638,0.6666666666666666
P392142,dry,17,4.176470588235294,0.7857142857142857
P392142,normal,9,4.777777777777778,0.8
P392142,oily,5,4.0,0.75
P392143,combination,44,3.8181818181818183,0.7105263157894737
P392143,dry,28,3.607142857142857,0.5714285714285714
P392143,normal,12,4.25,0.8
P392143,oily,7,3.142857142857143,0.4
P392144,combination,86,4.127906976744186,0.765625
P392144,dry,10,4.8,0.9
P392144,normal,17,3.9411764705882355,0.7
P392144,oily,29,4.448275862068965,0.8260869565217391
P392235,combination,835,4.458682634730539,0.8722741433021807
P392235,dry,334,4.476047904191617,0.8804780876494024
P392235,normal,149,4.590604026845638,0.8839285714285714
P392235,oily,150,4.52,0.8740157480314961
P392239,combination,150,4.18,0.7878787878787878
P392239,dry,59,4.423728813559322,0.8653846153846154
P392239,normal,36,4.111111111111111,0.7931034482758621
P392239,oily,42,4.142857142857143,0.8529411764705882
P392245,combination,695,4.2417266187050355,0.7899280575539568
P392245,dry,328,4.3810975609756095,0.850609756097561
P392245,normal,161,4.142857142857143,0.7577639751552795
P392245,oily,129,4.124031007751938,0.7751937984496124
P392246,combination,1587,4.377441713925646,0.8514996342355523
P392246,dry,489,4.404907975460123,0.8560975609756097
P392246,normal,353,4.362606232294618,0.8557377049180328
P392246,oily,405,4.281481481481482,0.8441926345609065
P392248,combination,196,4.392857142857143,0.8187919463087249
P392248,dry,71,4.492957746478873,0.8888888888888888
P392248,normal,37,4.648648648648648,0.875
P392248,oily,36,4.944444444444445,1.0
P392249,combination,160,4.4125,0.8
P392249,dry,46,4.608695652173913,0.8709677419354839
P392249,normal,38,4.342105263157895,0.8333333333333334
P392249,oily,39,4.641025641025641,0.9230769230769231
P392472,combination,41,4.024390243902439,0.8888888888888888
P392472,dry,10,4.2,0.75
P392472,normal,10,4.1,0.8333333333333334
P392472,oily,16,4.125,0.7
P392522,combination,10,4.7,0.9
P392522,dry,4,4.25,0.75
P392522,normal,1,5.0,1.0
P392522,oily,2,5.0,1.0
P392607,combination,56,3.3392857142857144,0.5535714285714286
P392607,dry,12,4.333333333333333,0.75
P392607,normal,15,3.466666666666667,0.4666666666666667
P392607,oily,10,3.9,0.8
P392608,combination,75,4.266666666666667,0.7866666666666666
P392608,dry,18,4.055555555555555,0.7777777777777778
P392608,normal,12,4.166666666666667,0.8333333333333334
P392608,oily,24,4.291666666666667,0.7916666666666666
P392648,combination,75,3.1733333333333333,0.463768115942029
P392648,dry,39,3.6666666666666665,0.6486486486486487
P392648,normal,24,3.25,0.4782608695652174
P392648,oily,17,3.411764705882353,0.625
P39274,combination,730,4.394520547945206,0.828125
P39274,dry,123,4.2926829268292686,0.8
P39274,normal,157,4.414012738853503,0.8974358974358975
P39274,oily,194,4.494845360824742,0.9111111111111111
P392892,combination,16,4.125,0.8333333333333334
P392892,dry,5,3.6,0.3333333333333333
P392892,normal,4,4.75,0.6666666666666666
P392892,oily,1,2.0,
P392945,combination,74,4.027027027027027,0.6666666666666666
P392945,dry,38,4.105263157894737,0.6923076923076923
P392945,normal,14,4.428571428571429,1.0
P392945,oily,20,4.55,0.6666666666666666
P393076,combination,114,4.2631578947368425,0.7982456140350878
P393076,dry,63,4.158730158730159,0.8095238095238095
P393076,normal,37,4.54054054054054,0.8648648648648649
P393076,oily,17,4.470588235294118,0.8823529411764706
P393501,combination,44,4.159090909090909,0.8636363636363636
P393501,dry,5,2.2,0.2
P393501,normal,5,3.8,0.8
P393501,oily,12,3.9166666666666665,0.6666666666666666
P393718,combination,675,4.059259259259259,0.76
P393718,dry,248,4.044354838709677,0.7459677419354839
P393718,normal,180,4.105555555555555,0.8
P393718,oily,135,4.074074074074074,0.7777777777777778
P394124,combination,152,4.065789473684211,0.7786259541984732
P394124,dry,91,4.087912087912088,0.72
P394124,normal,55,3.8,0.8
P394124,oily,18,4.111111111111111,0.8125
P394397,combination,284,4.03169014084507,0.7687074829931972
P394397,dry,102,4.078431372549019,0.7586206896551724
P394397,normal,72,4.083333333333333,0.7368421052631579
P394397,oily,73,4.068493150684931,0.725
P394624,combination,2121,4.552098066949552,0.928388746803069
P394624,dry,1078,4.614100185528757,0.9153094462540716
P394624,normal,454,4.581497797356828,0.9400479616306955
P394624,oily,328,4.463414634146342,0.9213836477987422
P394639,combination,3539,4.5105962136196665,0.9009268136784915
P394639,dry,1075,4.427906976744186,0.8838643371017472
P394639,normal,802,4.517456359102244,0.9176954732510288
P394639,oily,886,4.471783295711061,0.8857509627727856
P394702,combination,43,4.162790697674419,0.8235294117647058
P394702,dry,17,3.4705882352941178,0.7142857142857143
P394702,normal,13,3.923076923076923,0.8333333333333334
P394702,oily,8,3.75,0.5
P394826,combination,189,4.253968253968254,0.8491620111731844
P394826,dry,71,4.436619718309859,0.8840579710144928
P394826,normal,51,4.254901960784314,0.8666666666666667
P394826,oily,45,3.9555555555555557,0.8372093023255814
P395389,combination,71,4.492957746478873,0.9130434782608695
P395389,dry,17,4.529411764705882,0.8235294117647058
P395389,normal,15,4.933333333333334,0.9333333333333333
P395389,oily,12,4.166666666666667,0.8333333333333334
P395417,combination,16,3.3125,0.5625
P395417,dry,2,4.5,1.0
P395417,normal,8,3.5,0.625
P395615,combination,417,4.565947242206235,0.9064748201438849
P395615,dry,74,4.54054054054054,0.9324324324324325
P395615,normal,70,4.5,0.9142857142857143
P395615,oily,124,4.516129032258065,0.9032258064516129
P395723,combination,27,4.555555555555555,1.0
P395723,dry,5,4.4,1.0
P395723,normal,11,4.0,0.5
P395723,oily,6,4.5,0.75
P396623,combination,235,3.3574468085106384,0.5847953216374269
P396623,dry,64,3.0625,0.45098039215686275
P396623,normal,60,3.1666666666666665,0.47619047619047616
P396623,oily,80,3.75,0.7169811320754716
P397310,combination,102,4.382352941176471,0.8921568627450981
P397310,dry,32,4.0625,0.8125
P397310,normal,14,4.357142857142857,0.8571428571428571
P397310,oily,22,4.2727272727272725,0.8636363636363636
P397465,combination,55,4.127272727272727,0.7446808510638298
P397465,dry,18,4.166666666666667,0.8235294117647058
P397465,normal,8,4.625,0.8333333333333334
P397465,oily,9,3.888888888888889,0.75
P397622,combination,59,4.101694915254237,0.8135593220338984
P397622,dry,27,4.111111111111111,0.7777777777777778
P397622,normal,11,4.2727272727272725,0.7272727272727273
P397622,oily,7,4.428571428571429,0.8571428571428571
P397623,combination,102,4.5588235294117645,0.9019607843137255
P397623,dry,48,4.354166666666667,0.8125
P397623,normal,21,4.619047619047619,0.9047619047619048
P397623,oily,17,5.0,1.0
P397624,combination,132,4.575757575757576,0.9090909090909091
P397624,dry,24,4.458333333333333,0.8333333333333334
P397624,normal,18,4.222222222222222,0.7222222222222222
P397624,oily,28,4.357142857142857,0.8214285714285714
P397625,combination,31,3.838709677419355,0.6774193548387096
P397625,dry,5,4.6,1.0
P397625,normal,3,5.0,1.0
P397625,oily,5,4.0,0.8
P397626,combination,21,3.9047619047619047,0.7619047619047619
P397626,dry,9,3.5555555555555554,0.6666666666666666
P397626,normal,6,3.0,0.5
P397626,oily,3,1.6666666666666667,0.0
P397627,combination,10,3.4,0.6
P397627,dry,5,3.2,0.6
P397627,normal,2,3.0,0.5
P397627,oily,1,5.0,1.0
P397890,combination,582,4.618556701030927,0.9415807560137457
P397890,dry,146,4.527397260273973,0.910958904109589
P397890,normal,115,4.6173913043478265,0.9391304347826087
P397890,oily,150,4.7,0.96
P398500,combination,28,4.214285714285714,0.8214285714285714
P398500,dry,5,4.4,1.0
P398500,normal,6,4.0,0.8333333333333334
P398500,oily,5,4.4,0.8
P398502,combination,70,4.4714285714285715,0.8714285714285714
P398502,dry,14,4.571428571428571,0.8571428571428571
P398502,normal,10,4.6,0.9
P398502,oily,8,3.875,0.75
P398717,combination,33,4.575757575757576,0.9090909090909091
P398717,dry,57,4.385964912280702,0.8484848484848485
P398717,normal,9,4.777777777777778,1.0
P398717,oily,6,4.5,0.6666666666666666
P398761,combination,86,4.209302325581396,0.8023255813953488
P398761,dry,41,4.7073170731707314,0.926829268292683
P398761,normal,14,4.0,0.7857142857142857
P398761,oily,9,4.777777777777778,1.0
P399622,combination,33,4.484848484848484,0.8787878787878788
P399622,dry,11,4.2727272727272725,0.8181818181818182
P399622,normal,8,4.0,0.75
P399622,oily,1,5.0,1.0
P399623,combination,704,3.8806818181818183,0.7215909090909091
P399623,dry,433,4.0577367205542725,0.7367205542725174
P399623,normal,217,3.847926267281106,0.6866359447004609
P399623,oily,114,3.8596491228070176,0.7192982456140351
P399656,combination,41,4.463414634146342,0.9032258064516129
P399656,dry,12,4.333333333333333,0.9
P399656,normal,7,4.857142857142857,1.0
P399656,oily,4,5.0,1.0
P39970,combination,311,4.115755627009646,0.75
P39970,dry,110,4.054545454545455,0.7439024390243902
P39970,normal,67,4.253731343283582,0.8333333333333334
P39970,oily,57,4.017543859649122,0.75
P399755,combination,66,4.409090909090909,0.8787878787878788
P399755,dry,23,4.173913043478261,0.8695652173913043
P399755,normal,15,4.4,0.8666666666666667
P399755,oily,14,4.714285714285714,0.9285714285714286
P399932,combination,125,3.304,0.568
P399932,dry,23,3.608695652173913,0.6521739130434783
P399932,normal,24,3.2083333333333335,0.5
P399932,oily,33,3.303030303030303,0.5454545454545454
P399934,combination,16,3.8125,0.6875
P399934,dry,4,4.0,0.75
P399934,normal,2,4.5,1.0
P399934,oily,1,5.0,1.0
P400203,combination,448,4.205357142857143,0.796875
P400203,dry,76,4.355263157894737,0.8552631578947368
P400203,normal,64,4.21875,0.84375
P400203,oily,157,3.929936305732484,0.7070063694267515
P400204,combination,133,4.473684210526316,0.849624060150376
P400204,dry,90,4.233333333333333,0.7777777777777778
P400204,normal,30,4.433333333333334,0.9
P400204,oily,15,3.933333333333333,0.7333333333333333
P400205,combination,94,4.319148936170213,0.8085106382978723
P400205,dry,48,4.083333333333333,0.7291666666666666
P400205,normal,29,4.344827586206897,0.8275862068965517
P400205,oily,15,4.733333333333333,1.0
P400207,combination,875,4.171428571428572,0.8011428571428572
P400207,dry,192,4.119791666666667,0.7708333333333334
P400207,normal,158,4.113924050632911,0.759493670886076
P400207,oily,226,4.1415929203539825,0.7787610619469026
P400259,combination,793,4.182849936948298,0.8083228247162674
P400259,dry,296,4.027027027027027,0.7736486486486487
P400259,normal,219,3.9452054794520546,0.7214611872146118
P400259,oily,151,4.317880794701987,0.8874172185430463
P4010,combination,378,4.502645502645502,0.8616352201257862
P4010,dry,90,4.533333333333333,0.8809523809523809
P4010,normal,64,4.71875,0.9032258064516129
P4010,oily,108,4.435185185185185,0.8
P401158,combination,29,4.758620689655173,1.0
P401158,dry,19,4.631578947368421,0.9473684210526315
P401158,normal,7,5.0,1.0
P401158,oily,5,5.0,1.0
P4015,combination,417,4.316546762589928,0.8045977011494253
P4015,dry,25,4.04,0.7142857142857143
P4015,normal,45,4.333333333333333,0.8125
P4015,oily,210,4.357142857142857,0.868421052631579
P401570,combination,36,4.277777777777778,0.8275862068965517
P401570,dry,17,4.823529411764706,1.0
P401570,normal,8,4.125,0.8571428571428571
P401570,oily,11,5.0,1.0
P4016,combination,1228,4.258957654723127,0.836027713625866
P4016,dry,127,4.118110236220472,0.7916666666666666
P4016,normal,133,4.18796992481203,0.7090909090909091
P4016,oily,548,4.2846715328467155,0.7734806629834254
P402014,combination,93,4.247311827956989,0.7254901960784313
P402014,dry,28,4.464285714285714,0.8421052631578947
P402014,normal,18,4.055555555555555,0.4444444444444444
P402014,oily,22,3.8636363636363638,0.6666666666666666
P402718,combination,527,4.313092979127135,0.8319327731092437
P402718,dry,201,4.293532338308458,0.851063829787234
P402718,normal,139,4.237410071942446,0.8021978021978022
P402718,oily,122,4.450819672131147,0.9204545454545454
P402942,combination,67,3.611940298507463,0.6268656716417911
P402942,dry,32,4.0,0.71875
P402942,normal,23,4.043478260869565,0.8695652173913043
P402942,oily,14,4.214285714285714,0.7857142857142857
P402943,combination,34,3.6176470588235294,0.6176470588235294
P402943,dry,10,4.1,0.8
P402943,normal,10,3.6,0.7
P402943,oily,8,4.5,0.875
P402944,combination,180,3.95,0.7444444444444445
P402944,dry,75,4.12,0.8
P402944,normal,53,3.4339622641509435,0.6037735849056604
P402944,oily,33,4.7272727272727275,0.9393939393939394
P402992,combination,49,3.2448979591836733,0.6097560975609756
P402992,dry,16,4.0,0.8181818181818182
P402992,normal,23,3.260869565217391,0.5909090909090909
P402992,oily,9,4.444444444444445,0.875
P4032,combination,134,4.268656716417911,0.6944444444444444
P4032,dry,56,4.196428571428571,0.6666666666666666
P4032,normal,27,4.592592592592593,0.7142857142857143
P4032,oily,12,3.8333333333333335,0.3333333333333333
P403315,combination,73,4.52054794520548,0.8767123287671232
P403315,dry,28,4.214285714285714,0.75
P403315,normal,17,4.470588235294118,0.8235294117647058
P403315,oily,13,4.384615384615385,0.7692307692307693
P403748,combination,36,3.75,0.6818181818181818
P403748,dry,12,3.9166666666666665,0.4
P403748,normal,13,4.384615384615385,1.0
P403748,oily,6,3.6666666666666665,0.6666666666666666
P403817,combination,384,3.7578125,0.6821428571428572
P403817,dry,114,3.6052631578947367,0.6410256410256411
P403817,normal,103,3.6601941747572817,0.6417910447761194
P403817,oily,104,3.6923076923076925,0.6710526315789473
P403818,combination,903,3.750830564784053,0.6595492289442467
P403818,dry,336,3.7648809523809526,0.6470588235294118
P403818,normal,273,3.5824175824175826,0.610236220472441
P403818,oily,211,3.6208530805687205,0.6157635467980296
P4039,combination,73,4.260273972602739,0.6666666666666666
P4039,dry,37,4.405405405405405,1.0
P4039,normal,22,4.090909090909091,0.7142857142857143
P4039,oily,11,4.0,1.0
P404168,combination,25,3.92,0.7222222222222222
P404168,dry,14,4.214285714285714,0.6
P404168,normal,12,4.25,0.6
P404169,combination,35,3.914285714285714,0.8181818181818182
P404169,dry,11,4.7272727272727275,0.875
P404169,normal,12,3.5833333333333335,0.5
P404169,oily,4,4.75,1.0
P404232,combination,23,3.869565217391304,0.8333333333333334
P404232,dry,7,3.857142857142857,0.6
P404232,normal,9,4.222222222222222,0.5
P404232,oily,4,4.0,0.75
P404322,combination,424,4.400943396226415,0.8535211267605634
P404322,dry,128,4.5390625,0.8849557522123894
P404322,normal,78,4.256410256410256,0.75
P404322,oily,96,4.447916666666667,0.8375
P404338,combination,604,4.254966887417218,0.8489483747609943
P404338,dry,306,3.9215686274509802,0.7250996015936255
P404338,normal,154,4.2727272727272725,0.8412698412698413
P404338,oily,81,4.061728395061729,0.8378378378378378
P404465,combination,86,4.116279069767442,0.813953488372093
P404465,dry,22,4.318181818181818,0.8636363636363636
P404465,normal,18,4.277777777777778,0.8333333333333334
P404465,oily,17,4.294117647058823,0.9411764705882353
P404793,combination,556,4.372302158273381,0.8974820143884892
P404793,dry,165,4.4,0.9090909090909091
P404793,normal,139,4.410071942446043,0.9136690647482014
P404793,oily,101,4.306930693069307,0.900990099009901
P404794,combination,99,3.898989898989899,0.7070707070707071
P404794,dry,57,3.43859649122807,0.6140350877192983
P404794,normal,26,3.9615384615384617,0.7307692307692307
P404794,oily,11,4.363636363636363,0.9090909090909091
P404795,combination,507,3.619329388560158,0.6313465783664459
P404795,dry,233,3.708154506437768,0.6536585365853659
P404795,normal,165,3.606060606060606,0.6736111111111112
P404795,oily,123,3.6097560975609757,0.6216216216216216
P405096,combination,471,4.329087048832272,0.8248730964467005
P405096,dry,146,4.1506849315068495,0.7777777777777778
P405096,normal,99,4.171717171717172,0.8
P405096,oily,113,4.168141592920354,0.7894736842105263
P405286,combination,10,4.8,1.0
P405286,dry,12,3.75,0.6666666666666666
P405286,normal,4,4.5,0.6666666666666666
P405286,oily,2,4.5,1.0
P405584,combination,272,4.327205882352941,0.8163265306122449
P405584,dry,88,4.204545454545454,0.7971014492753623
P405584,normal,64,4.3125,0.8214285714285714
P405584,oily,78,4.384615384615385,0.8333333333333334
P405599,combination,680,4.1573529411764705,0.7762478485370051
P405599,dry,280,4.117857142857143,0.7711864406779662
P405599,normal,162,4.246913580246914,0.8208955223880597
P405599,oily,172,4.430232558139535,0.8620689655172413
P405826,combination,78,4.089743589743589,0.8157894736842105
P405826,dry,24,4.416666666666667,0.9166666666666666
P405826,normal,23,4.130434782608695,0.875
P405826,oily,17,4.352941176470588,0.75
P405827,combination,20,3.05,0.5384615384615384
P405827,dry,7,3.4285714285714284,0.6666666666666666
P405827,normal,7,2.5714285714285716,0.3333333333333333
P405827,oily,5,4.4,1.0
P405944,combination,101,3.1683168316831685,0.45
P405944,dry,34,3.2058823529411766,0.5
P405944,normal,31,2.7096774193548385,0.32
P405944,oily,14,3.2142857142857144,0.4
P406104,combination,127,3.8188976377952755,0.6788990825688074
P406104,dry,47,3.3404255319148937,0.5476190476190477
P406104,normal,49,3.4693877551020407,0.5555555555555556
P406104,oily,22,3.5454545454545454,0.631578947368421
P406529,combination,22,4.681818181818182,0.8666666666666667
P406529,dry,9,4.888888888888889,1.0
P406529,normal,4,4.5,0.6666666666666666
P406529,oily,6,3.5,0.4
P406712,combination,1184,4.19679054054054,0.804945054945055
P406712,dry,543,4.0220994475138125,0.7554671968190855
P406712,normal,332,4.283132530120482,0.819672131147541
P406712,oily,249,4.3694779116465865,0.8622222222222222
P406941,combination,25,4.2,0.85
P406941,dry,9,2.888888888888889,0.3333333333333333
P406941,normal,5,4.6,0.6666666666666666
P406941,oily,4,3.25,1.0
P406942,combination,20,4.05,0.75
P406942,dry,2,5.0,1.0
P406942,normal,6,3.8333333333333335,0.6666666666666666
P406942,oily,2,5.0,1.0
P407040,combination,40,3.975,0.7894736842105263
P407040,dry,13,4.461538461538462,0.9
P407040,normal,5,4.2,1.0
P407040,oily,16,4.3125,0.8
P407381,combination,19,4.2631578947368425,0.7894736842105263
P407381,dry,8,3.75,0.75
P407381,normal,13,4.3076923076923075,0.8461538461538461
P407381,oily,8,4.125,0.75
P407387,combination,103,4.067961165048544,0.7755102040816326
P407387,dry,33,4.454545454545454,0.90625
P407387,normal,25,4.32,0.8181818181818182
P407387,oily,33,4.0606060606060606,0.7931034482758621
P407444,combination,197,4.289340101522843,0.8361581920903954
P407444,dry,28,4.285714285714286,0.8695652173913043
P407444,normal,23,4.260869565217392,0.8095238095238095
P407444,oily,52,4.230769230769231,0.8367346938775511
P407448,combination,186,4.258064516129032,0.813953488372093
P407448,dry,67,4.104477611940299,0.7966101694915254
P407448,normal,82,3.8780487804878048,0.7352941176470589
P407448,oily,33,4.181818181818182,0.8125
P407450,combination,194,4.376288659793815,0.8726114649681529
P407450,dry,60,4.483333333333333,0.9433962264150944
P407450,normal,83,4.216867469879518,0.85
P407450,oily,47,4.382978723404255,0.8888888888888888
P408230,combination,81,4.839506172839506,0.9629629629629629
P408230,dry,34,4.529411764705882,0.9411764705882353
P408230,normal,28,4.785714285714286,0.9285714285714286
P408230,oily,8,4.5,1.0
P408241,combination,46,4.673913043478261,0.9565217391304348
P408241,dry,13,4.230769230769231,0.7692307692307693
P408241,normal,12,4.833333333333333,0.9166666666666666
P408241,oily,6,4.5,0.8333333333333334
P408273,combination,15,4.066666666666666,0.7692307692307693
P408273,dry,1,5.0,1.0
P408273,normal,3,2.3333333333333335,0.3333333333333333
P408273,oily,1,4.0,
P408301,combination,43,3.697674418604651,0.6976744186046512
P408301,dry,10,4.1,0.8
P408301,normal,16,2.5,0.3125
P408301,oily,11,4.090909090909091,0.6363636363636364
P408542,combination,12,4.416666666666667,0.8181818181818182
P408542,dry,1,3.0,0.0
P408542,normal,2,5.0,1.0
P408542,oily,6,3.8333333333333335,0.6
P408678,combination,21,4.285714285714286,0.7058823529411765
P408678,dry,10,4.0,0.625
P408678,normal,7,3.4285714285714284,0.5
P408678,oily,3,5.0,1.0
P409630,combination,96,4.3125,0.84375
P409630,dry,29,4.310344827586207,0.8620689655172413
P409630,normal,29,4.137931034482759,0.7931034482758621
P409630,oily,20,4.55,0.9
P409631,combination,293,4.563139931740614,0.9067357512953368
P409631,dry,86,4.558139534883721,0.9272727272727272
P409631,normal,58,4.293103448275862,0.8421052631578947
P409631,oily,64,4.4375,0.8863636363636364
P409800,combination,1649,4.311704063068526,0.8447543966040024
P409800,dry,498,4.303212851405623,0.8453815261044176
P409800,normal,439,4.234624145785877,0.8109339407744874
P409800,oily,380,4.402631578947369,0.868421052631579
P409816,combination,17,4.470588235294118,0.9285714285714286
P409816,dry,4,5.0,1.0
P409816,normal,8,3.625,0.5714285714285714
P409816,oily,9,4.333333333333333,0.8
P409834,combination,30,4.266666666666667,0.896551724137931
P409834,dry,10,3.8,0.5555555555555556
P409834,normal,12,4.25,0.8333333333333334
P409834,oily,1,5.0,1.0
P409920,combination,9,3.4444444444444446,0.5555555555555556
P409920,dry,9,4.555555555555555,0.8888888888888888
P409920,normal,4,4.5,1.0
P409920,oily,4,3.75,0.75
P410101,combination,45,3.4444444444444446,0.6222222222222222
P410101,dry,17,3.176470588235294,0.5
P410101,normal,8,3.75,0.625
P410101,oily,7,3.857142857142857,0.8
P410400,combination,827,4.12938331318017,0.8041112454655381
P410400,dry,172,4.273255813953488,0.8255813953488372
P410400,normal,131,4.091603053435114,0.7633587786259542
P410400,oily,366,4.016393442622951,0.7431693989071039
P410755,combination,2,5.0,1.0
P410755,dry,5,3.8,0.6
P410755,normal,6,2.8333333333333335,0.5
P410756,combination,18,3.5555555555555554,0.5555555555555556
P410756,dry,8,3.75,0.625
P410756,normal,8,4.25,0.75
P410756,oily,5,4.4,0.8
P410809,combination,12,2.9166666666666665,0.3
P410809,dry,6,4.666666666666667,1.0
P410809,normal,2,3.0,1.0
P410883,combination,61,4.114754098360656,0.7735849056603774
P410883,dry,7,4.428571428571429,0.75
P410883,normal,4,3.5,0.5
P410883,oily,32,4.34375,0.9259259259259259
P411254,combination,69,3.8840579710144927,0.6724137931034483
P411254,dry,37,4.1891891891891895,0.7878787878787878
P411254,normal,22,3.727272727272727,0.6666666666666666
P411254,oily,15,4.2,0.8
P411360,combination,33,3.9696969696969697,0.7272727272727273
P411360,dry,8,4.375,0.75
P411360,normal,6,5.0,1.0
P411360,oily,3,4.333333333333333,1.0
P411365,combination,541,4.600739371534196,0.9305816135084428
P411365,dry,199,4.623115577889447,0.9343434343434344
P411365,normal,163,4.613496932515337,0.9493670886075949
P411365,oily,93,4.591397849462366,0.9247311827956989
P411387,combination,3128,4.235294117647059,0.8075801749271136
P411387,dry,1007,4.152929493545184,0.7872983870967742
P411387,normal,707,4.217821782178218,0.8051575931232091
P411387,oily,794,4.190176322418136,0.7936708860759494
P411388,combination,877,4.071835803876853,0.7556346381969158
P411388,dry,290,3.8344827586206898,0.6928571428571428
P411388,normal,176,4.125,0.7575757575757576
P411388,oily,200,4.24,0.8092783505154639
P411393,combination,431,4.162412993039443,0.8170103092783505
P411393,dry,165,4.193939393939394,0.8421052631578947
P411393,normal,94,4.095744680851064,0.7976190476190477
P411393,oily,73,4.301369863013699,0.8181818181818182
P411401,combination,485,4.105154639175257,0.7884187082405345
P411401,dry,162,4.04320987654321,0.7533333333333333
P411401,normal,152,4.131578947368421,0.7894736842105263
P411401,oily,96,4.010416666666667,0.7640449438202247
P411403,combination,1349,4.605633802816901,0.9488510007412898
P411403,dry,475,4.661052631578947,0.9515789473684211
P411403,normal,413,4.675544794188862,0.9588377723970944
P411403,oily,231,4.54978354978355,0.948051948051948
P411539,combination,597,4.353433835845896,0.8443649373881932
P411539,dry,470,4.382978723404255,0.8694690265486725
P411539,normal,111,4.1441441441441444,0.7798165137614679
P411539,oily,62,4.306451612903226,0.8888888888888888
P411540,combination,2694,3.9792130660727545,0.7448463632827693
P411540,dry,1120,4.009821428571429,0.761595547309833
P411540,normal,542,4.007380073800738,0.7471264367816092
P411540,oily,559,3.8318425760286225,0.7180952380952381
P411881,combination,50,3.02,0.3953488372093023
P411881,dry,24,4.0,0.7058823529411765
P411881,normal,17,3.1176470588235294,0.5
P411881,oily,15,3.1333333333333333,0.35714285714285715
P412025,combination,159,3.842767295597484,0.7169811320754716
P412025,dry,58,3.8448275862068964,0.7068965517241379
P412025,normal,52,4.115384615384615,0.7692307692307693
P412025,oily,29,3.9655172413793105,0.8275862068965517
P412117,combination,48,4.125,0.7674418604651163
P412117,dry,41,4.2439024390243905,0.75
P412117,normal,6,4.333333333333333,0.8
P412117,oily,1,5.0,1.0
P412407,combination,40,4.025,0.7777777777777778
P412407,dry,6,4.333333333333333,0.6
P412407,normal,3,2.0,0.5
P412407,oily,10,2.7,0.4
P413326,combination,339,4.294985250737463,0.8263473053892215
P413326,dry,104,4.240384615384615,0.79
P413326,normal,109,4.26605504587156,0.8611111111111112
P413326,oily,75,4.346666666666667,0.8513513513513513
P413613,combination,54,3.8518518518518516,0.7358490566037735
P413613,dry,25,4.32,0.8333333333333334
P413613,normal,9,4.777777777777778,1.0
P413613,oily,17,4.352941176470588,0.8666666666666667
P414293,combination,228,4.350877192982456,0.8356807511737089
P414293,dry,125,4.448,0.8482142857142857
P414293,normal,69,4.420289855072464,0.890625
P414293,oily,39,4.538461538461538,0.8918918918918919
P414737,combination,183,4.14207650273224,0.7840909090909091
P414737,dry,67,4.253731343283582,0.8870967741935484
P414737,normal,51,3.8823529411764706,0.7346938775510204
P414737,oily,64,4.28125,0.8983050847457628
P415202,combination,156,3.641025641025641,0.6438356164383562
P415202,dry,65,3.6307692307692307,0.6610169491525424
P415202,normal,54,3.814814814814815,0.6666666666666666
P415202,oily,22,3.8636363636363638,0.6666666666666666
P415237,combination,770,4.218181818181818,0.8107302533532041
P415237,dry,325,4.212307692307692,0.8222996515679443
P415237,normal,176,4.176136363636363,0.8095238095238095
P415237,oily,127,4.196850393700787,0.8240740740740741
P415619,combination,796,4.344221105527638,0.8772151898734177
P415619,dry,302,4.311258278145695,0.8471760797342193
P415619,normal,259,4.413127413127413,0.8992248062015504
P415619,oily,67,4.1940298507462686,0.8656716417910447
P415620,combination,203,4.5073891625615765,0.8768472906403941
P415620,dry,118,4.491525423728813,0.8728813559322034
P415620,normal,47,4.680851063829787,0.9787234042553191
P415620,oily,46,4.456521739130435,0.8695652173913043
P415667,combination,279,4.265232974910394,0.8207885304659498
P415667,dry,42,4.142857142857143,0.7857142857142857
P415667,normal,48,4.166666666666667,0.7916666666666666
P415667,oily,93,4.290322580645161,0.8172043010752689
P415701,combination,827,4.217654171704957,0.7984084880636605
P415701,dry,319,4.238244514106583,0.8178694158075601
P415701,normal,161,4.180124223602484,0.7837837837837838
P415701,oily,173,4.3526011560693645,0.8301886792452831
P415747,combination,668,4.212574850299402,0.796583850931677
P415747,dry,211,3.933649289099526,0.7205882352941176
P415747,normal,170,3.9647058823529413,0.7204968944099379
P415747,oily,155,4.129032258064516,0.7960526315789473
P415771,combination,1350,4.468148148148148,0.894074074074074
P415771,dry,434,4.357142857142857,0.868663594470046
P415771,normal,319,4.476489028213166,0.9028213166144201
P415771,oily,268,4.402985074626866,0.8731343283582089
P415773,combination,174,4.258620689655173,0.7987421383647799
P415773,dry,72,4.277777777777778,0.8115942028985508
P415773,normal,44,4.568181818181818,0.9318181818181818
P415773,oily,34,4.117647058823529,0.7419354838709677
P415777,combination,1224,4.261437908496732,0.8178104575163399
P415777,dry,421,4.287410926365796,0.8266033254156769
P415777,normal,285,4.143859649122807,0.7824561403508772
P415777,oily,277,4.259927797833935,0.8339350180505415
P416139,combination,424,4.054245283018868,0.7636363636363637
P416139,dry,166,4.144578313253012,0.7682119205298014
P416139,normal,108,3.9537037037037037,0.7216494845360825
P416139,oily,81,3.765432098765432,0.6811594202898551
P416312,combination,82,4.2926829268292686,0.8181818181818182
P416312,dry,20,4.3,0.9285714285714286
P416312,normal,13,4.076923076923077,0.6666666666666666
P416312,oily,10,3.0,0.4444444444444444
P416341,combination,673,4.056463595839524,0.7541984732824427
P416341,dry,332,4.066265060240964,0.7585139318885449
P416341,normal,167,4.0119760479041915,0.7530864197530864
P416341,oily,100,3.93,0.7448979591836735
P416344,combination,64,3.859375,0.640625
P416344,dry,20,3.65,0.6842105263157895
P416344,normal,10,4.3,0.8888888888888888
P416344,oily,16,4.3125,0.8125
P416538,combination,17,4.176470588235294,0.7058823529411765
P416538,dry,15,4.466666666666667,0.8666666666666667
P416538,normal,1,1.0,0.0
P416538,oily,5,5.0,1.0
P416552,combination,88,4.420454545454546,0.8795180722891566
P416552,dry,25,4.28,0.7916666666666666
P416552,normal,28,4.392857142857143,0.8461538461538461
P416552,oily,13,4.0,0.8333333333333334
P416560,combination,314,3.9968152866242037,0.735973597359736
P416560,dry,145,4.062068965517241,0.7323943661971831
P416560,normal,82,3.926829268292683,0.7215189873417721
P416560,oily,71,4.140845070422535,0.7647058823529411
P416561,combination,407,4.049140049140049,0.7412060301507538
P416561,dry,93,3.903225806451613,0.6923076923076923
P416561,normal,64,4.046875,0.7580645161290323
P416561,oily,130,4.338461538461538,0.8515625
P416562,combination,319,3.6206896551724137,0.6026936026936027
P416562,dry,121,3.7520661157024793,0.6260869565217392
P416562,normal,84,3.607142857142857,0.5733333333333334
P416562,oily,61,3.6721311475409837,0.6491228070175439
P416563,combination,745,4.389261744966443,0.8657718120805369
P416563,dry,298,4.258389261744966,0.8087248322147651
P416563,normal,201,4.373134328358209,0.8407960199004975
P416563,oily,140,4.207142857142857,0.8142857142857143
P416564,combination,186,4.435483870967742,0.8440860215053764
P416564,dry,132,4.628787878787879,0.8939393939393939
P416564,normal,53,4.660377358490566,0.9056603773584906
P416564,oily,31,4.548387096774194,0.8709677419354839
P416725,combination,14,4.142857142857143,0.8461538461538461
P416725,dry,4,4.0,0.75
P416725,normal,6,3.1666666666666665,0.6666666666666666
P416725,oily,1,5.0,1.0
P416728,combination,21,4.571428571428571,0.9047619047619048
P416728,dry,4,4.5,0.75
P416728,normal,6,4.666666666666667,1.0
P416728,oily,2,5.0,1.0
P416755,combination,70,4.2,0.8181818181818182
P416755,dry,24,3.875,0.6956521739130435
P416755,normal,20,3.9,0.7
P416755,oily,16,3.4375,0.625
P416815,combination,648,4.408950617283951,0.8317757009345794
P416815,dry,53,4.150943396226415,0.7857142857142857
P416815,normal,76,4.5394736842105265,0.8958333333333334
P416815,oily,393,4.450381679389313,0.8461538461538461
P416816,combination,816,4.262254901960785,0.7826797385620915
P416816,dry,98,4.285714285714286,0.8493150684931506
P416816,normal,86,4.290697674418604,0.7936507936507936
P416816,oily,443,4.27765237020316,0.7752808988764045
P416824,combination,79,3.8354430379746836,0.6986301369863014
P416824,dry,36,4.027777777777778,0.7575757575757576
P416824,normal,13,4.153846153846154,0.6923076923076923
P416824,oily,14,4.0,0.6666666666666666
P416825,combination,83,4.096385542168675,0.8148148148148148
P416825,dry,33,3.606060606060606,0.5806451612903226
P416825,normal,20,4.25,0.7
P416825,oily,13,3.230769230769231,0.6923076923076923
P416923,combination,161,3.5838509316770186,0.5686274509803921
P416923,dry,74,3.7432432432432434,0.6527777777777778
P416923,normal,35,3.5428571428571427,0.6363636363636364
P416923,oily,26,3.923076923076923,0.7083333333333334
P417107,combination,46,4.217391304347826,0.8478260869565217
P417107,dry,6,4.833333333333333,1.0
P417107,normal,8,4.125,0.7142857142857143
P417107,oily,5,2.8,0.4
P417111,combination,27,3.925925925925926,0.7307692307692307
P417111,dry,7,3.142857142857143,0.42857142857142855
P417111,normal,12,2.75,0.4166666666666667
P417111,oily,5,3.4,0.0
P417114,combination,18,4.055555555555555,0.7777777777777778
P417114,dry,6,3.1666666666666665,0.5
P417114,normal,9,4.333333333333333,0.8888888888888888
P417114,oily,6,4.666666666666667,1.0
P417115,combination,16,4.75,0.875
P417115,dry,9,4.444444444444445,0.8888888888888888
P417115,normal,4,3.75,0.5
P417115,oily,1,5.0,1.0
P417118,combination,30,4.4,0.7931034482758621
P417118,dry,13,4.615384615384615,0.9166666666666666
P417118,normal,11,3.909090909090909,0.6
P417118,oily,3,3.6666666666666665,0.6666666666666666
P417238,combination,3289,4.507449072666464,0.8780788177339901
P417238,dry,1212,4.445544554455446,0.860484544695071
P417238,normal,705,4.466666666666667,0.8651362984218077
P417238,oily,719,4.528511821974965,0.8870292887029289
P417241,combination,108,4.453703703703703,0.8888888888888888
P417241,dry,43,4.465116279069767,0.8837209302325582
P417241,normal,22,4.2727272727272725,0.8181818181818182
P417241,oily,12,4.416666666666667,0.9166666666666666
P417242,combination,91,3.8131868131868134,0.6477272727272727
P417242,dry,32,3.625,0.625
P417242,normal,27,4.222222222222222,0.7777777777777778
P417242,oily,11,4.090909090909091,0.7
P417243,combination,24,4.541666666666667,0.9130434782608695
P417243,dry,6,3.1666666666666665,0.6
P417243,normal,5,4.0,0.6
P417243,oily,5,4.2,0.8
P417323,combination,20,4.35,0.8421052631578947
P417323,dry,5,4.8,0.8
P417323,normal,2,3.0,0.5
P417323,oily,8,4.25,0.875
P417604,combination,18,4.388888888888889,0.8333333333333334
P417604,dry,4,4.25,0.5
P417604,normal,6,4.333333333333333,0.8333333333333334
P417604,oily,2,3.5,0.5
P417625,combination,56,3.8035714285714284,0.6727272727272727
P417625,dry,11,4.181818181818182,0.8
P417625,normal,27,4.0,0.7692307692307693
P417625,oily,9,4.222222222222222,0.8888888888888888
P417867,combination,119,4.2521008403361344,0.8017241379310345
P417867,dry,73,4.068493150684931,0.7222222222222222
P417867,normal,36,4.0,0.7428571428571429
P417867,oily,12,4.333333333333333,0.8333333333333334
P417936,combination,613,4.168026101141925,0.7820945945945946
P417936,dry,302,4.208609271523179,0.7918088737201365
P417936,normal,146,4.157534246575342,0.7832167832167832
P417936,oily,139,4.043165467625899,0.7777777777777778
P417980,combination,190,4.226315789473684,0.8210526315789474
P417980,dry,54,4.314814814814815,0.8518518518518519
P417980,normal,39,4.358974358974359,0.8461538461538461
P417980,oily,30,4.433333333333334,0.9
P417984,combination,99,4.121212121212121,0.7608695652173914
P417984,dry,45,3.7777777777777777,0.675
P417984,normal,24,3.7083333333333335,0.6363636363636364
P417984,oily,25,4.12,0.8181818181818182
P418218,combination,2248,4.056494661921708,0.7429352780309936
P418218,dry,469,3.8528784648187635,0.7017543859649122
P418218,normal,424,3.9245283018867925,0.7038834951456311
P418218,oily,762,4.018372703412074,0.7453083109919572
P418221,combination,64,4.046875,0.734375
P418221,dry,26,3.5,0.5384615384615384
P418221,normal,24,3.8333333333333335,0.625
P418221,oily,14,4.0,0.6428571428571429
P418346,combination,978,4.132924335378323,0.7917525773195876
P418346,dry,339,4.126843657817109,0.7869822485207101
P418346,normal,244,3.971311475409836,0.7695473251028807
P418346,oily,155,4.083870967741936,0.7612903225806451
P418624,combination,527,4.3605313092979125,0.8444022770398482
P418624,dry,227,4.453744493392071,0.8898678414096917
P418624,normal,155,4.438709677419355,0.8774193548387097
P418624,oily,105,4.266666666666667,0.819047619047619
P418629,combination,494,4.02834008097166,0.7527593818984547
P418629,dry,188,4.085106382978723,0.757396449704142
P418629,normal,114,3.982456140350877,0.7281553398058253
P418629,oily,89,3.7752808988764044,0.6710526315789473
P418872,combination,425,4.564705882352941,0.9058823529411765
P418872,dry,58,4.4655172413793105,0.8620689655172413
P418872,normal,73,4.6438356164383565,0.8904109589041096
P418872,oily,161,4.422360248447205,0.84472049689441
P419221,combination,391,3.363171355498721,0.5514511873350924
P419221,dry,184,3.4130434782608696,0.5730337078651685
P419221,normal,140,3.0,0.44285714285714284
P419221,oily,73,2.9452054794520546,0.38028169014084506
P419222,combination,707,3.3224893917963225,0.5608011444921316
P419222,dry,252,3.4523809523809526,0.612
P419222,normal,218,3.2155963302752295,0.5467289719626168
P419222,oily,141,3.120567375886525,0.475177304964539
P419223,combination,538,3.869888475836431,0.7129277566539924
P419223,dry,207,4.004830917874396,0.7881773399014779
P419223,normal,158,3.829113924050633,0.7181208053691275
P419223,oily,97,3.814432989690722,0.7368421052631579
P419466,combination,27,4.888888888888889,0.9629629629629629
P419466,dry,13,5.0,1.0
P419466,normal,11,5.0,1.0
P419466,oily,7,5.0,1.0
P419633,combination,58,4.120689655172414,0.8448275862068966
P419633,dry,11,4.0,0.8181818181818182
P419633,normal,12,3.5,0.6666666666666666
P419633,oily,17,4.0588235294117645,0.7647058823529411
P420143,combination,82,3.926829268292683,0.7073170731707317
P420143,dry,23,3.4347826086956523,0.5652173913043478
P420143,normal,20,4.1,0.75
P420143,oily,29,4.172413793103448,0.7931034482758621
P420158,combination,197,4.091370558375634,0.7525773195876289
P420158,dry,69,4.27536231884058,0.8
P420158,normal,54,4.37037037037037,0.8653846153846154
P420158,oily,46,4.434782608695652,0.9111111111111111
P420224,combination,273,4.26007326007326,0.8113207547169812
P420224,dry,100,4.22,0.7835051546391752
P420224,normal,52,4.461538461538462,0.8846153846153846
P420224,oily,68,4.161764705882353,0.8208955223880597
P420230,combination,86,4.174418604651163,0.7906976744186046
P420230,dry,47,4.170212765957447,0.7872340425531915
P420230,normal,28,3.7857142857142856,0.6785714285714286
P420230,oily,19,3.5789473684210527,0.5789473684210527
P420638,combination,11,4.2727272727272725,0.8
P420638,dry,8,3.875,0.6666666666666666
P420638,normal,9,4.222222222222222,0.7777777777777778
P420638,oily,2,5.0,1.0
P420652,combination,8204,4.379449049244271,0.840565577766943
P420652,dry,3059,4.292252370055574,0.8126838836220988
P420652,normal,2215,4.31196388261851,0.8212189616252822
P420652,oily,1943,4.3597529593412245,0.8306742151312404
P420699,combination,289,4.1280276816609,0.7716262975778547
P420699,dry,112,3.9910714285714284,0.7410714285714286
P420699,normal,63,4.111111111111111,0.7301587301587301
P420699,oily,55,4.0181818181818185,0.7090909090909091
P421235,combination,1378,4.254716981132075,0.8620178041543026
P421235,dry,416,4.290865384615385,0.8804878048780488
P421235,normal,335,4.307462686567164,0.8960244648318043
P421235,oily,226,4.1902654867256635,0.8194444444444444
P421243,combination,1132,4.235865724381625,0.8129432624113475
P421243,dry,402,4.166666666666667,0.775
P421243,normal,268,4.223880597014926,0.7819548872180451
P421243,oily,256,4.18359375,0.7707509881422925
P421249,combination,35,4.314285714285714,0.8
P421249,dry,5,3.6,0.6
P421249,normal,8,4.125,0.75
P421249,oily,9,4.222222222222222,0.8888888888888888
P421271,combination,41,3.0,0.39473684210526316
P421271,dry,11,2.5454545454545454,0.4
P421271,normal,17,3.411764705882353,0.6666666666666666
P421271,oily,3,4.0,0.6666666666666666
P421275,combination,2559,4.1867917155138725,0.8155529503712388
P421275,dry,614,4.162866449511401,0.8045602605863192
P421275,normal,509,4.104125736738704,0.7799607072691552
P421275,oily,706,4.168555240793201,0.8130311614730878
P421276,combination,523,4.5181644359464626,0.9272030651340997
P421276,dry,193,4.518134715025907,0.9430051813471503
P421276,normal,139,4.517985611510792,0.9280575539568345
P421276,oily,137,4.532846715328467,0.9562043795620438
P421277,combination,582,4.042955326460481,0.7698961937716263
P421277,dry,235,3.9574468085106385,0.7350427350427351
P421277,normal,170,4.023529411764706,0.7928994082840237
P421277,oily,93,3.913978494623656,0.7419354838709677
P421432,combination,326,3.8865030674846626,0.7546583850931677
P421432,dry,72,4.361111111111111,0.8450704225352113
P421432,normal,51,3.607843137254902,0.6666666666666666
P421432,oily,100,3.91,0.7171717171717171
P421600,combination,170,3.911764705882353,0.7151515151515152
P421600,dry,24,4.166666666666667,0.7272727272727273
P421600,normal,21,4.476190476190476,0.8
P421600,oily,63,4.190476190476191,0.7419354838709677
P421996,combination,1183,4.4091293322062555,0.8746824724809483
P421996,dry,711,4.510548523206751,0.8926553672316384
P421996,normal,348,4.5,0.9020172910662824
P421996,oily,217,4.359447004608295,0.8709677419354839
P421997,combination,114,4.219298245614035,0.7807017543859649
P421997,dry,17,4.0588235294117645,0.7058823529411765
P421997,normal,11,4.181818181818182,0.8181818181818182
P421997,oily,42,4.214285714285714,0.7560975609756098
P421998,combination,600,4.163333333333333,0.7872696817420436
P421998,dry,234,4.2905982905982905,0.8154506437768241
P421998,normal,169,4.201183431952662,0.7916666666666666
P421998,oily,128,4.1328125,0.7698412698412699
P422000,combination,881,4.0,0.7539863325740319
P422000,dry,328,3.9359756097560976,0.72782874617737
P422000,normal,208,4.0673076923076925,0.7536231884057971
P422000,oily,168,4.059523809523809,0.7797619047619048
P422002,combination,287,4.512195121951219,0.8815331010452961
P422002,dry,52,4.269230769230769,0.7884615384615384
P422002,normal,55,4.6,0.9090909090909091
P422002,oily,103,4.70873786407767,0.9223300970873787
P422003,combination,66,4.4393939393939394,0.9076923076923077
P422003,dry,37,4.54054054054054,0.8378378378378378
P422003,normal,19,3.8947368421052633,0.5789473684210527
P422003,oily,14,4.428571428571429,1.0
P422004,combination,38,3.6578947368421053,0.7105263157894737
P422004,dry,25,4.08,0.8
P422004,normal,17,3.764705882352941,0.7058823529411765
P422004,oily,8,2.875,0.25
P422005,combination,36,3.1666666666666665,0.5142857142857142
P422005,dry,23,4.043478260869565,0.7391304347826086
P422005,normal,9,3.888888888888889,0.7777777777777778
P422005,oily,9,4.222222222222222,0.7777777777777778
P422007,combination,476,4.428571428571429,0.8694736842105263
P422007,dry,148,4.324324324324325,0.8581081081081081
P422007,normal,115,4.356521739130435,0.8434782608695652
P422007,oily,109,4.220183486238532,0.8425925925925926
P422011,combination,102,4.166666666666667,0.8118811881188119
P422011,dry,38,4.473684210526316,0.8947368421052632
P422011,normal,18,4.055555555555555,0.7222222222222222
P422011,oily,22,4.5,0.9090909090909091
P422012,combination,83,3.746987951807229,0.6385542168674698
P422012,dry,34,3.3823529411764706,0.6176470588235294
P422012,normal,20,4.4,0.8
P422012,oily,13,4.538461538461538,0.8461538461538461
P422013,combination,194,4.5,0.8854166666666666
P422013,dry,28,4.321428571428571,0.8571428571428571
P422013,normal,30,4.6,0.9
P422013,oily,48,4.458333333333333,0.851063829787234
P422022,combination,525,3.9447619047619047,0.7752380952380953
P422022,dry,127,3.574803149606299,0.6535433070866141
P422022,normal,112,3.642857142857143,0.6517857142857143
P422022,oily,122,3.9344262295081966,0.7520661157024794
P42204,combination,1985,4.641813602015113,0.8699690402476781
P42204,dry,555,4.632432432432433,0.8282828282828283
P42204,normal,685,4.680291970802919,0.8255813953488372
P42204,oily,432,4.631944444444445,0.8681318681318682
P42205,combination,840,4.563095238095238,0.8378378378378378
P42205,dry,201,4.562189054726368,0.8431372549019608
P42205,normal,328,4.600609756097561,0.8333333333333334
P42205,oily,235,4.531914893617022,0.8727272727272727
P422248,combination,98,4.142857142857143,0.7731958762886598
P422248,dry,19,4.526315789473684,0.8421052631578947
P422248,normal,18,4.611111111111111,0.9444444444444444
P422248,oily,46,4.369565217391305,0.8181818181818182
P422253,combination,20,3.75,0.65
P422253,normal,5,3.2,0.6
P422253,oily,7,3.5714285714285716,0.7142857142857143
P422257,combination,122,4.254098360655738,0.8114754098360656
P422257,dry,36,4.361111111111111,0.8571428571428571
P422257,normal,26,4.153846153846154,0.7692307692307693
P422257,oily,32,4.53125,0.9032258064516129
P422428,combination,36,4.388888888888889,0.9166666666666666
P422428,dry,18,3.888888888888889,0.7222222222222222
P422428,normal,14,4.285714285714286,0.7857142857142857
P422428,oily,9,4.444444444444445,0.8888888888888888
P422430,combination,669,4.532137518684604,0.9192825112107623
P422430,dry,217,4.612903225806452,0.9585253456221198
P422430,normal,177,4.621468926553672,0.96045197740113
P422430,oily,188,4.5638297872340425,0.9361702127659575
P422510,combination,1183,4.4091293322062555,0.8746824724809483
P422510,dry,711,4.510548523206751,0.8926553672316384
P422510,normal,348,4.5,0.9020172910662824
P422510,oily,217,4.359447004608295,0.8709677419354839
P422536,combination,1153,4.407632263660017,0.8777103209019947
P422536,dry,227,4.136563876651983,0.8458149779735683
P422536,normal,247,4.437246963562753,0.8987854251012146
P422536,oily,505,4.44950495049505,0.8811881188118812
P422648,combination,24,4.458333333333333,0.875
P422648,dry,1,5.0,1.0
P422648,normal,5,5.0,1.0
P422648,oily,20,4.45,0.8
P422649,combination,22,4.045454545454546,0.6818181818181818
P422649,dry,4,4.75,1.0
P422649,normal,1,5.0,1.0
P422905,combination,1623,4.470733210104744,0.9057301293900185
P422905,dry,530,4.388679245283019,0.8679245283018868
P422905,normal,424,4.514150943396227,0.9221698113207547
P422905,oily,345,4.466666666666667,0.9072463768115943
P423123,combination,183,4.573770491803279,0.9562841530054644
P423123,dry,32,4.375,0.875
P423123,normal,44,4.636363636363637,0.9545454545454546
P423123,oily,48,4.5625,0.8958333333333334
P423125,combination,89,4.280898876404494,0.8539325842696629
P423125,dry,32,4.28125,0.875
P423125,normal,15,4.4,0.9333333333333333
P423125,oily,18,4.333333333333333,0.7777777777777778
P423127,combination,111,4.5225225225225225,0.9369369369369369
P423127,dry,42,4.4523809523809526,0.9047619047619048
P423127,normal,14,4.642857142857143,0.8571428571428571
P423127,oily,30,4.1,0.7666666666666667
P423130,combination,216,4.351851851851852,0.8796296296296297
P423130,dry,83,4.433734939759036,0.9036144578313253
P423130,normal,41,4.365853658536586,0.926829268292683
P423130,oily,45,4.4,0.9555555555555556
P423134,combination,107,4.121495327102804,0.8037383177570093
P423134,dry,29,4.482758620689655,0.9310344827586207
P423134,normal,30,4.1,0.8
P423134,oily,35,4.114285714285714,0.8571428571428571
P423135,combination,122,4.598360655737705,0.9344262295081968
P423135,dry,54,4.888888888888889,1.0
P423135,normal,18,4.722222222222222,0.9444444444444444
P423135,oily,28,4.428571428571429,0.9285714285714286
P423136,combination,425,4.550588235294118,0.9129411764705883
P423136,dry,125,4.584,0.944
P423136,normal,78,4.448717948717949,0.8846153846153846
P423136,oily,79,4.367088607594937,0.8734177215189873
P423142,combination,276,4.594202898550725,0.9166666666666666
P423142,dry,36,4.527777777777778,0.9166666666666666
P423142,normal,27,4.814814814814815,1.0
P423142,oily,79,4.582278481012659,0.8987341772151899
P423143,combination,17,4.529411764705882,0.8823529411764706
P423143,dry,10,4.2,0.8
P423143,normal,3,2.3333333333333335,0.3333333333333333
P423143,oily,5,3.8,0.6
P423148,combination,703,4.541963015647227,0.918918918918919
P423148,dry,200,4.595,0.925
P423148,normal,149,4.644295302013423,0.9328859060402684
P423148,oily,163,4.361963190184049,0.852760736196319
P423150,combination,171,4.461988304093567,0.8947368421052632
P423150,dry,67,4.477611940298507,0.9402985074626866
P423150,normal,42,4.071428571428571,0.7380952380952381
P423150,oily,25,4.28,0.88
P423157,combination,69,3.8260869565217392,0.7246376811594203
P423157,dry,29,3.6551724137931036,0.6551724137931034
P423157,normal,20,3.95,0.8
P423157,oily,13,3.8461538461538463,0.7692307692307693
P423159,combination,25,4.0,0.72
P423159,dry,8,3.875,0.75
P423159,normal,9,3.6666666666666665,0.6666666666666666
P423159,oily,6,4.5,1.0
P423165,combination,22,4.2272727272727275,0.8181818181818182
P423165,dry,3,5.0,1.0
P423165,normal,10,3.7,0.7
P423165,oily,1,2.0,0.0
P423254,combination,144,4.069444444444445,0.7569444444444444
P423254,dry,70,4.0285714285714285,0.7857142857142857
P423254,normal,45,3.8222222222222224,0.6888888888888889
P423254,oily,26,4.3076923076923075,0.8461538461538461
P423259,combination,503,4.210735586481113,0.8230616302186878
P423259,dry,380,4.342105263157895,0.8710526315789474
P423259,normal,98,4.214285714285714,0.8163265306122449
P423259,oily,84,4.321428571428571,0.8452380952380952
P423264,combination,30,4.233333333333333,0.8
P423264,dry,9,4.666666666666667,0.8888888888888888
P423264,normal,7,4.571428571428571,1.0
P423264,oily,7,4.428571428571429,0.8571428571428571
P423688,combination,2604,4.701228878648234,0.9523809523809523
P423688,dry,767,4.672750977835723,0.9452411994784876
P423688,normal,557,4.746858168761221,0.9640933572710951
P423688,oily,557,4.667863554757631,0.9497307001795332
P423690,combination,21,4.0476190476190474,0.7619047619047619
P423690,dry,3,4.666666666666667,1.0
P423690,normal,3,3.6666666666666665,0.6666666666666666
P423690,oily,1,5.0,1.0
P424378,combination,135,4.229629629629629,0.8
P424378,dry,63,4.253968253968254,0.8571428571428571
P424378,normal,37,4.324324324324325,0.8378378378378378
P424378,oily,30,4.133333333333334,0.8333333333333334
P424948,combination,896,4.018973214285714,0.7734375
P424948,dry,299,4.093645484949833,0.7959866220735786
P424948,normal,266,3.9849624060150375,0.7669172932330827
P424948,oily,180,3.977777777777778,0.7333333333333333
P424984,combination,35,3.914285714285714,0.7428571428571429
P424984,dry,13,4.384615384615385,0.9230769230769231
P424984,normal,11,3.8181818181818183,0.7272727272727273
P424984,oily,4,5.0,1.0
P424985,combination,40,4.275,0.9
P424985,dry,20,3.75,0.7
P424985,normal,19,4.052631578947368,0.7368421052631579
P424985,oily,10,3.6,0.8
P424986,combination,86,4.372093023255814,0.8604651162790697
P424986,dry,27,4.555555555555555,0.9259259259259259
P424986,normal,43,4.372093023255814,0.8372093023255814
P424986,oily,22,4.0,0.7272727272727273
P424988,combination,244,4.036885245901639,0.7581967213114754
P424988,dry,88,3.8636363636363638,0.7045454545454546
P424988,normal,90,3.9,0.7555555555555555
P424988,oily,46,4.108695652173913,0.7391304347826086
P424989,combination,97,4.164948453608248,0.7835051546391752
P424989,dry,39,4.333333333333333,0.8717948717948718
P424989,normal,46,4.1521739130434785,0.8260869565217391
P424989,oily,12,4.333333333333333,0.8333333333333334
P424990,combination,83,4.0120481927710845,0.7831325301204819
P424990,dry,36,4.25,0.8055555555555556
P424990,normal,37,4.0,0.8108108108108109
P424990,oily,16,4.625,0.9375
P426080,combination,259,4.258687258687258,0.8416988416988417
P426080,dry,96,4.5,0.90625
P426080,normal,79,4.443037974683544,0.8860759493670886
P426080,oily,52,4.403846153846154,0.8653846153846154
P426183,combination,1555,4.091961414790997,0.7740350877192983
P426183,dry,433,3.9884526558891453,0.7316455696202532
P426183,normal,337,4.12759643916914,0.7980769230769231
P426183,oily,298,4.114093959731544,0.779783393501805
P426340,combination,531,4.446327683615819,0.8587570621468926
P426340,dry,211,4.516587677725118,0.8767772511848341
P426340,normal,120,4.333333333333333,0.825
P426340,oily,133,4.556390977443609,0.8646616541353384
P426501,combination,673,4.056463595839524,0.7541984732824427
P426501,dry,332,4.066265060240964,0.7585139318885449
P426501,normal,167,4.0119760479041915,0.7530864197530864
P426501,oily,100,3.93,0.7448979591836735
P426707,combination,579,4.018998272884283,0.7547495682210709
P426707,dry,142,3.6690140845070425,0.6619718309859155
P426707,normal,124,4.096774193548387,0.7903225806451613
P426707,oily,216,4.106481481481482,0.7777777777777778
P426829,combination,209,4.526315789473684,0.8660287081339713
P426829,dry,101,4.455445544554456,0.8217821782178217
P426829,normal,56,4.464285714285714,0.8392857142857143
P426829,oily,45,4.288888888888889,0.8222222222222222
P426836,combination,1486,3.971736204576043,0.7422611036339165
P426836,dry,464,3.9375,0.7413793103448276
P426836,normal,375,3.8853333333333335,0.6933333333333334
P426836,oily,349,3.9111747851002865,0.7392550143266475
P427393,combination,82,3.402439024390244,0.6097560975609756
P427393,dry,15,3.6,0.5333333333333333
P427393,normal,23,3.9565217391304346,0.6956521739130435
P427393,oily,27,3.5925925925925926,0.6296296296296297
P427397,combination,660,4.587878787878788,0.9348484848484848
P427397,dry,215,4.618604651162791,0.9348837209302325
P427397,normal,154,4.558441558441558,0.935064935064935
P427397,oily,151,4.496688741721854,0.9139072847682119
P427404,combination,97,3.9072164948453607,0.711340206185567
P427404,dry,30,3.966666666666667,0.7666666666666667
P427404,normal,25,3.4,0.64
P427404,oily,12,3.75,0.6666666666666666
P427405,combination,124,4.330645161290323,0.8548387096774194
P427405,dry,50,4.38,0.86
P427405,normal,39,4.410256410256411,0.8974358974358975
P427405,oily,25,4.0,0.84
P427406,combination,1595,4.3090909090909095,0.8470219435736677
P427406,dry,504,4.464285714285714,0.9027777777777778
P427406,normal,302,4.3907284768211925,0.8708609271523179
P427406,oily,454,4.330396475770925,0.8458149779735683
P427409,combination,212,3.6650943396226414,0.6509433962264151
P427409,dry,64,3.234375,0.53125
P427409,normal,57,3.8947368421052633,0.6491228070175439
P427409,oily,58,3.7241379310344827,0.7068965517241379
P427410,combination,599,3.4190317195325544,0.6026711185308848
P427410,dry,206,3.4563106796116503,0.6067961165048543
P427410,normal,156,3.3461538461538463,0.5448717948717948
P427410,oily,144,3.7152777777777777,0.6944444444444444
P427411,combination,517,4.156673114119923,0.8027079303675049
P427411,dry,162,4.117283950617284,0.8024691358024691
P427411,normal,104,4.125,0.7980769230769231
P427411,oily,166,4.246987951807229,0.8493975903614458
P427412,combination,417,3.9928057553956835,0.7769784172661871
P427412,dry,109,4.339449541284404,0.8990825688073395
P427412,normal,79,3.949367088607595,0.759493670886076
P427412,oily,133,4.097744360902255,0.7819548872180451
P427413,combination,732,4.505464480874317,0.9043715846994536
P427413,dry,228,4.526315789473684,0.9078947368421053
P427413,normal,142,4.457746478873239,0.8732394366197183
P427413,oily,177,4.502824858757062,0.8926553672316384
P427414,combination,1098,4.16120218579235,0.7969034608378871
P427414,dry,460,4.126086956521739,0.7869565217391304
P427414,normal,246,4.178861788617886,0.8008130081300813
P427414,oily,228,4.083333333333333,0.7675438596491229
P427415,combination,815,4.401226993865031,0.8625766871165644
P427415,dry,378,4.394179894179894,0.873015873015873
P427415,normal,187,4.411764705882353,0.8823529411764706
P427415,oily,218,4.426605504587156,0.8899082568807339
P427416,combination,1128,3.779255319148936,0.7012411347517731
P427416,dry,369,3.7235772357723578,0.6856368563685636
P427416,normal,321,3.778816199376947,0.7071651090342679
P427416,oily,270,3.803703703703704,0.725925925925926
P427417,combination,3302,4.241671714112659,0.8319200484554815
P427417,dry,636,4.245283018867925,0.8301886792452831
P427417,normal,492,4.182926829268292,0.8170731707317073
P427417,oily,1288,4.27639751552795,0.8361801242236024
P427418,combination,380,4.478947368421053,0.8894736842105263
P427418,dry,142,4.492957746478873,0.8873239436619719
P427418,normal,91,4.241758241758242,0.8351648351648352
P427418,oily,95,4.494736842105263,0.9157894736842105
P427419,combination,1924,4.210498960498961,0.8217255717255717
P427419,dry,973,4.177800616649537,0.8067831449126414
P427419,normal,444,4.225225225225225,0.8130630630630631
P427419,oily,405,4.279012345679012,0.8395061728395061
P427420,combination,859,4.238649592549476,0.8218859138533178
P427420,dry,378,4.055555555555555,0.7619047619047619
P427420,normal,214,4.11214953271028,0.7757009345794392
P427420,oily,141,3.9078014184397163,0.7304964539007093
P427421,combination,3380,3.983431952662722,0.7355029585798817
P427421,dry,1162,3.9475043029259895,0.7185886402753873
P427421,normal,777,3.891891891891892,0.712998712998713
P427421,oily,664,3.9879518072289155,0.7379518072289156
P427529,combination,201,3.656716417910448,0.6169154228855721
P427529,dry,86,3.8255813953488373,0.7441860465116279
P427529,normal,57,3.5964912280701755,0.631578947368421
P427529,oily,40,3.475,0.525
P427536,combination,1337,4.161555721765146,0.7995512341062079
P427536,dry,288,4.041666666666667,0.7465277777777778
P427536,normal,265,4.086792452830188,0.7622641509433963
P427536,oily,449,4.22271714922049,0.8195991091314031
P427638,combination,336,4.461309523809524,0.8779761904761905
P427638,dry,134,4.5,0.9029850746268657
P427638,normal,80,4.575,0.9375
P427638,oily,77,4.3896103896103895,0.922077922077922
P427641,combination,28,3.7142857142857144,0.6071428571428571
P427641,dry,12,3.3333333333333335,0.5833333333333334
P427641,normal,4,3.75,0.75
P427641,oily,3,4.666666666666667,1.0
P427729,combination,37,4.108108108108108,0.7567567567567568
P427729,dry,11,3.5454545454545454,0.5454545454545454
P427729,normal,11,3.727272727272727,0.6363636363636364
P427729,oily,4,3.5,0.75
P428095,combination,645,4.0635658914728685,0.7627906976744186
P428095,dry,257,4.237354085603113,0.8132295719844358
P428095,normal,150,4.086666666666667,0.7533333333333333
P428095,oily,172,4.3604651162790695,0.8546511627906976
P428100,combination,389,4.041131105398458,0.7583547557840618
P428100,dry,127,4.047244094488189,0.7637795275590551
P428100,normal,122,4.090163934426229,0.7704918032786885
P428100,oily,115,3.9217391304347826,0.6956521739130435
P428240,combination,72,4.194444444444445,0.8333333333333334
P428240,dry,114,4.491228070175438,0.9385964912280702
P428240,normal,15,4.2,0.6666666666666666
P428240,oily,17,4.235294117647059,0.8235294117647058
P428250,combination,887,3.9774520856820743,0.7587373167981961
P428250,dry,180,4.094444444444444,0.7777777777777778
P428250,normal,185,4.027027027027027,0.7837837837837838
P428250,oily,273,3.838827838827839,0.7106227106227107
P428255,combination,84,4.333333333333333,0.8571428571428571
P428255,dry,29,3.7241379310344827,0.6551724137931034
P428255,normal,20,4.3,0.85
P428255,oily,19,4.578947368421052,0.8947368421052632
P428416,combination,438,4.367579908675799,0.8242009132420092
P428416,dry,185,4.091891891891892,0.7567567567567568
P428416,normal,102,4.0,0.7352941176470589
P428416,oily,99,4.383838383838384,0.8282828282828283
P428422,combination,16,3.875,0.75
P428422,dry,2,4.0,0.5
P428422,normal,1,5.0,1.0
P428422,oily,12,3.9166666666666665,0.75
P428423,combination,19,4.157894736842105,0.7368421052631579
P428423,dry,6,4.5,0.8333333333333334
P428423,normal,5,4.2,0.8
P428423,oily,3,4.666666666666667,1.0
P428668,combination,264,4.045454545454546,0.7689393939393939
P428668,dry,104,3.875,0.7307692307692307
P428668,normal,73,4.219178082191781,0.8082191780821918
P428668,oily,46,4.456521739130435,0.8913043478260869
P428816,combination,183,3.633879781420765,0.6120218579234973
P428816,dry,114,3.754385964912281,0.6754385964912281
P428816,normal,51,4.137254901960785,0.7254901960784313
P428816,oily,44,4.136363636363637,0.75
P428819,combination,1076,4.0241635687732344,0.7453531598513011
P428819,dry,278,4.075539568345324,0.762589928057554
P428819,normal,223,3.8565022421524664,0.6771300448430493
P428819,oily,336,3.925595238095238,0.7291666666666666
P429043,combination,103,3.9514563106796117,0.7184466019417476
P429043,dry,36,4.194444444444445,0.8055555555555556
P429043,normal,33,3.909090909090909,0.696969696969697
P429043,oily,14,4.357142857142857,0.7857142857142857
P429242,combination,865,4.673988439306358,0.9572254335260115
P429242,dry,252,4.638888888888889,0.9444444444444444
P429242,normal,223,4.681614349775785,0.968609865470852
P429242,oily,182,4.56043956043956,0.9120879120879121
P429250,combination,259,4.061776061776062,0.7644787644787645
P429250,dry,103,4.213592233009709,0.7961165048543689
P429250,normal,55,4.1454545454545455,0.7818181818181819
P429250,oily,58,4.293103448275862,0.8275862068965517
P429515,combination,789,3.670468948035488,0.6552598225602028
P429515,dry,290,3.782758620689655,0.7
P429515,normal,226,3.7964601769911503,0.6902654867256637
P429515,oily,162,3.9876543209876543,0.7654320987654321
P429516,combination,430,4.388372093023256,0.872093023255814
P429516,dry,145,4.413793103448276,0.896551724137931
P429516,normal,118,4.423728813559322,0.8813559322033898
P429516,oily,99,4.555555555555555,0.9393939393939394
P429522,combination,73,3.6575342465753424,0.6164383561643836
P429522,dry,25,3.56,0.56
P429522,normal,13,3.6153846153846154,0.5384615384615384
P429522,oily,13,3.5384615384615383,0.46153846153846156
P429526,combination,58,4.5344827586206895,0.896551724137931
P429526,dry,23,4.391304347826087,0.8695652173913043
P429526,normal,13,4.230769230769231,0.7692307692307693
P429526,oily,9,4.111111111111111,0.7777777777777778
P429529,combination,250,4.1,0.752
P429529,dry,89,4.53932584269663,0.9101123595505618
P429529,normal,43,4.232558139534884,0.7906976744186046
P429529,oily,45,4.2444444444444445,0.8222222222222222
P429637,combination,87,3.586206896551724,0.6666666666666666
P429637,dry,9,3.7777777777777777,0.6666666666666666
P429637,normal,20,3.4,0.6
P429637,oily,21,4.285714285714286,0.7619047619047619
P429659,combination,42,4.166666666666667,0.7380952380952381
P429659,dry,37,4.4324324324324325,0.918918918918919
P429659,normal,10,4.1,0.7
P429659,oily,8,4.25,0.875
P429661,combination,57,4.157894736842105,0.7894736842105263
P429661,dry,10,4.5,0.8
P429661,normal,9,4.777777777777778,1.0
P429661,oily,27,4.0,0.7777777777777778
P429662,combination,152,3.875,0.7368421052631579
P429662,dry,32,3.625,0.71875
P429662,normal,12,3.5,0.5833333333333334
P429662,oily,41,4.2682926829268295,0.8780487804878049
P429676,combination,19,3.3684210526315788,0.5263157894736842
P429676,dry,7,3.5714285714285716,0.5714285714285714
P429676,normal,3,2.6666666666666665,0.3333333333333333
P429676,oily,2,3.0,0.5
P429683,combination,68,3.8823529411764706,0.7058823529411765
P429683,dry,34,3.823529411764706,0.7352941176470589
P429683,normal,37,3.5675675675675675,0.6216216216216216
P429683,oily,21,4.142857142857143,0.8095238095238095
P429952,combination,2357,4.050063640220619,0.7607127704709377
P429952,dry,961,3.9979188345473466,0.7419354838709677
P429952,normal,625,3.9488,0.7328
P429952,oily,417,4.083932853717027,0.7769784172661871
P429953,combination,241,3.5809128630705396,0.6390041493775933
P429953,dry,129,3.9069767441860463,0.7441860465116279
P429953,normal,82,3.6219512195121952,0.6707317073170732
P429953,oily,39,3.8461538461538463,0.7692307692307693
P429954,combination,146,3.8835616438356166,0.7191780821917808
P429954,dry,23,3.8260869565217392,0.6956521739130435
P429954,normal,31,4.193548387096774,0.8387096774193549
P429954,oily,67,4.014925373134329,0.746268656716418
P430146,combination,558,4.514336917562724,0.8835125448028673
P430146,dry,271,4.472324723247232,0.8745387453874539
P430146,normal,123,4.536585365853658,0.8943089430894309
P430146,oily,93,4.655913978494624,0.9354838709677419
P430337,combination,1637,4.347587049480757,0.868662186927306
P430337,dry,531,4.386064030131827,0.879472693032015
P430337,normal,399,4.2556390977443606,0.8395989974937343
P430337,oily,367,4.343324250681199,0.8664850136239782
P430812,combination,85,4.223529411764706,0.7764705882352941
P430812,dry,38,4.105263157894737,0.7368421052631579
P430812,normal,28,4.357142857142857,0.8928571428571429
P430812,oily,21,4.095238095238095,0.7619047619047619
P430813,combination,63,4.142857142857143,0.7619047619047619
P430813,dry,21,4.0,0.7619047619047619
P430813,normal,10,2.9,0.4
P430813,oily,13,4.769230769230769,0.9230769230769231
P430818,combination,163,4.2392638036809815,0.7975460122699386
P430818,dry,59,4.0,0.7796610169491526
P430818,normal,44,3.6818181818181817,0.6818181818181818
P430818,oily,29,4.206896551724138,0.7586206896551724
P430903,combination,157,3.789808917197452,0.6815286624203821
P430903,dry,73,3.835616438356164,0.7123287671232876
P430903,normal,38,3.5,0.6578947368421053
P430903,oily,29,3.4482758620689653,0.5862068965517241
P431180,combination,1458,4.013031550068587,0.779835390946502
P431180,dry,518,4.025096525096525,0.7837837837837838
P431180,normal,559,3.78175313059034,0.7298747763864043
P431180,oily,282,3.9432624113475176,0.7695035460992907
P431181,combination,523,3.7820267686424476,0.7151051625239006
P431181,dry,185,3.5135135135135136,0.6162162162162163
P431181,normal,223,3.6502242152466366,0.6860986547085202
P431181,oily,129,3.9302325581395348,0.7674418604651163
P431187,combination,493,4.089249492900609,0.742393509127789
P431187,dry,184,3.9184782608695654,0.7119565217391305
P431187,normal,99,4.05050505050505,0.7474747474747475
P431187,oily,101,3.9702970297029703,0.7227722772277227
P431416,combination,21,4.857142857142857,0.9523809523809523
P431416,dry,17,4.529411764705882,0.8235294117647058
P431416,normal,5,4.6,0.8
P431416,oily,4,4.25,0.75
P431419,combination,13,2.6153846153846154,0.38461538461538464
P431419,dry,3,4.333333333333333,1.0
P431419,normal,6,3.0,0.3333333333333333
P431419,oily,3,3.6666666666666665,0.6666666666666666
P431733,combination,38,4.7631578947368425,0.9473684210526315
P431733,dry,17,4.294117647058823,0.8235294117647058
P431733,normal,12,5.0,1.0
P431733,oily,13,4.230769230769231,0.7692307692307693
P431840,combination,77,3.6623376623376624,0.6623376623376623
P431840,dry,29,3.586206896551724,0.5862068965517241
P431840,normal,26,3.4615384615384617,0.6153846153846154
P431840,oily,16,3.25,0.5
P431847,combination,92,4.260869565217392,0.8478260869565217
P431847,dry,44,4.068181818181818,0.8181818181818182
P431847,normal,28,3.75,0.6428571428571429
P431847,oily,21,4.142857142857143,0.8095238095238095
P431848,combination,901,4.543840177580466,0.9223085460599334
P431848,dry,150,4.56,0.96
P431848,normal,192,4.635416666666667,0.9427083333333334
P431848,oily,269,4.442379182156134,0.9070631970260223
P432045,combination,311,3.9292604501607715,0.7234726688102894
P432045,dry,150,3.78,0.7
P432045,normal,104,3.8653846153846154,0.7019230769230769
P432045,oily,67,3.985074626865672,0.7611940298507462
P432048,combination,193,4.253886010362694,0.8082901554404145
P432048,dry,59,4.322033898305085,0.7966101694915254
P432048,normal,35,4.2,0.7714285714285715
P432048,oily,29,4.206896551724138,0.7586206896551724
P432049,combination,276,4.608695652173913,0.9347826086956522
P432049,dry,85,4.482352941176471,0.9058823529411765
P432049,normal,76,4.5131578947368425,0.868421052631579
P432049,oily,50,4.74,0.96
P432053,combination,80,3.7375,0.7125
P432053,dry,35,3.8285714285714287,0.6857142857142857
P432053,normal,17,4.117647058823529,0.9411764705882353
P432053,oily,25,4.08,0.72
P432239,combination,93,4.096774193548387,0.7419354838709677
P432239,dry,45,4.2,0.8
P432239,normal,31,3.935483870967742,0.6774193548387096
P432239,oily,17,3.588235294117647,0.5294117647058824
P432241,combination,397,3.929471032745592,0.743073047858942
P432241,dry,136,3.7794117647058822,0.7279411764705882
P432241,normal,91,3.5714285714285716,0.6263736263736264
P432241,oily,87,4.0344827586206895,0.7816091954022989
P432242,combination,362,4.102209944751381,0.8314917127071824
P432242,dry,60,4.016666666666667,0.8666666666666667
P432242,normal,45,4.088888888888889,0.8444444444444444
P432242,oily,100,4.21,0.83
P432243,combination,105,3.104761904761905,0.5047619047619047
P432243,dry,30,3.3,0.5333333333333333
P432243,normal,15,3.3333333333333335,0.6
P432243,oily,46,2.8260869565217392,0.41304347826086957
P432256,combination,17,4.352941176470588,0.8235294117647058
P432256,dry,5,4.0,0.6
P432256,normal,2,4.5,1.0
P432256,oily,4,4.75,0.75
P432262,combination,182,3.923076923076923,0.7417582417582418
P432262,dry,81,4.049382716049383,0.7530864197530864
P432262,normal,77,3.7142857142857144,0.7012987012987013
P432262,oily,52,3.8076923076923075,0.6923076923076923
P432421,combination,55,3.6,0.6181818181818182
P432421,dry,8,3.625,0.625
P432421,normal,8,4.125,0.875
P432421,oily,14,4.357142857142857,0.7857142857142857
P432662,combination,32,3.03125,0.46875
P432662,dry,13,3.5384615384615383,0.6153846153846154
P432662,normal,8,2.875,0.5
P432662,oily,7,3.5714285714285716,0.7142857142857143
P432668,combination,997,4.489468405215647,0.8826479438314945
P432668,dry,420,4.395238095238096,0.861904761904762
P432668,normal,360,4.461111111111111,0.8638888888888889
P432668,oily,235,4.23404255319149,0.8085106382978723
P432818,combination,94,4.159574468085107,0.7659574468085106
P432818,dry,26,3.730769230769231,0.6153846153846154
P432818,normal,17,4.117647058823529,0.7058823529411765
P432818,oily,30,3.6666666666666665,0.6666666666666666
P432823,combination,154,4.201298701298701,0.7987012987012987
P432823,dry,46,4.260869565217392,0.8043478260869565
P432823,normal,47,4.319148936170213,0.8723404255319149
P432823,oily,43,3.7674418604651163,0.7441860465116279
P432824,combination,94,3.765957446808511,0.6914893617021277
P432824,dry,29,4.206896551724138,0.8275862068965517
P432824,normal,29,3.7586206896551726,0.6551724137931034
P432824,oily,22,4.045454545454546,0.7272727272727273
P432829,combination,1048,4.394083969465649,0.8425572519083969
P432829,dry,568,4.25,0.795774647887324
P432829,normal,241,4.547717842323651,0.8921161825726142
P432829,oily,187,4.390374331550802,0.8342245989304813
P432831,combination,111,4.225225225225225,0.8108108108108109
P432831,dry,48,4.270833333333333,0.7916666666666666
P432831,normal,37,4.297297297297297,0.7837837837837838
P432831,oily,16,4.4375,0.8125
P432835,combination,13,3.923076923076923,0.6923076923076923
P432835,dry,5,4.0,0.8
P432835,normal,4,3.5,0.75
P432835,oily,5,4.8,0.8
P433143,combination,144,4.277777777777778,0.8680555555555556
P433143,dry,31,4.032258064516129,0.7741935483870968
P433143,normal,33,4.545454545454546,0.8787878787878788
P433143,oily,48,3.8958333333333335,0.7083333333333334
P433155,combination,14,3.857142857142857,0.7857142857142857
P433155,dry,6,4.166666666666667,0.8333333333333334
P433155,normal,10,4.0,0.8
P433155,oily,2,5.0,1.0
P433435,combination,782,3.867007672634271,0.7365728900255755
P433435,dry,108,3.990740740740741,0.7870370370370371
P433435,normal,133,3.924812030075188,0.7669172932330827
P433435,oily,396,3.7297979797979797,0.6792929292929293
P433440,combination,13,3.769230769230769,0.6923076923076923
P433440,dry,10,4.5,0.9
P433440,normal,5,3.0,0.4
P433440,oily,5,3.4,0.6
P433443,combination,573,4.525305410122164,0.893542757417103
P433443,dry,183,4.453551912568306,0.8797814207650273
P433443,normal,125,4.616,0.92
P433443,oily,106,4.471698113207547,0.9150943396226415
P433444,combination,606,4.681518151815181,0.9603960396039604
P433444,dry,167,4.664670658682635,0.9700598802395209
P433444,normal,126,4.634920634920635,0.9444444444444444
P433444,oily,168,4.505952380952381,0.9047619047619048
P433453,combination,144,2.9791666666666665,0.4791666666666667
P433453,dry,35,2.8857142857142857,0.42857142857142855
P433453,normal,29,2.896551724137931,0.5172413793103449
P433453,oily,28,2.5357142857142856,0.32142857142857145
P433456,combination,193,4.067357512953368,0.7927461139896373
P433456,dry,55,3.7818181818181817,0.6727272727272727
P433456,normal,48,3.9375,0.75
P433456,oily,45,4.2444444444444445,0.8222222222222222
P433457,combination,180,4.355555555555555,0.9166666666666666
P433457,dry,51,4.254901960784314,0.8627450980392157
P433457,normal,40,4.3,0.85
P433457,oily,46,4.434782608695652,0.9130434782608695
P433461,combination,16,3.625,0.625
P433461,dry,7,4.0,0.8571428571428571
P433461,normal,8,3.5,0.625
P433461,oily,10,3.9,0.7
P433468,combination,65,3.9692307692307693,0.6923076923076923
P433468,dry,5,4.4,0.8
P433468,normal,11,4.2727272727272725,0.8181818181818182
P433468,oily,24,4.375,0.8333333333333334
P433469,combination,20,3.75,0.7
P433469,dry,6,5.0,1.0
P433469,normal,9,4.333333333333333,0.7777777777777778
P433469,oily,3,4.0,0.6666666666666666
P433519,combination,56,3.482142857142857,0.6428571428571429
P433519,dry,36,3.4722222222222223,0.5833333333333334
P433519,normal,22,3.590909090909091,0.6363636363636364
P433519,oily,7,3.5714285714285716,0.5714285714285714
P433520,combination,1805,4.392243767313019,0.884764542936288
P433520,dry,722,4.383656509695291,0.8670360110803325
P433520,normal,549,4.497267759562842,0.9034608378870674
P433520,oily,370,4.335135135135135,0.8675675675675676
P433521,combination,494,4.338056680161944,0.8744939271255061
P433521,dry,134,4.335820895522388,0.8955223880597015
P433521,normal,140,4.392857142857143,0.8714285714285714
P433521,oily,63,4.365079365079365,0.9365079365079365
P433522,combination,29,4.275862068965517,0.8275862068965517
P433522,dry,20,4.4,0.8
P433522,normal,8,4.25,0.75
P433522,oily,4,4.25,0.75
P433524,combination,22,4.136363636363637,0.8181818181818182
P433524,dry,6,4.166666666666667,0.8333333333333334
P433524,normal,6,4.166666666666667,0.8333333333333334
P433524,oily,1,4.0,1.0
P433617,combination,30,4.133333333333334,0.7666666666666667
P433617,dry,5,4.2,0.8
P433617,normal,3,5.0,1.0
P433617,oily,9,4.222222222222222,0.6666666666666666
P433618,combination,66,4.303030303030303,0.803030303030303
P433618,dry,15,3.8,0.6666666666666666
P433618,normal,14,4.428571428571429,0.7857142857142857
P433618,oily,15,4.266666666666667,0.8
P433621,combination,19,4.157894736842105,0.7894736842105263
P433621,dry,5,4.6,0.8
P433621,normal,1,5.0,1.0
P433621,oily,1,5.0,1.0
P433627,combination,258,4.174418604651163,0.7868217054263565
P433627,dry,96,4.46875,0.875
P433627,normal,68,3.588235294117647,0.6176470588235294
P433627,oily,63,4.26984126984127,0.8253968253968254
P433884,combination,43,4.255813953488372,0.813953488372093
P433884,dry,7,4.857142857142857,1.0
P433884,normal,8,3.875,0.625
P433884,oily,7,4.0,0.7142857142857143
P433887,combination,1110,4.238738738738738,0.8243243243243243
P433887,dry,461,4.225596529284165,0.806941431670282
P433887,normal,312,4.153846153846154,0.8108974358974359
P433887,oily,183,4.147540983606557,0.7868852459016393
P433971,combination,101,4.0495049504950495,0.7821782178217822
P433971,dry,26,4.5,0.8076923076923077
P433971,normal,21,4.238095238095238,0.8095238095238095
P433971,oily,15,4.266666666666667,0.8
P433973,combination,125,4.768,0.968
P433973,dry,29,4.620689655172414,0.9310344827586207
P433973,normal,42,4.642857142857143,0.9047619047619048
P433973,oily,25,4.64,0.92
P433974,combination,57,4.508771929824562,0.8947368421052632
P433974,dry,16,4.5,0.9375
P433974,normal,15,4.666666666666667,1.0
P433974,oily,8,4.875,1.0
P433975,combination,57,4.385964912280702,0.8771929824561403
P433975,dry,19,4.0,0.7368421052631579
P433975,normal,29,4.241379310344827,0.7931034482758621
P433975,oily,6,3.5,0.6666666666666666
P434336,combination,548,4.346715328467154,0.8394160583941606
P434336,dry,234,4.44017094017094,0.8888888888888888
P434336,normal,165,4.387878787878788,0.8606060606060606
P434336,oily,111,4.2342342342342345,0.8108108108108109
P434340,combination,46,3.9347826086956523,0.6956521739130435
P434340,dry,13,4.384615384615385,0.8461538461538461
P434340,normal,7,3.857142857142857,0.7142857142857143
P434340,oily,5,3.6,0.6
P434360,combination,486,4.364197530864198,0.8143712574850299
P434360,dry,184,4.195652173913044,0.8181818181818182
P434360,normal,127,4.338582677165355,0.82
P434360,oily,83,4.253012048192771,0.7333333333333333
P434361,combination,110,4.2727272727272725,0.8181818181818182
P434361,dry,23,4.0,0.782608695652174
P434361,normal,25,4.64,0.96
P434361,oily,33,4.575757575757576,0.8787878787878788
P434545,combination,684,4.342105263157895,0.8845029239766082
P434545,dry,208,4.259615384615385,0.8557692307692307
P434545,normal,174,4.252873563218391,0.8563218390804598
P434545,oily,166,4.132530120481928,0.8554216867469879
P434546,combination,274,3.897810218978102,0.708029197080292
P434546,dry,88,3.7954545454545454,0.7045454545454546
P434546,normal,82,3.8658536585365852,0.6829268292682927
P434546,oily,76,4.0394736842105265,0.8026315789473685
P434548,combination,1064,4.3355263157894735,0.8421052631578947
P434548,dry,350,4.214285714285714,0.8028571428571428
P434548,normal,247,4.234817813765182,0.805668016194332
P434548,oily,259,4.424710424710424,0.8687258687258688
P434550,combination,175,4.251428571428572,0.8514285714285714
P434550,dry,53,4.245283018867925,0.8490566037735849
P434550,normal,40,4.725,0.975
P434550,oily,36,4.694444444444445,1.0
P435209,combination,166,4.409638554216867,0.9156626506024096
P435209,dry,56,4.678571428571429,0.9464285714285714
P435209,normal,49,4.326530612244898,0.9591836734693877
P435209,oily,23,4.434782608695652,0.9565217391304348
P435386,combination,236,3.7838983050847457,0.6567796610169492
P435386,dry,63,3.888888888888889,0.6825396825396826
P435386,normal,37,3.5945945945945947,0.6756756756756757
P435386,oily,71,3.6901408450704225,0.6056338028169014
P435800,combination,228,4.5,0.8771929824561403
P435800,dry,62,4.612903225806452,0.9032258064516129
P435800,normal,51,4.862745098039215,0.9607843137254902
P435800,oily,58,4.431034482758621,0.8793103448275862
P435801,combination,25,4.08,0.76
P435801,dry,16,4.0,0.8125
P435801,normal,3,3.6666666666666665,0.6666666666666666
P435801,oily,3,5.0,1.0
P435975,combination,136,3.610294117647059,0.625
P435975,dry,55,3.4909090909090907,0.5818181818181818
P435975,normal,36,4.166666666666667,0.8055555555555556
P435975,oily,15,3.8,0.6
P436094,combination,335,4.498507462686567,0.8985074626865671
P436094,dry,157,4.6050955414012735,0.9299363057324841
P436094,normal,80,4.425,0.9
P436094,oily,45,4.155555555555556,0.8444444444444444
P436353,combination,199,4.080402010050252,0.7688442211055276
P436353,dry,75,4.026666666666666,0.76
P436353,normal,24,4.333333333333333,0.8333333333333334
P436353,oily,35,4.485714285714286,0.8857142857142857
P436359,combination,587,3.8177172061328792,0.6984667802385008
P436359,dry,174,3.8275862068965516,0.6494252873563219
P436359,normal,142,3.647887323943662,0.6267605633802817
P436359,oily,149,3.9060402684563758,0.697986577181208
P436365,combination,60,3.35,0.6666666666666666
P436365,dry,32,3.78125,0.71875
P436365,normal,18,3.111111111111111,0.5555555555555556
P436365,oily,11,4.181818181818182,0.8181818181818182
P436378,combination,15,4.666666666666667,0.8666666666666667
P436378,dry,14,4.5,0.9285714285714286
P436378,normal,2,5.0,1.0
P436378,oily,2,3.0,0.5
P436387,combination,297,4.474747474747475,0.8787878787878788
P436387,dry,97,4.329896907216495,0.845360824742268
P436387,normal,59,4.47457627118644,0.864406779661017
P436387,oily,72,4.402777777777778,0.875
P436891,combination,139,3.41726618705036,0.6187050359712231
P436891,dry,65,3.5692307692307694,0.6153846153846154
P436891,normal,49,3.979591836734694,0.7755102040816326
P436891,oily,34,3.5294117647058822,0.6176470588235294
P437477,combination,37,3.7567567567567566,0.7567567567567568
P437477,dry,20,3.3,0.5
P437477,normal,6,3.5,0.6666666666666666
P437477,oily,6,3.8333333333333335,0.8333333333333334
P437960,combination,36,4.25,0.7777777777777778
P437960,dry,9,3.7777777777777777,0.7777777777777778
P437960,normal,18,3.9444444444444446,0.7222222222222222
P437960,oily,6,4.333333333333333,0.8333333333333334
P437981,combination,243,4.31275720164609,0.823045267489712
P437981,dry,135,4.325925925925926,0.8148148148148148
P437981,normal,62,4.5,0.8548387096774194
P437981,oily,34,4.235294117647059,0.8529411764705882
P438617,combination,228,4.557017543859649,0.9210526315789473
P438617,dry,87,4.494252873563219,0.8850574712643678
P438617,normal,67,4.701492537313433,0.9701492537313433
P438617,oily,34,4.5588235294117645,0.9117647058823529
P438618,combination,238,4.617647058823529,0.9201680672268907
P438618,dry,72,4.652777777777778,0.9027777777777778
P438618,normal,59,4.677966101694915,0.9661016949152542
P438618,oily,46,4.565217391304348,0.9130434782608695
P438619,combination,283,4.3674911660777385,0.8763250883392226
P438619,dry,116,4.267241379310345,0.8448275862068966
P438619,normal,66,4.4393939393939394,0.8939393939393939
P438619,oily,49,4.448979591836735,0.8979591836734694
P438620,combination,256,4.58203125,0.91015625
P438620,dry,112,4.446428571428571,0.8839285714285714
P438620,normal,66,4.515151515151516,0.9090909090909091
P438620,oily,27,4.148148148148148,0.8148148148148148
P438628,combination,38,4.526315789473684,0.868421052631579
P438628,dry,17,4.764705882352941,0.9411764705882353
P438628,normal,11,4.636363636363637,0.9090909090909091
P438628,oily,16,4.9375,1.0
P438635,combination,44,3.409090909090909,0.5909090909090909
P438635,dry,13,2.923076923076923,0.46153846153846156
P438635,normal,10,4.0,0.7
P438635,oily,9,3.7777777777777777,0.6666666666666666
P438637,combination,105,4.0476190476190474,0.780952380952381
P438637,dry,35,4.114285714285714,0.8
P438637,normal,40,4.075,0.8
P438637,oily,17,4.235294117647059,0.8235294117647058
P438643,combination,50,4.44,0.84
P438643,dry,10,4.6,0.9
P438643,normal,16,4.625,0.875
P438643,oily,10,4.2,0.8
P438648,combination,16,3.5625,0.5625
P438648,dry,11,3.8181818181818183,0.6363636363636364
P438648,normal,9,4.444444444444445,0.7777777777777778
P438648,oily,3,3.6666666666666665,0.6666666666666666
P439055,combination,734,4.517711171662126,0.9168937329700273
P439055,dry,281,4.590747330960854,0.9217081850533808
P439055,normal,185,4.6,0.9297297297297298
P439055,oily,111,4.495495495495495,0.9369369369369369
P439057,combination,258,4.627906976744186,0.9186046511627907
P439057,dry,88,4.511363636363637,0.8977272727272727
P439057,normal,56,4.482142857142857,0.875
P439057,oily,43,4.5813953488372094,0.9069767441860465
P439058,combination,906,4.242825607064018,0.8200883002207505
P439058,dry,274,4.291970802919708,0.8321167883211679
P439058,normal,205,4.126829268292683,0.775609756097561
P439058,oily,215,4.069767441860465,0.7581395348837209
P439061,combination,1690,4.212426035502959,0.8420118343195266
P439061,dry,440,4.181818181818182,0.8295454545454546
P439061,normal,355,4.140845070422535,0.8394366197183099
P439061,oily,455,4.173626373626374,0.8197802197802198
P439626,combination,32,3.65625,0.59375
P439626,dry,14,4.0,0.7857142857142857
P439626,normal,11,3.8181818181818183,0.6363636363636364
P439626,oily,6,3.6666666666666665,0.5
P439643,combination,148,3.608108108108108,0.6621621621621622
P439643,dry,48,3.8333333333333335,0.6875
P439643,normal,34,3.588235294117647,0.6764705882352942
P439643,oily,40,3.55,0.625
P439648,combination,14,2.857142857142857,0.35714285714285715
P439648,dry,2,4.5,1.0
P439648,normal,2,3.5,0.5
P439648,oily,7,3.5714285714285716,0.5714285714285714
P439672,combination,71,3.8309859154929575,0.704225352112676
P439672,dry,23,3.608695652173913,0.6521739130434783
P439672,normal,26,3.5384615384615383,0.7307692307692307
P439672,oily,12,3.75,0.6666666666666666
P439926,combination,680,4.186764705882353,0.8014705882352942
P439926,dry,220,4.177272727272728,0.7772727272727272
P439926,normal,173,4.184971098265896,0.791907514450867
P439926,oily,180,4.361111111111111,0.85
P439927,combination,160,4.34375,0.86875
P439927,dry,60,4.366666666666666,0.85
P439927,normal,36,4.611111111111111,0.9722222222222222
P439927,oily,25,4.32,0.88
P439928,combination,322,3.6614906832298137,0.6304347826086957
P439928,dry,144,4.0625,0.7361111111111112
P439928,normal,120,3.6666666666666665,0.6416666666666667
P439928,oily,59,3.1016949152542375,0.4915254237288136
P440072,combination,52,3.3653846153846154,0.5769230769230769
P440072,dry,15,4.533333333333333,0.8
P440072,normal,19,3.8947368421052633,0.7368421052631579
P440072,oily,6,4.333333333333333,0.8333333333333334
P440075,combination,272,4.165441176470588,0.7720588235294118
P440075,dry,96,4.364583333333333,0.8541666666666666
P440075,normal,71,4.197183098591549,0.7746478873239436
P440075,oily,72,4.083333333333333,0.7777777777777778
P440302,combination,16,4.0,0.625
P440302,dry,2,3.0,0.5
P440302,normal,11,3.8181818181818183,0.7272727272727273
P440302,oily,2,2.5,0.5
P440305,combination,66,4.454545454545454,0.8939393939393939
P440305,dry,60,4.7,0.9166666666666666
P440305,normal,33,4.333333333333333,0.8484848484848485
P440305,oily,14,4.928571428571429,0.9285714285714286
P440306,combination,37,3.675675675675676,0.6756756756756757
P440306,dry,17,3.176470588235294,0.5882352941176471
P440306,normal,14,3.4285714285714284,0.5714285714285714
P440306,oily,14,4.0,0.7857142857142857
P440307,combination,1151,4.292788879235448,0.8245004344048653
P440307,dry,669,4.394618834080718,0.8340807174887892
P440307,normal,313,4.26517571884984,0.8019169329073482
P440307,oily,199,4.36180904522613,0.8291457286432161
P440309,combination,32,4.5625,0.875
P440309,dry,7,4.857142857142857,1.0
P440309,normal,7,4.285714285714286,0.8571428571428571
P440309,oily,5,3.2,0.4
P440312,combination,919,4.476605005440696,0.8813928182807399
P440312,dry,313,4.5111821086261985,0.8945686900958466
P440312,normal,251,4.50597609561753,0.8884462151394422
P440312,oily,192,4.453125,0.875
P440317,combination,51,3.3529411764705883,0.5882352941176471
P440317,dry,30,3.966666666666667,0.7333333333333333
P440317,normal,17,4.0,0.7058823529411765
P440317,oily,9,3.111111111111111,0.4444444444444444
P440482,combination,151,3.8543046357615895,0.7152317880794702
P440482,dry,57,3.6842105263157894,0.6666666666666666
P440482,normal,39,4.102564102564102,0.7948717948717948
P440482,oily,48,3.5208333333333335,0.6666666666666666
P440483,combination,63,4.063492063492063,0.8253968253968254
P440483,dry,25,3.84,0.68
P440483,normal,16,3.75,0.6875
P440483,oily,18,3.7222222222222223,0.7222222222222222
P440484,combination,45,4.466666666666667,0.8444444444444444
P440484,dry,17,4.470588235294118,0.8235294117647058
P440484,normal,13,4.076923076923077,0.7692307692307693
P440484,oily,15,4.6,0.8666666666666667
P440485,combination,43,3.7209302325581395,0.6511627906976745
P440485,dry,8,4.125,0.75
P440485,normal,11,4.0,0.7272727272727273
P440485,oily,9,3.5555555555555554,0.5555555555555556
P440486,combination,48,4.3125,0.8333333333333334
P440486,dry,9,4.111111111111111,0.7777777777777778
P440486,normal,6,3.8333333333333335,0.6666666666666666
P440486,oily,8,3.75,0.5
P440489,combination,32,3.875,0.71875
P440489,dry,8,4.375,0.875
P440489,normal,9,3.888888888888889,0.6666666666666666
P440489,oily,13,4.769230769230769,1.0
P440490,combination,38,3.6315789473684212,0.6578947368421053
P440490,dry,8,4.5,0.875
P440490,normal,10,4.6,0.8
P440490,oily,24,3.375,0.5833333333333334
P440491,combination,19,4.315789473684211,0.8421052631578947
P440491,dry,6,5.0,1.0
P440491,normal,7,4.428571428571429,0.8571428571428571
P440491,oily,4,5.0,1.0
P440492,combination,18,3.888888888888889,0.7777777777777778
P440492,dry,9,4.0,0.7777777777777778
P440492,normal,5,3.6,0.4
P440492,oily,3,5.0,1.0
P440493,combination,13,3.3076923076923075,0.5384615384615384
P440493,dry,11,4.181818181818182,0.6363636363636364
P440493,normal,3,3.3333333333333335,0.3333333333333333
P440493,oily,4,3.5,0.5
P440494,combination,26,3.923076923076923,0.7307692307692307
P440494,dry,9,4.333333333333333,0.8888888888888888
P440494,normal,4,4.0,0.75
P440494,oily,10,4.3,0.8
P440496,combination,18,3.8333333333333335,0.7222222222222222
P440496,dry,9,4.111111111111111,0.7777777777777778
P440496,normal,4,5.0,1.0
P440496,oily,9,3.4444444444444446,0.6666666666666666
P440498,combination,224,4.09375,0.7633928571428571
P440498,dry,46,4.217391304347826,0.8695652173913043
P440498,normal,44,3.6818181818181817,0.7272727272727273
P440498,oily,81,4.234567901234568,0.8148148148148148
P440499,combination,15,4.266666666666667,0.8666666666666667
P440499,dry,2,4.5,1.0
P440499,normal,5,4.8,1.0
P440499,oily,11,4.363636363636363,0.9090909090909091
P440501,combination,31,3.7419354838709675,0.7096774193548387
P440501,dry,17,4.117647058823529,0.7647058823529411
P440501,normal,8,4.25,0.75
P440501,oily,5,2.6,0.4
P440502,combination,40,3.175,0.475
P440502,dry,21,3.7142857142857144,0.6666666666666666
P440502,normal,2,2.5,0.5
P440502,oily,12,2.75,0.4166666666666667
P440503,combination,91,4.34065934065934,0.8571428571428571
P440503,dry,22,3.8181818181818183,0.6363636363636364
P440503,normal,22,4.545454545454546,0.9090909090909091
P440503,oily,25,4.32,0.88
P440504,combination,240,3.754166666666667,0.6625
P440504,dry,111,3.936936936936937,0.7297297297297297
P440504,normal,88,3.8181818181818183,0.6818181818181818
P440504,oily,49,3.7551020408163267,0.673469387755102
P440650,combination,515,4.640776699029126,0.9428007889546351
P440650,dry,193,4.6217616580310885,0.9375
P440650,normal,157,4.6369426751592355,0.9605263157894737
P440650,oily,87,4.563218390804598,0.9195402298850575
P440651,combination,1158,4.2504317789291886,0.8292011019283747
P440651,dry,119,4.151260504201681,0.8125
P440651,normal,123,4.195121951219512,0.7111111111111111
P440651,oily,516,4.296511627906977,0.7651006711409396
P440658,combination,81,4.271604938271605,0.8518518518518519
P440658,dry,23,4.695652173913044,0.9565217391304348
P440658,normal,17,4.352941176470588,0.8235294117647058
P440658,oily,13,4.6923076923076925,1.0
P440923,combination,15,3.6,0.6666666666666666
P440923,dry,5,3.0,0.4
P440923,normal,8,3.875,0.625
P440923,oily,2,2.0,0.0
P440925,combination,394,4.373096446700508,0.8578680203045685
P440925,dry,241,4.381742738589212,0.8381742738589212
P440925,normal,97,4.371134020618556,0.845360824742268
P440925,oily,64,4.484375,0.890625
P440926,combination,53,3.9056603773584904,0.6981132075471698
P440926,dry,32,4.34375,0.90625
P440926,normal,14,4.285714285714286,0.7142857142857143
P440926,oily,5,4.2,0.8
P440929,combination,57,4.421052631578948,0.8771929824561403
P440929,dry,16,4.5,0.875
P440929,normal,13,4.538461538461538,0.9230769230769231
P440929,oily,15,4.466666666666667,0.9333333333333333
P440933,combination,73,3.9315068493150687,0.6986301369863014
P440933,dry,17,4.0,0.7058823529411765
P440933,normal,13,4.384615384615385,0.9230769230769231
P440933,oily,20,3.9,0.7
P440934,combination,435,3.6252873563218393,0.6298850574712643
P440934,dry,162,3.8209876543209877,0.6790123456790124
P440934,normal,103,3.533980582524272,0.5922330097087378
P440934,oily,97,3.5257731958762886,0.6288659793814433
P440937,combination,128,4.109375,0.796875
P440937,dry,43,4.27906976744186,0.8372093023255814
P440937,normal,23,4.043478260869565,0.6956521739130435
P440937,oily,27,4.148148148148148,0.7777777777777778
P440949,combination,517,4.48742746615087,0.9187620889748549
P440949,dry,138,4.608695652173913,0.927536231884058
P440949,normal,125,4.472,0.912
P440949,oily,127,4.503937007874016,0.9291338582677166
P440981,combination,97,4.608247422680412,0.8865979381443299
P440981,dry,43,4.627906976744186,0.8837209302325582
P440981,normal,19,4.526315789473684,0.8421052631578947
P440981,oily,17,4.705882352941177,0.8823529411764706
P441045,combination,34,3.7941176470588234,0.6764705882352942
P441045,dry,10,4.3,0.8
P441045,normal,11,4.545454545454546,0.8181818181818182
P441045,oily,8,4.25,0.875
P441101,combination,1436,4.025069637883008,0.7395543175487466
P441101,dry,1071,4.283846872082166,0.8011204481792717
P441101,normal,415,4.004819277108433,0.7325301204819277
P441101,oily,180,4.044444444444444,0.7555555555555555
P441220,combination,226,4.34070796460177,0.8451327433628318
P441220,dry,127,4.330708661417323,0.8188976377952756
P441220,normal,42,4.4523809523809526,0.9047619047619048
P441220,oily,40,4.425,0.825
P441323,combination,164,3.768292682926829,0.6829268292682927
P441323,dry,57,3.5789473684210527,0.6140350877192983
P441323,normal,40,3.725,0.675
P441323,oily,52,3.6538461538461537,0.6153846153846154
P441644,combination,3123,4.23663144412424,0.8079169370538611
P441644,dry,1005,4.154228855721393,0.7878787878787878
P441644,normal,706,4.21671388101983,0.8048780487804879
P441644,oily,792,4.190656565656566,0.7944162436548223
P441645,combination,25,4.16,0.84
P441645,dry,3,3.6666666666666665,0.6666666666666666
P441645,normal,6,4.833333333333333,1.0
P441645,oily,5,4.2,0.8
P442001,combination,30,3.8,0.7
P442001,dry,7,3.7142857142857144,0.7142857142857143
P442001,normal,3,5.0,1.0
P442001,oily,5,3.6,0.6
P442003,combination,278,4.089928057553957,0.7985611510791367
P442003,dry,86,4.046511627906977,0.7790697674418605
P442003,normal,67,3.91044776119403,0.7313432835820896
P442003,oily,85,4.223529411764706,0.8235294117647058
P442263,combination,21,2.8095238095238093,0.47619047619047616
P442263,dry,6,3.8333333333333335,0.8333333333333334
P442263,normal,6,2.3333333333333335,0.3333333333333333
P442263,oily,5,2.8,0.4
P442267,combination,15,3.6,0.6
P442267,dry,4,4.5,0.75
P442267,normal,4,4.0,0.75
P442267,oily,4,5.0,1.0
P442535,combination,260,3.9846153846153847,0.7576923076923077
P442535,dry,84,4.273809523809524,0.8452380952380952
P442535,normal,63,3.873015873015873,0.7301587301587301
P442535,oily,41,3.7560975609756095,0.6585365853658537
P442539,combination,44,4.25,0.9318181818181818
P442539,dry,25,4.28,0.84
P442539,normal,7,3.857142857142857,0.7142857142857143
P442539,oily,8,4.625,0.875
P442540,combination,57,4.350877192982456,0.8947368421052632
P442540,dry,6,5.0,1.0
P442540,normal,14,3.9285714285714284,0.6428571428571429
P442540,oily,18,4.5,0.9444444444444444
P442546,combination,35,4.542857142857143,0.9142857142857143
P442546,dry,12,4.666666666666667,0.9166666666666666
P442546,normal,13,4.615384615384615,1.0
P442546,oily,16,4.375,0.9375
P442548,combination,17,3.823529411764706,0.6470588235294118
P442548,dry,7,4.285714285714286,0.8571428571428571
P442548,normal,5,4.8,1.0
P442548,oily,3,3.0,0.3333333333333333
P442563,combination,1879,4.56785524215008,0.912187333688132
P442563,dry,456,4.5394736842105265,0.9100877192982456
P442563,normal,358,4.600558659217877,0.9162011173184358
P442563,oily,525,4.609523809523809,0.9371428571428572
P442564,combination,290,4.320689655172414,0.8413793103448276
P442564,dry,144,4.458333333333333,0.8333333333333334
P442564,normal,77,4.467532467532467,0.8571428571428571
P442564,oily,45,4.177777777777778,0.7555555555555555
P442566,combination,802,3.7880299251870326,0.6483790523690773
P442566,dry,323,3.913312693498452,0.6934984520123839
P442566,normal,220,3.831818181818182,0.6863636363636364
P442566,oily,175,3.5028571428571427,0.6057142857142858
P442589,combination,233,3.609442060085837,0.6609442060085837
P442589,dry,92,3.402173913043478,0.5978260869565217
P442589,normal,56,3.375,0.5892857142857143
P442589,oily,71,3.464788732394366,0.6197183098591549
P442594,combination,807,4.1722428748451055,0.8302354399008675
P442594,dry,280,3.9964285714285714,0.7428571428571429
P442594,normal,198,4.065656565656566,0.797979797979798
P442594,oily,191,4.146596858638744,0.837696335078534
P442713,combination,94,3.6808510638297873,0.648936170212766
P442713,dry,33,3.6363636363636362,0.6363636363636364
P442713,normal,22,4.045454545454546,0.7727272727272727
P442713,oily,11,3.6363636363636362,0.5454545454545454
P442734,combination,33,4.484848484848484,0.8787878787878788
P442734,dry,13,4.461538461538462,0.8461538461538461
P442734,normal,7,4.428571428571429,0.8571428571428571
P442734,oily,8,4.75,1.0
P442741,combination,317,4.460567823343848,0.8738170347003155
P442741,dry,96,4.291666666666667,0.875
P442741,normal,82,4.585365853658536,0.9390243902439024
P442741,oily,64,4.421875,0.890625
P442742,combination,299,4.642140468227424,0.9431438127090301
P442742,dry,97,4.597938144329897,0.9587628865979382
P442742,normal,80,4.7375,1.0
P442742,oily,70,4.614285714285714,0.9285714285714286
P442743,combination,289,4.539792387543253,0.916955017301038
P442743,dry,82,4.536585365853658,0.975609756097561
P442743,normal,73,4.561643835616438,0.9315068493150684
P442743,oily,63,4.619047619047619,0.9365079365079365
P442744,combination,534,4.1254681647940075,0.7865168539325843
P442744,dry,212,4.14622641509434,0.7924528301886793
P442744,normal,109,4.330275229357798,0.8073394495412844
P442744,oily,127,4.181102362204724,0.8110236220472441
P442745,combination,25,4.68,0.92
P442745,dry,2,5.0,1.0
P442745,normal,4,4.5,0.75
P442745,oily,7,3.857142857142857,0.7142857142857143
P442747,combination,22,3.1818181818181817,0.45454545454545453
P442747,dry,16,3.0625,0.4375
P442747,normal,11,3.909090909090909,0.7272727272727273
P442747,oily,9,3.3333333333333335,0.5555555555555556
P442748,combination,14,4.5,0.9285714285714286
P442748,dry,11,4.545454545454546,0.8181818181818182
P442748,normal,3,3.6666666666666665,0.6666666666666666
P442748,oily,2,3.0,0.5
P442752,combination,141,4.212765957446808,0.8085106382978723
P442752,dry,57,3.982456140350877,0.7719298245614035
P442752,normal,38,4.2105263157894735,0.7894736842105263
P442752,oily,18,4.5,0.8333333333333334
P442753,combination,131,4.106870229007634,0.8015267175572519
P442753,dry,44,4.295454545454546,0.7954545454545454
P442753,normal,36,4.222222222222222,0.8611111111111112
P442753,oily,27,4.444444444444445,0.8518518518518519
P442754,combination,280,3.9535714285714287,0.725
P442754,dry,82,3.926829268292683,0.7195121951219512
P442754,normal,55,3.290909090909091,0.5636363636363636
P442754,oily,81,3.1481481481481484,0.48148148148148145
P442755,combination,86,3.9186046511627906,0.7209302325581395
P442755,dry,32,4.25,0.84375
P442755,normal,25,4.36,0.84
P442755,oily,21,3.4285714285714284,0.6190476190476191
P442756,combination,100,4.01,0.73
P442756,dry,20,4.5,0.8
P442756,normal,18,4.277777777777778,0.8333333333333334
P442756,oily,22,4.045454545454546,0.8181818181818182
P442757,combination,108,4.416666666666667,0.8796296296296297
P442757,dry,93,4.075268817204301,0.7526881720430108
P442757,normal,30,3.9,0.7666666666666667
P442757,oily,14,4.5,0.9285714285714286
P442758,combination,238,4.415966386554622,0.8823529411764706
P442758,dry,70,4.542857142857143,0.9285714285714286
P442758,normal,38,4.447368421052632,0.9210526315789473
P442758,oily,84,4.535714285714286,0.9166666666666666
P442759,combination,122,4.5,0.8852459016393442
P442759,dry,63,4.238095238095238,0.8095238095238095
P442759,normal,27,4.481481481481482,0.9259259259259259
P442759,oily,15,4.266666666666667,0.8
P442761,combination,437,4.093821510297483,0.7803203661327232
P442761,dry,171,4.140350877192983,0.7777777777777778
P442761,normal,128,4.0625,0.765625
P442761,oily,94,3.9468085106382977,0.7659574468085106
P442830,combination,333,4.531531531531532,0.8918918918918919
P442830,dry,175,4.491428571428571,0.8857142857142857
P442830,normal,79,4.772151898734177,0.9367088607594937
P442830,oily,61,4.491803278688525,0.8852459016393442
P442833,combination,82,4.560975609756097,0.8902439024390244
P442833,dry,25,3.88,0.8
P442833,normal,17,4.352941176470588,0.7647058823529411
P442833,oily,15,3.933333333333333,0.7333333333333333
P442836,combination,518,4.644787644787645,0.915057915057915
P442836,dry,263,4.482889733840304,0.8821292775665399
P442836,normal,114,4.587719298245614,0.8947368421052632
P442836,oily,82,4.487804878048781,0.8902439024390244
P442837,combination,246,4.662601626016261,0.926829268292683
P442837,dry,80,4.5875,0.875
P442837,normal,52,4.5576923076923075,0.9423076923076923
P442837,oily,38,4.7105263157894735,0.9473684210526315
P442838,combination,507,4.3076923076923075,0.8323471400394478
P442838,dry,216,4.388888888888889,0.8703703703703703
P442838,normal,123,4.162601626016261,0.7886178861788617
P442838,oily,74,4.486486486486487,0.8783783783783784
P442839,combination,313,4.674121405750799,0.9361022364217252
P442839,dry,136,4.676470588235294,0.9705882352941176
P442839,normal,59,4.559322033898305,0.8983050847457628
P442839,oily,57,4.56140350877193,0.9298245614035088
P442840,combination,1240,4.299193548387096,0.8233870967741935
P442840,dry,724,4.292817679558011,0.8204419889502762
P442840,normal,277,4.23826714801444,0.7906137184115524
P442840,oily,167,4.341317365269461,0.8383233532934131
P442841,combination,35,2.9714285714285715,0.45714285714285713
P442841,dry,14,3.2142857142857144,0.5
P442841,normal,6,2.1666666666666665,0.16666666666666666
P442841,oily,8,3.25,0.5
P442843,combination,228,4.258771929824562,0.8289473684210527
P442843,dry,135,4.103703703703704,0.7703703703703704
P442843,normal,55,4.290909090909091,0.8545454545454545
P442843,oily,34,4.352941176470588,0.8823529411764706
P442850,combination,124,4.298387096774194,0.8225806451612904
P442850,dry,65,3.876923076923077,0.7384615384615385
P442850,normal,26,4.0,0.8076923076923077
P442850,oily,27,4.37037037037037,0.8888888888888888
P442853,combination,62,4.0,0.7419354838709677
P442853,dry,16,4.0,0.8125
P442853,normal,6,4.333333333333333,0.8333333333333334
P442853,oily,10,3.4,0.5
P442854,combination,70,3.5285714285714285,0.6571428571428571
P442854,dry,23,3.9130434782608696,0.8260869565217391
P442854,normal,16,3.4375,0.625
P442854,oily,13,3.923076923076923,0.9230769230769231
P442857,combination,317,3.078864353312303,0.5078864353312302
P442857,dry,97,2.9587628865979383,0.4845360824742268
P442857,normal,78,2.8846153846153846,0.47435897435897434
P442857,oily,81,3.0617283950617282,0.5185185185185185
P442858,combination,680,4.452941176470588,0.9235294117647059
P442858,dry,251,4.50597609561753,0.9243027888446215
P442858,normal,143,4.398601398601398,0.916083916083916
P442858,oily,142,4.471830985915493,0.9295774647887324
P442859,combination,68,4.1911764705882355,0.7794117647058824
P442859,dry,20,4.65,0.95
P442859,normal,13,4.461538461538462,0.8461538461538461
P442859,oily,15,4.666666666666667,0.9333333333333333
P442860,combination,17,3.4705882352941178,0.5294117647058824
P442860,dry,6,2.8333333333333335,0.5
P442860,normal,6,3.1666666666666665,0.6666666666666666
P442860,oily,1,1.0,0.0
P442867,combination,208,4.552884615384615,0.9182692307692307
P442867,dry,74,4.216216216216216,0.8648648648648649
P442867,normal,48,4.1875,0.8541666666666666
P442867,oily,52,4.4423076923076925,0.9038461538461539
P442871,combination,265,4.1169811320754715,0.8113207547169812
P442871,dry,40,4.1,0.775
P442871,normal,29,3.896551724137931,0.7241379310344828
P442871,oily,90,4.155555555555556,0.8333333333333334
P442989,combination,79,3.1012658227848102,0.5316455696202531
P442989,dry,24,2.625,0.375
P442989,normal,21,3.7142857142857144,0.6666666666666666
P442989,oily,14,3.0,0.5714285714285714
P442990,combination,224,3.3080357142857144,0.5044642857142857
P442990,dry,62,3.306451612903226,0.5645161290322581
P442990,normal,48,3.0833333333333335,0.4583333333333333
P442990,oily,78,3.6794871794871793,0.6025641025641025
P443349,combination,365,4.147945205479452,0.852054794520548
P443349,dry,89,4.033707865168539,0.8089887640449438
P443349,normal,91,4.1208791208791204,0.7912087912087912
P443349,oily,105,4.076190476190476,0.8
P443350,combination,703,4.541963015647227,0.918918918918919
P443350,dry,200,4.595,0.925
P443350,normal,149,4.644295302013423,0.9328859060402684
P443350,oily,163,4.361963190184049,0.852760736196319
P443351,combination,171,4.461988304093567,0.8947368421052632
P443351,dry,67,4.477611940298507,0.9402985074626866
P443351,normal,42,4.071428571428571,0.7380952380952381
P443351,oily,25,4.28,0.88
P443352,combination,2604,4.701228878648234,0.9523809523809523
P443352,dry,767,4.672750977835723,0.9452411994784876
P443352,normal,557,4.746858168761221,0.9640933572710951
P443352,oily,557,4.667863554757631,0.9497307001795332
P443358,combination,77,4.5064935064935066,0.935064935064935
P443358,dry,39,4.461538461538462,0.9230769230769231
P443358,normal,25,4.36,0.84
P443358,oily,9,4.444444444444445,0.7777777777777778
P443359,combination,256,4.64453125,0.94140625
P443359,dry,119,4.487394957983193,0.8991596638655462
P443359,normal,68,4.602941176470588,0.9852941176470589
P443359,oily,29,4.827586206896552,1.0
P443366,combination,79,4.405063291139241,0.9493670886075949
P443366,dry,25,4.48,0.88
P443366,normal,15,4.333333333333333,0.9333333333333333
P443366,oily,20,4.2,0.95
P443369,combination,98,4.336734693877551,0.8775510204081632
P443369,dry,31,4.161290322580645,0.7741935483870968
P443369,normal,27,3.7037037037037037,0.7037037037037037
P443369,oily,24,4.083333333333333,0.7916666666666666
P443370,combination,371,4.574123989218329,0.9407008086253369
P443370,dry,107,4.710280373831775,0.9719626168224299
P443370,normal,69,4.3768115942028984,0.8695652173913043
P443370,oily,61,4.60655737704918,0.9672131147540983
P443375,combination,18,3.111111111111111,0.5
P443375,dry,6,4.333333333333333,0.8333333333333334
P443375,normal,1,4.0,0.0
P443375,oily,7,3.4285714285714284,0.5714285714285714
P443383,combination,76,3.289473684210526,0.5263157894736842
P443383,dry,27,3.0,0.4444444444444444
P443383,normal,19,3.9473684210526314,0.7368421052631579
P443383,oily,18,3.6666666666666665,0.6111111111111112
P443550,combination,15,4.266666666666667,0.7333333333333333
P443550,dry,8,3.5,0.625
P443550,normal,2,4.5,1.0
P443550,oily,4,4.0,0.75
P443563,combination,1912,4.4032426778242675,0.8561715481171548
P443563,dry,675,4.37925925925926,0.84
P443563,normal,549,4.402550091074681,0.8761384335154827
P443563,oily,482,4.367219917012448,0.8506224066390041
P443700,combination,425,4.550588235294118,0.9129411764705883
P443700,dry,125,4.584,0.944
P443700,normal,78,4.448717948717949,0.8846153846153846
P443700,oily,79,4.367088607594937,0.8734177215189873
P443829,combination,191,3.3769633507853403,0.6178010471204188
P443829,dry,57,3.4210526315789473,0.6491228070175439
P443829,normal,108,3.4722222222222223,0.6018518518518519
P443829,oily,34,3.676470588235294,0.6470588235294118
P443830,combination,536,4.438432835820896,0.9048507462686567
P443830,dry,225,4.386666666666667,0.8844444444444445
P443830,normal,109,4.348623853211009,0.9174311926605505
P443830,oily,77,4.285714285714286,0.8961038961038961
P443833,combination,872,4.3463302752293576,0.8772935779816514
P443833,dry,194,4.458762886597938,0.9123711340206185
P443833,normal,187,4.497326203208556,0.9197860962566845
P443833,oily,273,4.34065934065934,0.8681318681318682
P443834,combination,88,4.113636363636363,0.8295454545454546
P443834,dry,44,4.090909090909091,0.7954545454545454
P443834,normal,15,3.8666666666666667,0.8666666666666667
P443834,oily,26,4.269230769230769,0.8461538461538461
P443837,combination,139,4.366906474820144,0.8848920863309353
P443837,dry,24,4.291666666666667,0.7916666666666666
P443837,normal,13,4.3076923076923075,0.8461538461538461
P443837,oily,48,4.166666666666667,0.7916666666666666
P443838,combination,168,4.470238095238095,0.9047619047619048
P443838,dry,34,4.235294117647059,0.8529411764705882
P443838,normal,31,4.225806451612903,0.8064516129032258
P443838,oily,54,4.5,0.9259259259259259
P443839,combination,85,4.470588235294118,0.9647058823529412
P443839,dry,36,4.416666666666667,0.9444444444444444
P443839,normal,16,4.3125,0.8125
P443839,oily,11,4.454545454545454,1.0
P443840,combination,864,3.925925925925926,0.7650462962962963
P443840,dry,284,3.8661971830985915,0.7429577464788732
P443840,normal,237,3.928270042194093,0.7679324894514767
P443840,oily,195,3.8564102564102565,0.717948717948718
P443841,combination,253,3.0237154150197627,0.5059288537549407
P443841,dry,130,3.0153846153846153,0.4846153846153846
P443841,normal,79,3.1772151898734178,0.569620253164557
P443841,oily,53,2.9056603773584904,0.4716981132075472
P443842,combination,642,4.359813084112149,0.8707165109034268
P443842,dry,205,4.453658536585366,0.8926829268292683
P443842,normal,171,4.421052631578948,0.8771929824561403
P443842,oily,110,4.409090909090909,0.8727272727272727
P443843,combination,349,4.318051575931232,0.8911174785100286
P443843,dry,138,4.398550724637682,0.9057971014492754
P443843,normal,67,4.149253731343284,0.835820895522388
P443843,oily,58,4.189655172413793,0.8103448275862069
P443845,combination,1061,4.435438265786994,0.8972667295004713
P443845,dry,462,4.333333333333333,0.841991341991342
P443845,normal,218,4.31651376146789,0.8532110091743119
P443845,oily,199,4.532663316582915,0.9195979899497487
P443846,combination,310,4.332258064516129,0.8774193548387097
P443846,dry,104,4.375,0.9134615384615384
P443846,normal,116,4.327586206896552,0.8448275862068966
P443846,oily,37,4.027027027027027,0.7837837837837838
P444013,combination,46,4.086956521739131,0.782608695652174
P444013,dry,16,4.125,0.875
P444013,normal,13,4.230769230769231,0.7692307692307693
P444013,oily,9,4.444444444444445,1.0
P444057,combination,412,4.25,0.8567961165048543
P444057,dry,106,4.30188679245283,0.8679245283018868
P444057,normal,88,4.375,0.875
P444057,oily,75,4.4,0.9333333333333333
P444216,combination,103,4.407766990291262,0.8640776699029126
P444216,dry,33,4.454545454545454,0.8181818181818182
P444216,normal,24,4.458333333333333,0.875
P444216,oily,14,4.5,0.9285714285714286
P444222,combination,185,4.475675675675675,0.8810810810810811
P444222,dry,80,4.4375,0.8625
P444222,normal,54,4.425925925925926,0.8148148148148148
P444222,oily,29,3.8275862068965516,0.6551724137931034
P444225,combination,59,4.406779661016949,0.8983050847457628
P444225,dry,15,3.6666666666666665,0.6666666666666666
P444225,normal,13,4.538461538461538,0.8461538461538461
P444225,oily,16,4.0,0.75
P444226,combination,146,4.287671232876712,0.8287671232876712
P444226,dry,98,4.23469387755102,0.7755102040816326
P444226,normal,40,4.05,0.725
P444226,oily,23,4.130434782608695,0.782608695652174
P444470,combination,14,4.5,0.8571428571428571
P444470,dry,4,4.75,1.0
P444470,normal,5,5.0,1.0
P444470,oily,5,5.0,1.0
P444614,combination,56,3.8392857142857144,0.7321428571428571
P444614,dry,23,3.8260869565217392,0.7391304347826086
P444614,normal,24,3.625,0.625
P444614,oily,17,3.764705882352941,0.6470588235294118
P444615,combination,19,4.315789473684211,0.8421052631578947
P444615,dry,4,3.0,0.75
P444615,normal,5,4.0,0.6
P444615,oily,6,4.166666666666667,0.6666666666666666
P444718,combination,481,3.9875259875259874,0.7401247401247402
P444718,dry,196,4.142857142857143,0.8010204081632653
P444718,normal,108,4.027777777777778,0.7407407407407407
P444718,oily,95,3.768421052631579,0.7157894736842105
P444964,combination,26,3.769230769230769,0.6923076923076923
P444964,dry,13,2.769230769230769,0.38461538461538464
P444964,normal,12,3.9166666666666665,0.75
P444964,oily,3,4.333333333333333,0.6666666666666666
P444967,combination,67,4.164179104477612,0.8208955223880597
P444967,dry,24,4.25,0.8333333333333334
P444967,normal,20,3.85,0.65
P444967,oily,12,3.8333333333333335,0.6666666666666666
P444968,combination,35,3.4857142857142858,0.6571428571428571
P444968,dry,11,4.0,0.7272727272727273
P444968,normal,9,4.333333333333333,0.8888888888888888
P444968,oily,12,4.333333333333333,0.75
P444969,combination,26,3.8461538461538463,0.6538461538461539
P444969,dry,5,3.6,0.6
P444969,normal,8,3.375,0.625
P444969,oily,9,4.111111111111111,0.7777777777777778
P444970,combination,202,4.589108910891089,0.9108910891089109
P444970,dry,55,4.763636363636364,0.9272727272727272
P444970,normal,56,4.732142857142857,0.9464285714285714
P444970,oily,42,4.333333333333333,0.8809523809523809
P444980,combination,211,4.156398104265403,0.7867298578199052
P444980,dry,95,4.273684210526316,0.8210526315789474
P444980,normal,56,4.214285714285714,0.7857142857142857
P444980,oily,31,3.967741935483871,0.7419354838709677
P444990,combination,14,2.5,0.35714285714285715
P444990,dry,3,3.6666666666666665,0.6666666666666666
P444990,normal,6,1.5,0.16666666666666666
P444990,oily,3,2.3333333333333335,0.3333333333333333
P445726,combination,22,3.6363636363636362,0.6363636363636364
P445726,dry,13,4.615384615384615,0.8461538461538461
P445726,normal,6,4.0,0.6666666666666666
P445726,oily,5,4.2,0.8
P445827,combination,653,4.081163859111792,0.7840735068912711
P445827,dry,237,4.261603375527426,0.8185654008438819
P445827,normal,176,4.369318181818182,0.875
P445827,oily,183,4.1530054644808745,0.825136612021858
P445832,combination,335,4.62089552238806,0.9582089552238806
P445832,dry,47,4.723404255319149,0.9787234042553191
P445832,normal,44,4.590909090909091,0.9545454545454546
P445832,oily,109,4.63302752293578,0.9541284403669725
P445833,combination,203,4.364532019704433,0.9064039408866995
P445833,dry,61,4.377049180327869,0.9016393442622951
P445833,normal,38,4.526315789473684,0.9736842105263158
P445833,oily,37,4.135135135135135,0.7567567567567568
P445951,combination,600,4.163333333333333,0.7872696817420436
P445951,dry,234,4.2905982905982905,0.8154506437768241
P445951,normal,169,4.201183431952662,0.7916666666666666
P445951,oily,128,4.1328125,0.7698412698412699
P446419,combination,224,4.254464285714286,0.8482142857142857
P446419,dry,58,4.258620689655173,0.8275862068965517
P446419,normal,52,4.211538461538462,0.8269230769230769
P446419,oily,54,4.092592592592593,0.7962962962962963
P446421,combination,765,4.26797385620915,0.8784313725490196
P446421,dry,130,4.107692307692307,0.823076923076923
P446421,normal,114,4.271929824561403,0.9035087719298246
P446421,oily,252,4.369047619047619,0.9087301587301587
P446422,combination,165,3.812121212121212,0.7090909090909091
P446422,dry,92,4.076086956521739,0.8043478260869565
P446422,normal,34,3.764705882352941,0.7647058823529411
P446422,oily,24,4.0,0.75
P446423,combination,415,4.15421686746988,0.8289156626506025
P446423,dry,95,4.28421052631579,0.8526315789473684
P446423,normal,75,4.226666666666667,0.8533333333333334
P446423,oily,119,3.773109243697479,0.6974789915966386
P446518,combination,14,4.285714285714286,0.7857142857142857
P446518,dry,10,4.9,1.0
P446518,normal,5,3.8,0.6
P446518,oily,2,4.0,0.5
P446612,combination,24,3.5833333333333335,0.6666666666666666
P446612,dry,13,3.3076923076923075,0.5384615384615384
P446612,normal,9,3.6666666666666665,0.5555555555555556
P446612,oily,6,3.0,0.5
P446629,combination,53,4.226415094339623,0.8113207547169812
P446629,dry,9,4.444444444444445,0.8888888888888888
P446629,normal,6,4.833333333333333,1.0
P446629,oily,5,4.8,1.0
P446630,combination,79,4.556962025316456,0.8987341772151899
P446630,dry,20,4.05,0.75
P446630,normal,13,4.538461538461538,0.9230769230769231
P446630,oily,17,4.235294117647059,0.8235294117647058
P446638,combination,62,4.596774193548387,0.967741935483871
P446638,dry,25,4.52,0.92
P446638,normal,11,4.7272727272727275,1.0
P446638,oily,11,4.7272727272727275,1.0
P446639,combination,19,4.0,0.7894736842105263
P446639,dry,3,3.6666666666666665,0.6666666666666666
P446639,normal,4,2.75,0.5
P446639,oily,2,4.0,0.5
P446641,combination,301,4.368770764119601,0.9136212624584718
P446641,dry,106,4.462264150943396,0.8773584905660378
P446641,normal,49,4.408163265306122,0.8979591836734694
P446641,oily,70,4.414285714285715,0.9
P446820,combination,18,3.4444444444444446,0.6111111111111112
P446820,dry,7,3.4285714285714284,0.5714285714285714
P446820,normal,5,3.2,0.8
P446820,oily,6,3.6666666666666665,0.6666666666666666
P446822,combination,15,3.1333333333333333,0.4666666666666667
P446822,dry,3,3.6666666666666665,0.6666666666666666
P446822,normal,4,4.0,0.75
P446822,oily,4,4.75,1.0
P446908,combination,22,4.318181818181818,0.8181818181818182
P446908,dry,10,4.7,0.9
P446908,normal,3,4.333333333333333,0.6666666666666666
P446908,oily,2,5.0,1.0
P446909,combination,188,3.7819148936170213,0.6542553191489362
P446909,dry,54,3.7777777777777777,0.6666666666666666
P446909,normal,54,3.925925925925926,0.7222222222222222
P446909,oily,56,4.142857142857143,0.7857142857142857
P446916,combination,51,4.235294117647059,0.8431372549019608
P446916,dry,28,3.7142857142857144,0.7857142857142857
P446916,normal,18,4.833333333333333,1.0
P446916,oily,10,4.3,0.8
P446930,combination,967,4.426059979317476,0.8800413650465356
P446930,dry,444,4.5608108108108105,0.9166666666666666
P446930,normal,230,4.473913043478261,0.9217391304347826
P446930,oily,203,4.261083743842365,0.8522167487684729
P446934,combination,308,4.12987012987013,0.8116883116883117
P446934,dry,38,4.631578947368421,0.9210526315789473
P446934,normal,50,4.58,0.94
P446934,oily,146,3.136986301369863,0.5273972602739726
P446938,combination,1027,4.170399221032133,0.8140214216163584
P446938,dry,505,4.122772277227723,0.7762376237623763
P446938,normal,275,4.247272727272727,0.8218181818181818
P446938,oily,161,4.024844720496894,0.7950310559006211
P446942,combination,608,4.2319078947368425,0.8486842105263158
P446942,dry,115,4.173913043478261,0.8695652173913043
P446942,normal,87,4.172413793103448,0.8620689655172413
P446942,oily,156,4.108974358974359,0.8205128205128205
P447199,combination,68,3.8529411764705883,0.6764705882352942
P447199,dry,27,3.814814814814815,0.7037037037037037
P447199,normal,27,4.407407407407407,0.8148148148148148
P447199,oily,7,4.285714285714286,0.7142857142857143
P447200,combination,50,4.36,0.8
P447200,dry,61,4.491803278688525,0.8688524590163934
P447200,normal,15,4.2,0.8
P447200,oily,9,4.555555555555555,0.8888888888888888
P447210,combination,566,4.136042402826855,0.7915194346289752
P447210,dry,204,4.1911764705882355,0.8333333333333334
P447210,normal,129,4.0852713178294575,0.7751937984496124
P447210,oily,95,4.273684210526316,0.8105263157894737
P447212,combination,463,3.9460043196544277,0.7386609071274298
P447212,dry,158,3.7531645569620253,0.6772151898734177
P447212,normal,131,3.9618320610687023,0.7022900763358778
P447212,oily,77,4.025974025974026,0.7792207792207793
P447213,combination,87,4.425287356321839,0.9080459770114943
P447213,dry,16,4.375,0.875
P447213,normal,25,4.48,0.84
P447213,oily,20,4.55,0.95
P447409,combination,19,4.157894736842105,0.7368421052631579
P447409,dry,12,4.166666666666667,0.8333333333333334
P447409,normal,3,3.6666666666666665,0.6666666666666666
P447409,oily,1,3.0,1.0
P447504,combination,44,3.9545454545454546,0.75
P447504,dry,27,3.962962962962963,0.7407407407407407
P447504,normal,18,4.222222222222222,0.7777777777777778
P447504,oily,11,3.6363636363636362,0.6363636363636364
P447592,combination,899,4.46496106785317,0.9210233592880979
P447592,dry,203,4.522167487684729,0.9310344827586207
P447592,normal,189,4.455026455026455,0.9153439153439153
P447592,oily,188,4.420212765957447,0.8776595744680851
P447596,combination,184,4.168478260869565,0.8152173913043478
P447596,dry,78,4.128205128205129,0.8076923076923077
P447596,normal,47,4.319148936170213,0.8297872340425532
P447596,oily,37,4.054054054054054,0.7837837837837838
P447597,combination,45,4.088888888888889,0.7333333333333333
P447597,dry,15,3.933333333333333,0.8
P447597,normal,9,4.777777777777778,1.0
P447597,oily,6,4.5,1.0
P447603,combination,266,4.402255639097745,0.868421052631579
P447603,dry,156,4.487179487179487,0.8782051282051282
P447603,normal,60,4.75,0.9166666666666666
P447603,oily,41,4.512195121951219,0.9024390243902439
P447607,combination,16,3.8125,0.6875
P447607,dry,6,3.6666666666666665,0.6666666666666666
P447607,normal,3,3.0,0.6666666666666666
P447607,oily,3,3.0,0.6666666666666666
P447608,combination,15,3.1333333333333333,0.4666666666666667
P447608,dry,4,4.25,0.75
P447608,normal,5,4.4,0.8
P447608,oily,3,3.0,0.6666666666666666
P447773,combination,45,4.133333333333334,0.8
P447773,dry,15,4.133333333333334,0.8666666666666667
P447773,normal,10,3.1,0.5
P447773,oily,10,3.6,0.7
P447778,combination,188,4.069148936170213,0.851063829787234
P447778,dry,72,4.069444444444445,0.8055555555555556
P447778,normal,44,4.090909090909091,0.8181818181818182
P447778,oily,36,3.75,0.7777777777777778
P447780,combination,898,4.1759465478841875,0.811804008908686
P447780,dry,279,4.132616487455197,0.7956989247311828
P447780,normal,195,4.123076923076923,0.7692307692307693
P447780,oily,171,4.1345029239766085,0.8187134502923976
P447781,combination,420,4.2976190476190474,0.8285714285714286
P447781,dry,136,4.154411764705882,0.7867647058823529
P447781,normal,128,4.2109375,0.7578125
P447781,oily,71,4.211267605633803,0.8591549295774648
P447782,combination,432,4.05787037037037,0.7777777777777778
P447782,dry,136,3.9705882352941178,0.7647058823529411
P447782,normal,126,4.126984126984127,0.8015873015873016
P447782,oily,69,4.144927536231884,0.7971014492753623
P447783,combination,38,4.2631578947368425,0.8157894736842105
P447783,dry,14,4.0,0.7142857142857143
P447783,normal,14,4.142857142857143,0.7142857142857143
P447783,oily,4,4.5,1.0
P447785,combination,140,3.7857142857142856,0.7142857142857143
P447785,dry,54,4.018518518518518,0.8333333333333334
P447785,normal,33,3.787878787878788,0.6666666666666666
P447785,oily,24,3.5833333333333335,0.625
P447787,combination,19,2.9473684210526314,0.5263157894736842
P447787,dry,7,4.0,0.7142857142857143
P447787,normal,9,4.111111111111111,0.7777777777777778
P447787,oily,1,5.0,1.0
P447789,combination,38,2.4473684210526314,0.2894736842105263
P447789,dry,12,3.5,0.5833333333333334
P447789,normal,13,3.1538461538461537,0.46153846153846156
P447789,oily,4,1.5,0.0
P447790,combination,24,3.6666666666666665,0.625
P447790,dry,9,4.222222222222222,0.7777777777777778
P447790,normal,9,3.3333333333333335,0.5555555555555556
P447790,oily,7,3.142857142857143,0.5714285714285714
P447791,combination,1060,4.100943396226415,0.7839622641509434
P447791,dry,324,4.138888888888889,0.7716049382716049
P447791,normal,253,4.118577075098814,0.782608695652174
P447791,oily,231,4.134199134199134,0.8051948051948052
P448181,combination,162,3.7160493827160495,0.6666666666666666
P448181,dry,43,3.697674418604651,0.6511627906976745
P448181,normal,28,3.0357142857142856,0.5
P448181,oily,45,3.6222222222222222,0.6444444444444445
P448184,combination,210,4.466666666666667,0.9095238095238095
P448184,dry,275,4.461818181818182,0.9127272727272727
P448184,normal,49,4.142857142857143,0.8367346938775511
P448184,oily,16,4.25,0.8125
P448185,combination,257,4.474708171206226,0.8988326848249028
P448185,dry,299,4.548494983277592,0.9264214046822743
P448185,normal,56,4.410714285714286,0.8928571428571429
P448185,oily,31,4.354838709677419,0.8064516129032258
P448192,combination,102,4.03921568627451,0.7745098039215687
P448192,dry,35,4.0285714285714285,0.7428571428571429
P448192,normal,23,3.3043478260869565,0.5217391304347826
P448192,oily,23,3.5652173913043477,0.6086956521739131
P448200,combination,101,4.673267326732673,0.9603960396039604
P448200,dry,29,4.206896551724138,0.8275862068965517
P448200,normal,17,4.882352941176471,1.0
P448200,oily,14,4.714285714285714,1.0
P448201,combination,115,4.582608695652174,0.9043478260869565
P448201,dry,45,4.488888888888889,0.9111111111111111
P448201,normal,28,4.214285714285714,0.7857142857142857
P448201,oily,17,4.529411764705882,0.8235294117647058
P448202,combination,534,4.602996254681648,0.9438202247191011
P448202,dry,167,4.389221556886228,0.8922155688622755
P448202,normal,139,4.618705035971223,0.9424460431654677
P448202,oily,99,4.686868686868687,0.9696969696969697
P448203,combination,798,4.2781954887218046,0.8596491228070176
P448203,dry,295,4.379661016949153,0.8779661016949153
P448203,normal,206,4.446601941747573,0.883495145631068
P448203,oily,117,4.3247863247863245,0.8547008547008547
P448207,combination,1093,4.416285452881977,0.918572735590119
P448207,dry,259,4.301158301158301,0.8725868725868726
P448207,normal,195,4.302564102564102,0.882051282051282
P448207,oily,230,4.391304347826087,0.9043478260869565
P448530,combination,354,4.406779661016949,0.9096045197740112
P448530,dry,79,4.341772151898734,0.8860759493670886
P448530,normal,78,4.4743589743589745,0.8974358974358975
P448530,oily,118,4.228813559322034,0.847457627118644
P448537,combination,66,4.257575757575758,0.8787878787878788
P448537,dry,21,4.476190476190476,0.9047619047619048
P448537,normal,17,4.352941176470588,0.8823529411764706
P448537,oily,11,3.6363636363636362,0.6363636363636364
P448554,combination,33,3.9393939393939394,0.7575757575757576
P448554,dry,13,3.3076923076923075,0.5384615384615384
P448554,normal,8,3.875,0.75
P448554,oily,4,4.5,0.75
P448562,combination,41,4.341463414634147,0.8048780487804879
P448562,dry,10,4.7,0.9
P448562,normal,8,4.75,1.0
P448562,oily,9,4.333333333333333,0.7777777777777778
P448563,combination,28,3.3214285714285716,0.4642857142857143
P448563,dry,8,3.625,0.625
P448563,normal,12,3.0,0.4166666666666667
P448563,oily,1,5.0,1.0
P448710,combination,36,4.138888888888889,0.7777777777777778
P448710,dry,14,4.5,0.8571428571428571
P448710,normal,4,5.0,1.0
P448710,oily,13,4.076923076923077,0.7692307692307693
P448711,combination,25,4.32,0.8
P448711,dry,10,4.6,0.9
P448711,normal,15,4.666666666666667,0.9333333333333333
P448711,oily,2,5.0,1.0
P448715,combination,18,4.444444444444445,1.0
P448715,dry,3,4.666666666666667,1.0
P448715,normal,3,5.0,1.0
P448715,oily,5,4.2,0.8
P448719,combination,246,4.556910569105691,0.9308943089430894
P448719,dry,72,4.597222222222222,0.9166666666666666
P448719,normal,56,4.625,0.9464285714285714
P448719,oily,66,4.636363636363637,0.9696969696969697
P448802,combination,630,3.750793650793651,0.7126984126984127
P448802,dry,212,3.731132075471698,0.7075471698113207
P448802,normal,155,3.9419354838709677,0.7870967741935484
P448802,oily,123,3.5853658536585367,0.6422764227642277
P448852,combination,340,4.223529411764706,0.8058823529411765
P448852,dry,149,4.348993288590604,0.8590604026845637
P448852,normal,59,4.169491525423729,0.7796610169491526
P448852,oily,88,4.1477272727272725,0.7840909090909091
P448853,combination,103,3.796116504854369,0.6601941747572816
P448853,dry,36,3.9444444444444446,0.7222222222222222
P448853,normal,23,4.086956521739131,0.782608695652174
P448853,oily,15,3.7333333333333334,0.6666666666666666
P448932,combination,112,4.321428571428571,0.8571428571428571
P448932,dry,28,4.178571428571429,0.8214285714285714
P448932,normal,21,4.285714285714286,0.9047619047619048
P448932,oily,15,4.533333333333333,1.0
P448934,combination,115,4.095652173913043,0.7652173913043478
P448934,dry,18,4.166666666666667,0.7777777777777778
P448934,normal,19,4.052631578947368,0.7894736842105263
P448934,oily,33,3.757575757575758,0.6666666666666666
P448937,combination,631,4.147385103011094,0.8304278922345484
P448937,dry,248,3.9274193548387095,0.7661290322580645
P448937,normal,169,3.9881656804733727,0.7396449704142012
P448937,oily,121,4.256198347107438,0.8429752066115702
P449102,combination,62,4.338709677419355,0.8870967741935484
P449102,dry,14,4.714285714285714,1.0
P449102,normal,18,4.388888888888889,0.8888888888888888
P449102,oily,16,4.3125,0.875
P449150,combination,16,4.3125,0.8125
P449150,dry,6,4.833333333333333,1.0
P449150,normal,2,5.0,1.0
P449150,oily,3,5.0,1.0
P449156,combination,37,4.351351351351352,0.8378378378378378
P449156,dry,12,4.5,0.9166666666666666
P449156,normal,7,5.0,1.0
P449156,oily,9,4.111111111111111,0.7777777777777778
P449158,combination,83,3.9156626506024095,0.6746987951807228
P449158,dry,32,4.125,0.75
P449158,normal,26,3.8846153846153846,0.5769230769230769
P449158,oily,12,4.416666666666667,0.75
P449175,combination,626,4.365814696485623,0.8977635782747604
P449175,dry,176,4.306818181818182,0.875
P449175,normal,130,4.430769230769231,0.9153846153846154
P449175,oily,111,4.351351351351352,0.8738738738738738
P449177,combination,85,4.305882352941176,0.8705882352941177
P449177,dry,38,4.368421052631579,0.868421052631579
P449177,normal,21,4.380952380952381,0.9047619047619048
P449177,oily,4,4.25,1.0
P449180,combination,494,4.052631578947368,0.7267206477732794
P449180,dry,175,4.154285714285714,0.7828571428571428
P449180,normal,112,4.071428571428571,0.75
P449180,oily,105,4.3238095238095235,0.8380952380952381
P449188,combination,147,4.163265306122449,0.7755102040816326
P449188,dry,68,3.661764705882353,0.6764705882352942
P449188,normal,37,4.054054054054054,0.7297297297297297
P449188,oily,46,3.9130434782608696,0.6739130434782609
P449541,combination,137,4.328467153284672,0.8978102189781022
P449541,dry,34,4.411764705882353,0.9117647058823529
P449541,normal,26,4.230769230769231,0.8076923076923077
P449541,oily,9,4.0,0.7777777777777778
P449599,combination,730,4.394520547945206,0.828125
P449599,dry,123,4.2926829268292686,0.8
P449599,normal,157,4.414012738853503,0.8974358974358975
P449599,oily,194,4.494845360824742,0.9111111111111111
P449835,combination,27,3.6296296296296298,0.6666666666666666
P449835,dry,13,4.230769230769231,0.8461538461538461
P449835,normal,3,2.3333333333333335,0.3333333333333333
P449835,oily,6,4.5,0.8333333333333334
P449836,combination,25,4.32,0.92
P449836,dry,9,4.0,0.6666666666666666
P449836,normal,9,4.333333333333333,0.7777777777777778
P449836,oily,1,5.0,1.0
P450210,combination,36,4.027777777777778,0.7222222222222222
P450210,dry,19,3.5789473684210527,0.631578947368421
P450210,normal,6,4.0,0.6666666666666666
P450210,oily,8,5.0,1.0
P450211,combination,66,3.9545454545454546,0.7121212121212122
P450211,dry,25,4.16,0.8
P450211,normal,26,3.6923076923076925,0.6153846153846154
P450211,oily,19,4.105263157894737,0.7368421052631579
P450244,combination,162,4.364197530864198,0.9135802469135802
P450244,dry,75,4.1866666666666665,0.8
P450244,normal,49,4.26530612244898,0.8979591836734694
P450244,oily,18,4.0,0.7222222222222222
P450262,combination,242,4.285123966942149,0.859504132231405
P450262,dry,117,4.299145299145299,0.8803418803418803
P450262,normal,33,4.303030303030303,0.9090909090909091
P450262,oily,45,4.111111111111111,0.8
P450271,combination,3289,4.507449072666464,0.8780788177339901
P450271,dry,1212,4.445544554455446,0.860484544695071
P450271,normal,705,4.466666666666667,0.8651362984218077
P450271,oily,719,4.528511821974965,0.8870292887029289
P450290,combination,99,4.444444444444445,0.8484848484848485
P450290,dry,37,4.27027027027027,0.8108108108108109
P450290,normal,21,4.523809523809524,0.9523809523809523
P450290,oily,15,4.2,0.7333333333333333
P450583,combination,92,3.782608695652174,0.6521739130434783
P450583,dry,34,3.735294117647059,0.7058823529411765
P450583,normal,16,4.4375,0.875
P450583,oily,29,4.482758620689655,0.896551724137931
P450587,combination,44,4.5227272727272725,0.9318181818181818
P450587,dry,21,4.857142857142857,1.0
P450587,normal,12,4.833333333333333,1.0
P450587,oily,6,4.5,1.0
P450614,combination,252,3.865079365079365,0.7658730158730159
P450614,dry,85,4.0588235294117645,0.7764705882352941
P450614,normal,79,4.037974683544304,0.8607594936708861
P450614,oily,87,3.942528735632184,0.7816091954022989
P450632,combination,167,4.5568862275449105,0.9161676646706587
P450632,dry,43,4.627906976744186,0.9302325581395349
P450632,normal,34,4.5,0.9117647058823529
P450632,oily,28,4.535714285714286,0.9285714285714286
P450633,combination,226,4.424778761061947,0.8716814159292036
P450633,dry,80,4.4125,0.8375
P450633,normal,52,4.634615384615385,0.9230769230769231
P450633,oily,39,4.487179487179487,0.9230769230769231
P450917,combination,479,4.496868475991649,0.872651356993737
P450917,dry,175,4.702857142857143,0.9428571428571428
P450917,normal,92,4.543478260869565,0.8804347826086957
P450917,oily,126,4.396825396825397,0.873015873015873
P450947,combination,51,4.137254901960785,0.803921568627451
P450947,dry,13,4.153846153846154,0.9230769230769231
P450947,normal,10,3.9,0.8
P450947,oily,9,3.2222222222222223,0.5555555555555556
P451748,combination,61,4.229508196721311,0.8852459016393442
P451748,dry,11,3.3636363636363638,0.7272727272727273
P451748,normal,32,4.21875,0.84375
P451748,oily,28,4.25,0.8571428571428571
P452002,combination,27,3.8518518518518516,0.7037037037037037
P452002,dry,9,4.444444444444445,0.7777777777777778
P452002,normal,10,3.8,0.6
P452002,oily,1,2.0,0.0
P452004,combination,37,4.162162162162162,0.8378378378378378
P452004,dry,17,3.8823529411764706,0.7058823529411765
P452004,normal,11,3.909090909090909,0.6363636363636364
P452004,oily,3,4.333333333333333,0.6666666666666666
P453224,combination,550,4.434545454545455,0.8781818181818182
P453224,dry,175,4.417142857142857,0.8628571428571429
P453224,normal,121,4.256198347107438,0.8264462809917356
P453224,oily,113,4.371681415929204,0.8495575221238938
P453225,combination,611,3.757774140752864,0.6415711947626841
P453225,dry,254,3.8188976377952755,0.6811023622047244
P453225,normal,182,3.642857142857143,0.6263736263736264
P453225,oily,147,3.870748299319728,0.6938775510204082
P453226,combination,232,3.6120689655172415,0.6508620689655172
P453226,dry,83,3.602409638554217,0.6265060240963856
P453226,normal,70,3.585714285714286,0.6428571428571429
P453226,oily,54,3.759259259259259,0.6851851851851852
P453227,combination,298,4.201342281879195,0.7718120805369127
P453227,dry,107,4.308411214953271,0.794392523364486
P453227,normal,66,4.121212121212121,0.7575757575757576
P453227,oily,54,4.481481481481482,0.8703703703703703
P453253,combination,899,4.226918798665183,0.8398220244716351
P453253,dry,408,4.245098039215686,0.8235294117647058
P453253,normal,219,4.200913242009133,0.8447488584474886
P453253,oily,136,4.220588235294118,0.8602941176470589
P453713,combination,115,4.6,0.9304347826086956
P453713,dry,45,4.044444444444444,0.8444444444444444
P453713,normal,33,3.9696969696969697,0.7878787878787878
P453713,oily,24,4.208333333333333,0.8333333333333334
P453816,combination,1919,4.503908285565399,0.8727810650887574
P453816,dry,640,4.5484375,0.8776824034334764
P453816,normal,419,4.4606205250596656,0.8361774744027304
P453816,oily,491,4.547861507128309,0.8691860465116279
P453818,combination,57,4.456140350877193,0.9298245614035088
P453818,dry,34,4.470588235294118,0.9117647058823529
P453818,normal,18,4.277777777777778,0.8333333333333334
P453818,oily,14,4.642857142857143,0.9285714285714286
P453822,combination,45,4.044444444444444,0.7333333333333333
P453822,dry,12,3.8333333333333335,0.75
P453822,normal,9,3.7777777777777777,0.7777777777777778
P453822,oily,16,3.9375,0.8125
P453823,combination,338,4.363905325443787,0.8698224852071006
P453823,dry,113,4.3097345132743365,0.9026548672566371
P453823,normal,97,4.247422680412371,0.8556701030927835
P453823,oily,46,4.217391304347826,0.8478260869565217
P453824,combination,374,4.459893048128342,0.9064171122994652
P453824,dry,136,4.272058823529412,0.9191176470588235
P453824,normal,112,4.455357142857143,0.9107142857142857
P453824,oily,50,4.4,0.84
P453825,combination,859,4.40279394644936,0.9115250291036089
P453825,dry,261,4.425287356321839,0.9195402298850575
P453825,normal,185,4.454054054054054,0.9135135135135135
P453825,oily,192,4.395833333333333,0.9114583333333334
P453826,combination,190,4.668421052631579,0.9473684210526315
P453826,dry,60,4.85,0.9833333333333333
P453826,normal,53,4.754716981132075,1.0
P453826,oily,13,4.153846153846154,0.8461538461538461
P453928,combination,216,4.513888888888889,0.9074074074074074
P453928,dry,63,4.587301587301587,0.9365079365079365
P453928,normal,41,4.439024390243903,0.9024390243902439
P453928,oily,34,4.5588235294117645,0.9411764705882353
P453929,combination,197,4.6395939086294415,0.9238578680203046
P453929,dry,56,4.625,0.9285714285714286
P453929,normal,37,4.648648648648648,0.972972972972973
P453929,oily,37,4.324324324324325,0.8648648648648649
P453930,combination,491,4.5336048879837065,0.9287169042769857
P453930,dry,211,4.469194312796208,0.9052132701421801
P453930,normal,152,4.5855263157894735,0.9473684210526315
P453930,oily,78,4.435897435897436,0.9615384615384616
P454018,combination,742,4.377358490566038,0.8867924528301887
P454018,dry,283,4.3780918727915195,0.8833922261484098
P454018,normal,169,4.325443786982248,0.8698224852071006
P454018,oily,145,4.4,0.8827586206896552
P454019,combination,362,4.292817679558011,0.9060773480662984
P454019,dry,112,4.080357142857143,0.8214285714285714
P454019,normal,54,4.055555555555555,0.7777777777777778
P454019,oily,84,4.333333333333333,0.8928571428571429
P454084,combination,403,4.3722084367245655,0.8858560794044665
P454084,dry,161,4.546583850931677,0.9503105590062112
P454084,normal,104,4.576923076923077,0.9230769230769231
P454084,oily,86,4.151162790697675,0.8604651162790697
P454085,combination,270,4.266666666666667,0.8629629629629629
P454085,dry,89,4.146067415730337,0.8876404494382022
P454085,normal,40,4.3,0.85
P454085,oily,66,4.287878787878788,0.8787878787878788
P454086,combination,295,4.227118644067796,0.8610169491525423
P454086,dry,86,3.9186046511627906,0.8023255813953488
P454086,normal,44,4.136363636363637,0.8181818181818182
P454086,oily,71,4.028169014084507,0.704225352112676
P454090,combination,43,3.395348837209302,0.5581395348837209
P454090,dry,18,4.0,0.7222222222222222
P454090,normal,8,3.0,0.375
P454090,oily,6,3.0,0.5
P454095,combination,172,4.127906976744186,0.7848837209302325
P454095,dry,39,3.923076923076923,0.717948717948718
P454095,normal,25,3.68,0.6
P454095,oily,26,3.923076923076923,0.7307692307692307
P454100,combination,160,4.30625,0.83125
P454100,dry,50,4.12,0.82
P454100,normal,44,4.136363636363637,0.75
P454100,oily,44,4.340909090909091,0.8181818181818182
P454102,combination,197,4.218274111675127,0.8020304568527918
P454102,dry,68,4.161764705882353,0.8235294117647058
P454102,normal,46,4.130434782608695,0.8043478260869565
P454102,oily,55,4.0181818181818185,0.7454545454545455
P454120,combination,588,4.190476190476191,0.8112244897959183
P454120,dry,249,4.036144578313253,0.7349397590361446
P454120,normal,148,4.202702702702703,0.8243243243243243
P454120,oily,112,4.348214285714286,0.8660714285714286
P454313,combination,519,4.626204238921002,0.9190751445086706
P454313,dry,239,4.652719665271967,0.9163179916317992
P454313,normal,109,4.577981651376147,0.8990825688073395
P454313,oily,101,4.712871287128713,0.9603960396039604
P454315,combination,20,4.65,0.95
P454315,dry,17,4.529411764705882,0.9411764705882353
P454315,normal,10,3.7,0.7
P454315,oily,1,4.0,1.0
P454376,combination,36,3.9166666666666665,0.7777777777777778
P454376,dry,5,5.0,1.0
P454376,normal,12,3.4166666666666665,0.5833333333333334
P454376,oily,5,3.6,0.6
P454378,combination,577,4.419410745233969,0.8856152512998267
P454378,dry,205,4.302439024390244,0.8780487804878049
P454378,normal,147,4.462585034013605,0.8843537414965986
P454378,oily,137,4.350364963503649,0.8978102189781022
P454380,combination,1742,4.280137772675086,0.8140068886337543
P454380,dry,564,4.2712765957446805,0.8226950354609929
P454380,normal,443,4.205417607223477,0.7923250564334086
P454380,oily,479,4.2045929018789145,0.7974947807933194
P454383,combination,496,4.036290322580645,0.7549668874172185
P454383,dry,212,4.231132075471698,0.8102564102564103
P454383,normal,155,4.090322580645161,0.7642857142857142
P454383,oily,118,4.008474576271187,0.7719298245614035
P454384,combination,496,4.036290322580645,0.7549668874172185
P454384,dry,212,4.231132075471698,0.8102564102564103
P454384,normal,155,4.090322580645161,0.7642857142857142
P454384,oily,118,4.008474576271187,0.7719298245614035
P454385,combination,33,4.393939393939394,0.8787878787878788
P454385,dry,15,4.4,0.8666666666666667
P454385,normal,3,4.333333333333333,0.6666666666666666
P454385,oily,5,3.6,0.6
P454387,combination,158,4.006329113924051,0.7155963302752294
P454387,dry,65,3.830769230769231,0.7333333333333333
P454387,normal,70,3.8714285714285714,0.7291666666666666
P454387,oily,27,3.740740740740741,0.7222222222222222
P454388,combination,158,4.006329113924051,0.7155963302752294
P454388,dry,65,3.830769230769231,0.7333333333333333
P454388,normal,70,3.8714285714285714,0.7291666666666666
P454388,oily,27,3.740740740740741,0.7222222222222222
P454389,combination,122,3.8360655737704916,0.5694444444444444
P454389,dry,49,3.877551020408163,0.48148148148148145
P454389,normal,49,4.0,0.8181818181818182
P454389,oily,15,3.7333333333333334,0.7
P454395,combination,36,3.5833333333333335,0.6944444444444444
P454395,dry,22,3.5,0.6363636363636364
P454395,normal,11,4.7272727272727275,1.0
P454395,oily,6,4.166666666666667,0.8333333333333334
P454396,combination,415,4.373493975903615,0.9012048192771084
P454396,dry,147,4.496598639455782,0.9251700680272109
P454396,normal,98,4.387755102040816,0.8979591836734694
P454396,oily,99,4.414141414141414,0.9393939393939394
P454514,combination,16,4.1875,0.8125
P454514,dry,8,3.125,0.5
P454514,normal,4,4.0,0.75
P454514,oily,5,3.4,0.6
P454771,combination,41,4.682926829268292,0.926829268292683
P454771,dry,19,4.2631578947368425,0.8421052631578947
P454771,normal,15,4.466666666666667,0.8
P454771,oily,8,4.375,0.875
P454794,combination,2248,4.056494661921708,0.7429352780309936
P454794,dry,469,3.8528784648187635,0.7017543859649122
P454794,normal,424,3.9245283018867925,0.7038834951456311
P454794,oily,762,4.018372703412074,0.7453083109919572
P454799,combination,270,4.618518518518519,0.937037037037037
P454799,dry,81,4.506172839506172,0.9135802469135802
P454799,normal,76,4.5131578947368425,0.868421052631579
P454799,oily,50,4.74,0.96
P454806,combination,333,4.513513513513513,0.9369369369369369
P454806,dry,107,4.588785046728972,0.9532710280373832
P454806,normal,110,4.5181818181818185,0.9090909090909091
P454806,oily,97,4.525773195876289,0.8969072164948454
P454821,combination,57,3.6315789473684212,0.6666666666666666
P454821,dry,25,4.28,0.88
P454821,normal,10,3.9,0.8
P454821,oily,12,4.416666666666667,0.9166666666666666
P454837,combination,228,4.548245614035087,0.8947368421052632
P454837,dry,84,4.238095238095238,0.8333333333333334
P454837,normal,59,4.593220338983051,0.8983050847457628
P454837,oily,38,4.131578947368421,0.868421052631579
P454838,combination,590,3.9338983050847456,0.7677966101694915
P454838,dry,168,3.9404761904761907,0.7678571428571429
P454838,normal,152,3.6052631578947367,0.6644736842105263
P454838,oily,126,3.7222222222222223,0.7222222222222222
P454935,combination,432,4.05787037037037,0.7777777777777778
P454935,dry,136,3.9705882352941178,0.7647058823529411
P454935,normal,126,4.126984126984127,0.8015873015873016
P454935,oily,69,4.144927536231884,0.7971014492753623
P454936,combination,463,3.9460043196544277,0.7386609071274298
P454936,dry,158,3.7531645569620253,0.6772151898734177
P454936,normal,131,3.9618320610687023,0.7022900763358778
P454936,oily,77,4.025974025974026,0.7792207792207793
P454937,combination,19,2.9473684210526314,0.5263157894736842
P454937,dry,7,4.0,0.7142857142857143
P454937,normal,9,4.111111111111111,0.7777777777777778
P454937,oily,1,5.0,1.0
P455212,combination,67,3.5074626865671643,0.6417910447761194
P455212,dry,17,3.588235294117647,0.5882352941176471
P455212,normal,21,3.5238095238095237,0.7142857142857143
P455212,oily,15,3.6,0.6666666666666666
P455215,combination,23,3.4782608695652173,0.6086956521739131
P455215,dry,9,3.888888888888889,0.6666666666666666
P455215,normal,12,2.6666666666666665,0.25
P455215,oily,1,3.0,0.0
P455217,combination,35,4.0,0.7714285714285715
P455217,dry,14,3.5,0.5
P455217,normal,11,3.6363636363636362,0.7272727272727273
P455217,oily,5,4.0,0.8
P455227,combination,22,3.8181818181818183,0.7272727272727273
P455227,dry,4,4.25,0.75
P455227,normal,1,3.0,0.0
P455235,combination,16,3.8125,0.625
P455235,dry,2,4.5,0.5
P455235,normal,4,4.25,0.75
P455235,oily,4,4.75,1.0
P455236,combination,580,4.584482758620689,0.9206896551724137
P455236,dry,222,4.626126126126126,0.9099099099099099
P455236,normal,119,4.529411764705882,0.9327731092436975
P455236,oily,109,4.559633027522936,0.8990825688073395
P455237,combination,252,4.535714285714286,0.9047619047619048
P455237,dry,105,4.419047619047619,0.8476190476190476
P455237,normal,63,4.666666666666667,0.9206349206349206
P455237,oily,42,4.476190476190476,0.9285714285714286
P455241,combination,310,4.467741935483871,0.9258064516129032
P455241,dry,98,4.295918367346939,0.8775510204081632
P455241,normal,86,4.267441860465116,0.8604651162790697
P455241,oily,56,4.321428571428571,0.8571428571428571
P455242,combination,165,4.096969696969697,0.7757575757575758
P455242,dry,66,4.348484848484849,0.803030303030303
P455242,normal,43,3.8372093023255816,0.6744186046511628
P455242,oily,36,3.7777777777777777,0.6388888888888888
P455338,combination,108,4.407407407407407,0.8611111111111112
P455338,dry,35,4.4,0.8571428571428571
P455338,normal,27,4.111111111111111,0.7777777777777778
P455338,oily,30,4.133333333333334,0.8666666666666667
P455339,combination,95,4.28421052631579,0.8210526315789474
P455339,dry,34,4.0,0.7352941176470589
P455339,normal,26,4.461538461538462,0.8846153846153846
P455339,oily,17,4.823529411764706,1.0
P455341,combination,29,4.068965517241379,0.7586206896551724
P455341,dry,9,4.333333333333333,0.7777777777777778
P455341,normal,8,5.0,1.0
P455341,oily,5,4.0,0.8
P455364,combination,1532,3.6201044386422976,0.6527415143603134
P455364,dry,655,3.66412213740458,0.650381679389313
P455364,normal,370,3.535135135135135,0.6054054054054054
P455364,oily,391,3.5626598465473145,0.6214833759590793
P455365,combination,163,4.288343558282208,0.8282208588957055
P455365,dry,56,3.9642857142857144,0.75
P455365,normal,29,3.689655172413793,0.6551724137931034
P455365,oily,43,4.232558139534884,0.8604651162790697
P455366,combination,355,3.9126760563380283,0.7690140845070422
P455366,dry,113,3.9292035398230087,0.7610619469026548
P455366,normal,99,4.090909090909091,0.8181818181818182
P455366,oily,82,4.060975609756097,0.7804878048780488
P455368,combination,357,4.030812324929972,0.7675070028011205
P455368,dry,119,3.7058823529411766,0.680672268907563
P455368,normal,103,3.766990291262136,0.6990291262135923
P455368,oily,80,4.0875,0.7875
P455369,combination,373,3.780160857908847,0.6997319034852547
P455369,dry,211,3.838862559241706,0.6966824644549763
P455369,normal,108,3.8333333333333335,0.7037037037037037
P455369,oily,79,3.8354430379746836,0.7721518987341772
P455610,combination,32,3.5625,0.5625
P455610,dry,5,4.0,0.8
P455610,normal,11,3.272727272727273,0.5454545454545454
P455611,combination,525,3.9447619047619047,0.7752380952380953
P455611,dry,127,3.574803149606299,0.6535433070866141
P455611,normal,112,3.642857142857143,0.6517857142857143
P455611,oily,122,3.9344262295081966,0.7520661157024794
P455612,combination,86,4.569767441860465,0.9069767441860465
P455612,dry,35,4.228571428571429,0.8
P455612,normal,26,4.615384615384615,0.8846153846153846
P455612,oily,18,4.555555555555555,0.8888888888888888
P455613,combination,141,4.397163120567376,0.8581560283687943
P455613,dry,47,4.042553191489362,0.7021276595744681
P455613,normal,48,4.4375,0.8333333333333334
P455613,oily,19,4.473684210526316,0.8421052631578947
P455614,combination,88,4.329545454545454,0.8522727272727273
P455614,dry,21,4.666666666666667,0.8571428571428571
P455614,normal,36,4.388888888888889,0.8333333333333334
P455614,oily,18,4.222222222222222,0.8333333333333334
P455618,combination,53,4.377358490566038,0.8490566037735849
P455618,dry,15,4.133333333333334,0.8666666666666667
P455618,normal,19,4.368421052631579,0.8947368421052632
P455618,oily,13,4.615384615384615,0.9230769230769231
P455622,combination,44,3.409090909090909,0.6136363636363636
P455622,dry,15,3.8,0.6666666666666666
P455622,normal,14,4.285714285714286,0.8571428571428571
P455622,oily,18,3.2777777777777777,0.5
P455623,combination,111,4.495495495495495,0.9009009009009009
P455623,dry,28,4.214285714285714,0.8214285714285714
P455623,normal,30,4.433333333333334,0.9333333333333333
P455623,oily,23,4.130434782608695,0.782608695652174
P455676,combination,1236,4.2200647249190935,0.8220064724919094
P455676,dry,423,4.288416075650118,0.8368794326241135
P455676,normal,255,4.211764705882353,0.796078431372549
P455676,oily,284,4.362676056338028,0.8626760563380281
P455894,combination,139,4.201438848920863,0.8201438848920863
P455894,dry,12,4.5,0.9166666666666666
P455894,normal,15,4.6,0.8666666666666667
P455894,oily,120,4.216666666666667,0.8
P455897,combination,21,3.5238095238095237,0.6190476190476191
P455897,dry,10,4.5,0.9
P455897,normal,11,4.454545454545454,0.8181818181818182
P455898,combination,113,4.522123893805309,0.8849557522123894
P455898,dry,45,4.555555555555555,0.9111111111111111
P455898,normal,26,4.461538461538462,0.9230769230769231
P455898,oily,19,4.526315789473684,0.8947368421052632
P455899,combination,117,4.256410256410256,0.811965811965812
P455899,dry,65,4.2,0.7538461538461538
P455899,normal,32,4.375,0.84375
P455899,oily,30,3.8666666666666667,0.7333333333333333
P455900,combination,137,4.350364963503649,0.8467153284671532
P455900,dry,80,4.4625,0.8875
P455900,normal,44,4.5,0.8863636363636364
P455900,oily,30,4.466666666666667,0.9333333333333333
P455909,combination,17,4.352941176470588,0.8823529411764706
P455909,dry,8,4.375,0.75
P455909,normal,5,4.6,1.0
P455909,oily,2,5.0,1.0
P455919,combination,28,4.035714285714286,0.6785714285714286
P455919,dry,17,4.0588235294117645,0.6470588235294118
P455919,normal,10,3.8,0.6
P455919,oily,2,5.0,1.0
P455924,combination,171,3.9649122807017543,0.7485380116959064
P455924,dry,63,4.222222222222222,0.8095238095238095
P455924,normal,47,4.1063829787234045,0.7872340425531915
P455924,oily,35,4.171428571428572,0.8285714285714286
P455926,combination,602,4.307308970099668,0.8504983388704319
P455926,dry,146,4.2534246575342465,0.821917808219178
P455926,normal,152,4.2631578947368425,0.8157894736842105
P455926,oily,104,3.980769230769231,0.75
P455927,combination,602,4.307308970099668,0.8504983388704319
P455927,dry,146,4.2534246575342465,0.821917808219178
P455927,normal,152,4.2631578947368425,0.8157894736842105
P455927,oily,104,3.980769230769231,0.75
P455929,combination,178,4.522471910112359,0.9044943820224719
P455929,dry,60,4.616666666666666,0.9333333333333333
P455929,normal,52,4.788461538461538,0.9615384615384616
P455929,oily,39,4.538461538461538,0.9230769230769231
P455930,combination,79,4.2784810126582276,0.7974683544303798
P455930,dry,18,4.555555555555555,0.8888888888888888
P455930,normal,18,4.055555555555555,0.8333333333333334
P455930,oily,25,4.12,0.72
P455931,combination,64,4.453125,0.90625
P455931,dry,12,4.666666666666667,1.0
P455931,normal,9,4.222222222222222,0.7777777777777778
P455931,oily,13,4.3076923076923075,0.8461538461538461
P455934,combination,358,4.511173184357542,0.888268156424581
P455934,dry,106,4.367924528301887,0.8773584905660378
P455934,normal,73,4.383561643835616,0.863013698630137
P455934,oily,79,4.556962025316456,0.9367088607594937
P455936,combination,547,4.329067641681902,0.8372943327239488
P455936,dry,304,4.421052631578948,0.8421052631578947
P455936,normal,171,4.2748538011695905,0.8362573099415205
P455936,oily,112,4.339285714285714,0.8482142857142857
P456126,combination,423,4.4822695035460995,0.9219858156028369
P456126,dry,203,4.344827586206897,0.8669950738916257
P456126,normal,108,4.435185185185185,0.8888888888888888
P456126,oily,53,4.245283018867925,0.8867924528301887
P456192,combination,241,4.348547717842323,0.91701244813278
P456192,dry,80,4.45,0.95
P456192,normal,52,4.1923076923076925,0.9038461538461539
P456192,oily,34,4.411764705882353,0.8529411764705882
P456193,combination,231,4.523809523809524,0.948051948051948
P456193,dry,73,4.47945205479452,0.9452054794520548
P456193,normal,47,4.51063829787234,0.9787234042553191
P456193,oily,29,4.758620689655173,0.9310344827586207
P456194,combination,106,4.660377358490566,0.9528301886792453
P456194,dry,40,4.65,0.95
P456194,normal,32,4.625,0.9375
P456194,oily,14,4.642857142857143,1.0
P456204,combination,17,3.2941176470588234,0.5294117647058824
P456204,dry,6,3.6666666666666665,0.6666666666666666
P456204,normal,5,3.0,0.6
P456204,oily,2,1.5,0.0
P456206,combination,208,4.447115384615385,0.8942307692307693
P456206,dry,67,4.2835820895522385,0.8805970149253731
P456206,normal,67,4.373134328358209,0.9701492537313433
P456206,oily,54,4.296296296296297,0.8888888888888888
P456207,combination,1751,4.371787549971445,0.905197030268418
P456207,dry,517,4.355899419729207,0.9013539651837524
P456207,normal,393,4.302798982188295,0.8702290076335878
P456207,oily,412,4.281553398058253,0.8883495145631068
P456208,combination,712,4.259831460674158,0.8609550561797753
P456208,dry,171,4.023391812865497,0.783625730994152
P456208,normal,156,4.339743589743589,0.8525641025641025
P456208,oily,144,4.395833333333333,0.9027777777777778
P456210,combination,14,3.9285714285714284,0.7142857142857143
P456210,dry,7,2.4285714285714284,0.2857142857142857
P456210,normal,4,3.0,0.5
P456210,oily,3,5.0,1.0
P456211,combination,653,3.986217457886677,0.7626339969372129
P456211,dry,163,4.159509202453988,0.8159509202453987
P456211,normal,155,4.025806451612903,0.7548387096774194
P456211,oily,130,3.7846153846153845,0.6923076923076923
P456213,combination,1212,4.505775577557756,0.9117161716171617
P456213,dry,338,4.428994082840236,0.878698224852071
P456213,normal,299,4.48494983277592,0.8896321070234113
P456213,oily,250,4.464,0.904
P456218,combination,1005,4.158208955223881,0.7870646766169154
P456218,dry,490,4.116326530612245,0.7714285714285715
P456218,normal,360,4.183333333333334,0.775
P456218,oily,161,4.074534161490683,0.7639751552795031
P456392,combination,760,4.535526315789474,0.8973684210526316
P456392,dry,297,4.5286195286195285,0.8956228956228957
P456392,normal,187,4.561497326203209,0.9037433155080213
P456392,oily,195,4.512820512820513,0.8923076923076924
P456395,combination,80,4.5125,0.8875
P456395,dry,19,4.7368421052631575,0.9473684210526315
P456395,normal,10,4.9,1.0
P456395,oily,33,4.484848484848484,0.8484848484848485
P456398,combination,1647,4.523375834851245,0.928354584092289
P456398,dry,480,4.379166666666666,0.8916666666666667
P456398,normal,448,4.486607142857143,0.9241071428571429
P456398,oily,346,4.445086705202312,0.9190751445086706
P456399,combination,349,4.2722063037249285,0.8767908309455588
P456399,dry,98,4.13265306122449,0.8571428571428571
P456399,normal,83,4.373493975903615,0.8554216867469879
P456399,oily,67,4.402985074626866,0.9104477611940298
P456400,combination,197,4.614213197969543,0.9187817258883249
P456400,dry,54,4.388888888888889,0.8888888888888888
P456400,normal,77,4.597402597402597,0.9090909090909091
P456400,oily,45,4.644444444444445,0.9111111111111111
P456410,combination,328,3.856707317073171,0.6859756097560976
P456410,dry,156,4.153846153846154,0.75
P456410,normal,77,3.5844155844155843,0.5844155844155844
P456410,oily,87,3.689655172413793,0.6666666666666666
P456412,combination,2130,4.562441314553991,0.9274865262126408
P456412,dry,788,4.5444162436548226,0.9330655957161981
P456412,normal,494,4.589068825910931,0.9367088607594937
P456412,oily,476,4.5777310924369745,0.9333333333333333
P456413,combination,42,4.119047619047619,0.7619047619047619
P456413,dry,20,4.35,0.85
P456413,normal,9,3.888888888888889,0.6666666666666666
P456413,oily,13,4.769230769230769,1.0
P456414,combination,309,4.550161812297735,0.9223300970873787
P456414,dry,87,4.597701149425287,0.9310344827586207
P456414,normal,52,4.134615384615385,0.8076923076923077
P456414,oily,59,4.4576271186440675,0.9322033898305084
P456417,combination,152,4.25,0.8157894736842105
P456417,dry,49,4.224489795918367,0.7755102040816326
P456417,normal,40,4.1,0.775
P456417,oily,33,4.090909090909091,0.7878787878787878
P456418,combination,268,4.272388059701493,0.783625730994152
P456418,dry,75,4.24,0.7321428571428571
P456418,normal,81,3.925925925925926,0.7592592592592593
P456418,oily,71,4.605633802816901,0.9
P456421,combination,67,3.955223880597015,0.703125
P456421,dry,34,4.0588235294117645,0.696969696969697
P456421,normal,26,3.9615384615384617,0.6956521739130435
P456421,oily,12,3.8333333333333335,0.75
P456566,combination,552,3.98731884057971,0.7644927536231884
P456566,dry,200,3.825,0.69
P456566,normal,158,4.012658227848101,0.7531645569620253
P456566,oily,122,3.918032786885246,0.7049180327868853
P456571,combination,183,4.202185792349726,0.8579234972677595
P456571,dry,61,4.360655737704918,0.8688524590163934
P456571,normal,53,4.169811320754717,0.8301886792452831
P456571,oily,47,4.382978723404255,0.8723404255319149
P456572,combination,145,4.137931034482759,0.8344827586206897
P456572,dry,46,3.891304347826087,0.7391304347826086
P456572,normal,53,4.0754716981132075,0.7924528301886793
P456572,oily,42,4.071428571428571,0.7857142857142857
P456582,combination,225,4.391111111111111,0.8844444444444445
P456582,dry,51,4.176470588235294,0.803921568627451
P456582,normal,52,4.423076923076923,0.9230769230769231
P456582,oily,54,4.388888888888889,0.8888888888888888
P456957,combination,38,4.2105263157894735,0.8157894736842105
P456957,dry,4,4.25,0.75
P456957,normal,9,4.111111111111111,0.7777777777777778
P456957,oily,11,4.2727272727272725,0.8181818181818182
P456988,combination,140,3.7285714285714286,0.7142857142857143
P456988,dry,50,3.8,0.7
P456988,normal,55,4.181818181818182,0.8363636363636363
P456988,oily,30,3.2333333333333334,0.5333333333333333
P456989,combination,21,3.7142857142857144,0.6666666666666666
P456989,dry,11,4.0,0.9090909090909091
P456989,normal,11,3.727272727272727,0.6363636363636364
P456989,oily,4,2.5,0.25
P456990,combination,14,3.4285714285714284,0.5
P456990,dry,6,3.8333333333333335,0.8333333333333334
P456990,normal,5,3.6,0.6
P456990,oily,8,3.25,0.5
P456991,combination,43,3.2790697674418605,0.5813953488372093
P456991,dry,26,4.038461538461538,0.7692307692307693
P456991,normal,11,4.0,0.7272727272727273
P456991,oily,8,4.375,0.875
P456994,combination,191,3.586387434554974,0.6544502617801047
P456994,dry,85,3.8,0.7058823529411765
P456994,normal,58,3.5689655172413794,0.6551724137931034
P456994,oily,49,3.877551020408163,0.6938775510204082
P456997,combination,21,4.333333333333333,0.8571428571428571
P456997,dry,5,5.0,1.0
P456997,normal,17,5.0,1.0
P456997,oily,3,5.0,1.0
P457002,combination,36,4.861111111111111,0.9722222222222222
P457002,dry,16,5.0,1.0
P457002,normal,11,4.909090909090909,0.9090909090909091
P457002,oily,6,4.5,0.8333333333333334
P457005,combination,507,4.633136094674557,0.9467455621301775
P457005,dry,213,4.568075117370892,0.9248826291079812
P457005,normal,136,4.507352941176471,0.9191176470588235
P457005,oily,119,4.487394957983193,0.907563025210084
P457008,combination,309,4.281553398058253,0.8478964401294499
P457008,dry,94,4.287234042553192,0.851063829787234
P457008,normal,99,4.424242424242424,0.898989898989899
P457008,oily,57,4.385964912280702,0.8245614035087719
P457439,combination,12,3.5,0.5
P457439,dry,9,3.5555555555555554,0.6666666666666666
P457439,normal,3,5.0,1.0
P457439,oily,5,3.2,0.6
P457441,combination,18,4.5,0.8888888888888888
P457441,dry,2,5.0,1.0
P457441,normal,4,5.0,1.0
P457441,oily,9,4.777777777777778,1.0
P457442,combination,128,3.3828125,0.6171875
P457442,dry,44,3.3863636363636362,0.6136363636363636
P457442,normal,38,2.8947368421052633,0.42105263157894735
P457442,oily,26,3.576923076923077,0.7307692307692307
P457510,combination,156,4.628205128205129,0.9423076923076923
P457510,dry,50,4.8,1.0
P457510,normal,34,4.794117647058823,1.0
P457510,oily,28,4.535714285714286,0.9285714285714286
P457512,combination,262,4.1679389312977095,0.8244274809160306
P457512,dry,92,4.184782608695652,0.8260869565217391
P457512,normal,56,4.160714285714286,0.8035714285714286
P457512,oily,64,3.9375,0.765625
P457517,combination,381,4.380577427821522,0.8740157480314961
P457517,dry,132,4.386363636363637,0.8560606060606061
P457517,normal,98,4.275510204081633,0.8061224489795918
P457517,oily,82,4.548780487804878,0.8902439024390244
P457519,combination,17,3.2941176470588234,0.47058823529411764
P457519,dry,13,3.5384615384615383,0.6153846153846154
P457519,normal,3,4.666666666666667,1.0
P457519,oily,2,4.0,1.0
P457520,combination,12,3.0,0.5833333333333334
P457520,dry,8,3.75,0.625
P457520,normal,8,3.375,0.625
P457520,oily,3,4.0,0.6666666666666666
P457521,combination,287,4.407665505226481,0.8850174216027874
P457521,dry,80,4.35,0.85
P457521,normal,42,4.404761904761905,0.8333333333333334
P457521,oily,75,4.613333333333333,0.9333333333333333
P457522,combination,170,4.464705882352941,0.9352941176470588
P457522,dry,69,4.391304347826087,0.8695652173913043
P457522,normal,38,4.394736842105263,0.8947368421052632
P457522,oily,47,4.319148936170213,0.8723404255319149
P457694,combination,58,4.017241379310345,0.7413793103448276
P457694,dry,22,4.636363636363637,0.9090909090909091
P457694,normal,17,4.588235294117647,0.9411764705882353
P457694,oily,11,3.8181818181818183,0.9090909090909091
P457695,combination,193,4.601036269430052,0.9378238341968912
P457695,dry,77,4.467532467532467,0.8831168831168831
P457695,normal,35,4.2,0.7714285714285715
P457695,oily,43,4.4186046511627906,0.8604651162790697
P457696,combination,79,4.367088607594937,0.8734177215189873
P457696,dry,32,4.09375,0.78125
P457696,normal,20,3.9,0.75
P457696,oily,13,3.769230769230769,0.7692307692307693
P457697,combination,83,4.662650602409639,0.927710843373494
P457697,dry,37,4.513513513513513,0.918918918918919
P457697,normal,16,4.8125,0.9375
P457697,oily,20,4.65,1.0
P457864,combination,338,4.22189349112426,0.8668639053254438
P457864,dry,79,4.291139240506329,0.8481012658227848
P457864,normal,103,4.262135922330097,0.8640776699029126
P457864,oily,72,4.055555555555555,0.8333333333333334
P458209,combination,823,4.153098420413123,0.764277035236938
P458209,dry,123,4.016260162601626,0.7235772357723578
P458209,normal,131,3.9236641221374047,0.7251908396946565
P458209,oily,269,3.892193308550186,0.6914498141263941
P458216,combination,1236,4.2200647249190935,0.8220064724919094
P458216,dry,423,4.288416075650118,0.8368794326241135
P458216,normal,255,4.211764705882353,0.796078431372549
P458216,oily,284,4.362676056338028,0.8626760563380281
P458219,combination,1887,4.388447270800212,0.8664546899841018
P458219,dry,519,4.350674373795761,0.8420038535645472
P458219,normal,394,4.49238578680203,0.8781725888324873
P458219,oily,465,4.264516129032258,0.8279569892473119
P458546,combination,145,4.662068965517242,0.9379310344827586
P458546,dry,43,4.465116279069767,0.8837209302325582
P458546,normal,30,4.7,0.9333333333333333
P458546,oily,27,4.407407407407407,0.9259259259259259
P458576,combination,456,4.291666666666667,0.8486842105263158
P458576,dry,154,4.207792207792208,0.8181818181818182
P458576,normal,123,4.382113821138211,0.8861788617886179
P458576,oily,103,4.281553398058253,0.8640776699029126
P458724,combination,120,4.616666666666666,0.9166666666666666
P458724,dry,52,4.403846153846154,0.8653846153846154
P458724,normal,32,4.1875,0.875
P458724,oily,22,4.7727272727272725,0.9545454545454546
P458733,combination,26,3.730769230769231,0.6538461538461539
P458733,dry,4,2.75,0.5
P458733,normal,7,4.142857142857143,0.8571428571428571
P458733,oily,3,3.6666666666666665,0.6666666666666666
P458755,combination,509,4.235756385068762,0.8271119842829077
P458755,dry,182,3.9615384615384617,0.7802197802197802
P458755,normal,152,4.184210526315789,0.7631578947368421
P458755,oily,106,4.113207547169812,0.7924528301886793
P458900,combination,385,4.28051948051948,0.8805194805194805
P458900,dry,115,4.3130434782608695,0.8695652173913043
P458900,normal,98,4.153061224489796,0.8469387755102041
P458900,oily,72,4.111111111111111,0.7916666666666666
P458917,combination,203,4.512315270935961,0.8719211822660099
P458917,dry,56,4.142857142857143,0.7678571428571429
P458917,normal,44,4.681818181818182,0.9545454545454546
P458917,oily,36,4.25,0.8333333333333334
P458964,combination,26,4.076923076923077,0.7692307692307693
P458964,dry,13,4.153846153846154,0.7692307692307693
P458964,normal,8,3.875,0.625
P458964,oily,6,3.8333333333333335,0.6666666666666666
P459116,combination,30,4.233333333333333,0.8333333333333334
P459116,dry,16,4.4375,0.875
P459116,normal,2,3.0,0.5
P459116,oily,4,5.0,1.0
P459127,combination,274,4.613138686131387,0.8941605839416058
P459127,dry,81,4.530864197530864,0.8888888888888888
P459127,normal,95,4.684210526315789,0.9263157894736842
P459127,oily,40,4.15,0.775
P459128,combination,170,4.811764705882353,0.9529411764705882
P459128,dry,39,4.948717948717949,0.9743589743589743
P459128,normal,60,4.9,0.9833333333333333
P459128,oily,24,4.583333333333333,0.9166666666666666
P459129,combination,145,4.786206896551724,0.9517241379310345
P459129,dry,39,4.82051282051282,0.9487179487179487
P459129,normal,53,4.811320754716981,0.9811320754716981
P459129,oily,19,4.947368421052632,1.0
P459130,combination,170,4.864705882352941,0.9588235294117647
P459130,dry,49,4.714285714285714,0.9183673469387755
P459130,normal,60,4.85,0.9666666666666667
P459130,oily,25,4.36,0.84
P459131,combination,53,4.09433962264151,0.7358490566037735
P459131,dry,8,4.75,1.0
P459131,normal,14,4.857142857142857,0.9285714285714286
P459131,oily,6,3.3333333333333335,0.6666666666666666
P459133,combination,298,4.201342281879195,0.7718120805369127
P459133,dry,107,4.308411214953271,0.794392523364486
P459133,normal,66,4.121212121212121,0.7575757575757576
P459133,oily,54,4.481481481481482,0.8703703703703703
P459140,combination,20,3.75,0.7
P459140,dry,10,4.1,0.8
P459140,normal,7,2.7142857142857144,0.2857142857142857
P459140,oily,4,3.75,0.75
P459141,combination,499,4.5030060120240485,0.8717434869739479
P459141,dry,80,4.3875,0.8625
P459141,normal,92,4.554347826086956,0.8804347826086957
P459141,oily,136,4.470588235294118,0.875
P459299,combination,1212,4.505775577557756,0.9117161716171617
P459299,dry,338,4.428994082840236,0.878698224852071
P459299,normal,299,4.48494983277592,0.8896321070234113
P459299,oily,250,4.464,0.904
P459300,combination,653,3.986217457886677,0.7626339969372129
P459300,dry,163,4.159509202453988,0.8159509202453987
P459300,normal,155,4.025806451612903,0.7548387096774194
P459300,oily,130,3.7846153846153845,0.6923076923076923
P459301,combination,712,4.259831460674158,0.8609550561797753
P459301,dry,171,4.023391812865497,0.783625730994152
P459301,normal,156,4.339743589743589,0.8525641025641025
P459301,oily,144,4.395833333333333,0.9027777777777778
P459835,combination,20,3.25,0.5
P459835,dry,5,3.2,0.4
P459835,normal,7,3.0,0.42857142857142855
P459835,oily,5,3.6,0.6
P460010,combination,20,2.95,0.45
P460010,dry,9,2.4444444444444446,0.3333333333333333
P460010,normal,4,3.0,0.75
P460010,oily,4,2.25,0.25
P460512,combination,984,4.411585365853658,0.8648373983739838
P460512,dry,352,4.465909090909091,0.8835227272727273
P460512,normal,248,4.350806451612903,0.875
P460512,oily,238,4.281512605042017,0.8445378151260504
P460513,combination,141,4.51063829787234,0.8723404255319149
P460513,dry,73,4.616438356164384,0.8904109589041096
P460513,normal,36,4.638888888888889,0.9444444444444444
P460513,oily,36,4.611111111111111,0.8888888888888888
P460514,combination,161,4.447204968944099,0.8819875776397516
P460514,dry,67,4.208955223880597,0.7910447761194029
P460514,normal,34,4.4411764705882355,0.8529411764705882
P460514,oily,36,4.305555555555555,0.8611111111111112
P460515,combination,558,4.338709677419355,0.8637992831541219
P460515,dry,193,4.274611398963731,0.8341968911917098
P460515,normal,142,4.112676056338028,0.8028169014084507
P460515,oily,119,4.260504201680672,0.8319327731092437
P460516,combination,777,4.207207207207207,0.8056628056628057
P460516,dry,253,4.221343873517786,0.83399209486166
P460516,normal,181,4.1878453038674035,0.8066298342541437
P460516,oily,194,4.164948453608248,0.7989690721649485
P460554,combination,65,4.569230769230769,0.9076923076923077
P460554,dry,14,4.642857142857143,1.0
P460554,normal,19,4.578947368421052,0.9473684210526315
P460554,oily,19,4.7368421052631575,1.0
P460578,combination,423,4.2718676122931445,0.8439716312056738
P460578,dry,136,4.264705882352941,0.8602941176470589
P460578,normal,126,4.349206349206349,0.8650793650793651
P460578,oily,48,4.25,0.8541666666666666
P460624,combination,229,4.6593886462882095,0.9563318777292577
P460624,dry,71,4.676056338028169,0.9295774647887324
P460624,normal,59,4.6440677966101696,0.9491525423728814
P460624,oily,52,4.480769230769231,0.9423076923076923
P460627,combination,57,3.56140350877193,0.6140350877192983
P460627,dry,17,2.7058823529411766,0.35294117647058826
P460627,normal,9,2.3333333333333335,0.2222222222222222
P460627,oily,13,2.5384615384615383,0.46153846153846156
P460701,combination,221,4.149321266968326,0.8235294117647058
P460701,dry,70,4.057142857142857,0.8
P460701,normal,54,4.314814814814815,0.7962962962962963
P460701,oily,35,3.942857142857143,0.7714285714285715
P460723,combination,256,2.625,0.390625
P460723,dry,84,2.8452380952380953,0.47619047619047616
P460723,normal,109,2.385321100917431,0.3302752293577982
P460723,oily,55,2.4,0.32727272727272727
P460746,combination,29,4.517241379310345,0.896551724137931
P460746,dry,5,4.0,1.0
P460746,normal,3,5.0,1.0
P460746,oily,17,4.235294117647059,0.8823529411764706
P460747,combination,346,4.468208092485549,0.869942196531792
P460747,dry,115,4.243478260869566,0.782608695652174
P460747,normal,93,4.139784946236559,0.7956989247311828
P460747,oily,62,4.209677419354839,0.8225806451612904
P460758,combination,59,4.322033898305085,0.7627118644067796
P460758,dry,30,3.7666666666666666,0.6
P460758,normal,7,4.428571428571429,0.8571428571428571
P460758,oily,12,4.0,0.75
P460779,combination,2177,4.435002296738631,0.9315571887919155
P460779,dry,616,4.404220779220779,0.9188311688311688
P460779,normal,538,4.4609665427509295,0.9442379182156134
P460779,oily,361,4.426592797783933,0.9335180055401662
P460855,combination,276,2.2318840579710146,0.3007246376811594
P460855,dry,111,2.5315315315315314,0.35135135135135137
P460855,normal,110,2.2,0.2818181818181818
P460855,oily,50,2.74,0.4
P460856,combination,173,4.2485549132947975,0.8439306358381503
P460856,dry,68,3.926470588235294,0.75
P460856,normal,62,4.080645161290323,0.8064516129032258
P460856,oily,63,4.285714285714286,0.8888888888888888
P461159,combination,1391,4.03235082674335,0.7828900071890726
P461159,dry,390,4.079487179487179,0.8051282051282052
P461159,normal,343,4.052478134110787,0.8046647230320699
P461159,oily,270,4.0851851851851855,0.8111111111111111
P461160,combination,1391,4.03235082674335,0.7828900071890726
P461160,dry,390,4.079487179487179,0.8051282051282052
P461160,normal,343,4.052478134110787,0.8046647230320699
P461160,oily,270,4.0851851851851855,0.8111111111111111
P461161,combination,41,4.219512195121951,0.8048780487804879
P461161,dry,14,4.357142857142857,0.7857142857142857
P461161,normal,7,4.285714285714286,0.8571428571428571
P461161,oily,13,4.3076923076923075,0.8461538461538461
P461162,combination,35,4.428571428571429,0.8857142857142857
P461162,dry,12,4.666666666666667,0.9166666666666666
P461162,normal,6,5.0,1.0
P461162,oily,11,4.636363636363637,0.9090909090909091
P461165,combination,357,4.201680672268908,0.8263305322128851
P461165,dry,112,4.116071428571429,0.8125
P461165,normal,117,4.333333333333333,0.8717948717948718
P461165,oily,38,4.105263157894737,0.8421052631578947
P461177,combination,258,4.174418604651163,0.7868217054263565
P461177,dry,96,4.46875,0.875
P461177,normal,68,3.588235294117647,0.6176470588235294
P461177,oily,63,4.26984126984127,0.8253968253968254
P461195,combination,18,3.5,0.5
P461195,dry,7,4.285714285714286,0.7142857142857143
P461195,normal,4,5.0,1.0
P461195,oily,5,3.8,0.8
P461200,combination,14,4.642857142857143,0.9285714285714286
P461200,dry,3,5.0,1.0
P461200,normal,5,5.0,1.0
P461200,oily,5,4.2,0.6
P461213,combination,346,4.205202312138728,0.8034682080924855
P461213,dry,128,4.0859375,0.78125
P461213,normal,89,4.089887640449438,0.7303370786516854
P461213,oily,89,4.404494382022472,0.8764044943820225
P461439,combination,344,4.468023255813954,0.8895348837209303
P461439,dry,120,4.416666666666667,0.8833333333333333
P461439,normal,76,4.4868421052631575,0.8947368421052632
P461439,oily,52,4.461538461538462,0.9230769230769231
P461451,combination,471,4.24203821656051,0.8747346072186837
P461451,dry,149,4.248322147651007,0.8859060402684564
P461451,normal,128,4.296875,0.875
P461451,oily,78,4.217948717948718,0.8846153846153846
P461491,combination,79,4.215189873417722,0.7721518987341772
P461491,dry,38,4.342105263157895,0.8947368421052632
P461491,normal,38,4.447368421052632,0.8157894736842105
P461491,oily,12,4.0,0.75
P461520,combination,80,4.2875,0.825
P461520,dry,29,4.413793103448276,0.8620689655172413
P461520,normal,28,4.107142857142857,0.8214285714285714
P461520,oily,17,4.588235294117647,0.8823529411764706
P461521,combination,35,3.857142857142857,0.7714285714285715
P461521,dry,11,3.1818181818181817,0.45454545454545453
P461521,normal,11,3.3636363636363638,0.45454545454545453
P461521,oily,9,4.0,0.6666666666666666
P461522,combination,93,3.021505376344086,0.5053763440860215
P461522,dry,24,3.4166666666666665,0.5833333333333334
P461522,normal,34,3.0588235294117645,0.4117647058823529
P461522,oily,26,2.6153846153846154,0.38461538461538464
P461535,combination,17,3.9411764705882355,0.7647058823529411
P461535,dry,3,4.333333333333333,1.0
P461535,oily,5,5.0,1.0
P461537,combination,1259,4.519459888800635,0.9062748212867355
P461537,dry,520,4.423076923076923,0.8634615384615385
P461537,normal,344,4.575581395348837,0.9011627906976745
P461537,oily,294,4.534013605442177,0.9183673469387755
P461555,combination,1151,4.292788879235448,0.8245004344048653
P461555,dry,669,4.394618834080718,0.8340807174887892
P461555,normal,313,4.26517571884984,0.8019169329073482
P461555,oily,199,4.36180904522613,0.8291457286432161
P461667,combination,137,4.1678832116788325,0.7956204379562044
P461667,dry,37,4.108108108108108,0.7837837837837838
P461667,normal,34,4.117647058823529,0.7941176470588235
P461667,oily,44,4.204545454545454,0.8409090909090909
P461933,combination,1391,4.03235082674335,0.7828900071890726
P461933,dry,390,4.079487179487179,0.8051282051282052
P461933,normal,343,4.052478134110787,0.8046647230320699
P461933,oily,270,4.0851851851851855,0.8111111111111111
P461935,combination,135,4.45925925925926,0.9259259259259259
P461935,dry,45,4.466666666666667,0.9333333333333333
P461935,normal,27,4.148148148148148,0.8518518518518519
P461935,oily,19,4.368421052631579,0.8947368421052632
P461936,combination,54,4.111111111111111,0.8148148148148148
P461936,dry,32,4.34375,0.9375
P461936,normal,16,4.1875,0.875
P461936,oily,8,3.875,0.75
P461947,combination,23,4.478260869565218,0.8695652173913043
P461947,dry,8,5.0,1.0
P461947,normal,6,3.6666666666666665,0.6666666666666666
P461947,oily,7,4.714285714285714,1.0
P461948,combination,87,4.310344827586207,0.8850574712643678
P461948,dry,38,4.2631578947368425,0.9210526315789473
P461948,normal,24,4.25,0.875
P461948,oily,15,4.266666666666667,0.8666666666666667
P461949,combination,320,4.471875,0.86875
P461949,dry,106,4.556603773584905,0.8962264150943396
P461949,normal,91,4.593406593406593,0.9120879120879121
P461949,oily,36,4.527777777777778,0.8611111111111112
P462336,combination,774,4.447028423772609,0.91343669250646
P462336,dry,231,4.454545454545454,0.9134199134199135
P462336,normal,147,4.530612244897959,0.9251700680272109
P462336,oily,160,4.4625,0.9125
P462339,combination,138,4.659420289855072,0.9130434782608695
P462339,dry,25,4.32,0.8
P462339,normal,27,4.777777777777778,0.8888888888888888
P462339,oily,51,4.666666666666667,0.9607843137254902
P462344,combination,209,4.492822966507177,0.9138755980861244
P462344,dry,33,4.242424242424242,0.8181818181818182
P462344,normal,33,4.393939393939394,0.9090909090909091
P462344,oily,43,4.348837209302325,0.8372093023255814
P462347,combination,558,4.338709677419355,0.8637992831541219
P462347,dry,193,4.274611398963731,0.8341968911917098
P462347,normal,142,4.112676056338028,0.8028169014084507
P462347,oily,119,4.260504201680672,0.8319327731092437
P462390,combination,275,4.381818181818182,0.9090909090909091
P462390,dry,24,4.25,0.8333333333333334
P462390,normal,56,4.321428571428571,0.9107142857142857
P462390,oily,82,4.487804878048781,0.9512195121951219
P462666,combination,199,4.597989949748744,0.914572864321608
P462666,dry,85,4.647058823529412,0.9529411764705882
P462666,normal,62,4.483870967741935,0.9032258064516129
P462666,oily,40,4.6,0.925
P462699,combination,1031,4.419010669253153,0.8700290979631425
P462699,dry,394,4.403553299492386,0.8654822335025381
P462699,normal,246,4.40650406504065,0.8739837398373984
P462699,oily,226,4.495575221238938,0.9026548672566371
P462747,combination,146,3.8835616438356166,0.7191780821917808
P462747,dry,23,3.8260869565217392,0.6956521739130435
P462747,normal,31,4.193548387096774,0.8387096774193549
P462747,oily,67,4.014925373134329,0.746268656716418
P462748,combination,86,4.127906976744186,0.765625
P462748,dry,10,4.8,0.9
P462748,normal,17,3.9411764705882355,0.7
P462748,oily,29,4.448275862068965,0.8260869565217391
P462829,combination,117,3.623931623931624,0.6239316239316239
P462829,dry,55,3.5272727272727273,0.5818181818181818
P462829,normal,31,3.7419354838709675,0.6774193548387096
P462829,oily,30,4.033333333333333,0.7
P462891,combination,159,4.553459119496855,0.9182389937106918
P462891,dry,37,4.486486486486487,0.8648648648648649
P462891,normal,33,4.545454545454546,0.9393939393939394
P462891,oily,29,4.448275862068965,0.8620689655172413
P463036,combination,651,4.50384024577573,0.880184331797235
P463036,dry,376,4.36436170212766,0.8457446808510638
P463036,normal,186,4.467741935483871,0.8709677419354839
P463036,oily,85,4.364705882352941,0.8352941176470589
P463105,combination,529,4.586011342155009,0.943289224952741
P463105,dry,142,4.443661971830986,0.9295774647887324
P463105,normal,146,4.636986301369863,0.9657534246575342
P463105,oily,112,4.651785714285714,0.9464285714285714
P463144,combination,286,3.972027972027972,0.7342657342657343
P463144,dry,112,3.5892857142857144,0.6071428571428571
P463144,normal,83,3.8674698795180724,0.6867469879518072
P463144,oily,61,3.9672131147540983,0.7704918032786885
P463353,combination,274,3.3503649635036497,0.5912408759124088
P463353,dry,94,3.5319148936170213,0.5957446808510638
P463353,normal,88,3.375,0.5909090909090909
P463353,oily,65,3.3846153846153846,0.5692307692307692
P463371,combination,1048,4.394083969465649,0.8425572519083969
P463371,dry,568,4.25,0.795774647887324
P463371,normal,241,4.547717842323651,0.8921161825726142
P463371,oily,187,4.390374331550802,0.8342245989304813
P463613,combination,45,3.6,0.6666666666666666
P463613,dry,32,3.28125,0.625
P463613,normal,7,2.7142857142857144,0.42857142857142855
P463613,oily,9,3.888888888888889,0.7777777777777778
P463665,combination,214,4.392523364485982,0.9065420560747663
P463665,dry,62,4.516129032258065,0.9193548387096774
P463665,normal,39,4.282051282051282,0.8205128205128205
P463665,oily,61,4.344262295081967,0.8852459016393442
P463964,combination,50,4.3,0.8
P463964,dry,22,3.3636363636363638,0.4090909090909091
P463964,normal,12,3.5833333333333335,0.6666666666666666
P463964,oily,10,2.6,0.3
P464233,combination,420,4.2976190476190474,0.8285714285714286
P464233,dry,136,4.154411764705882,0.7867647058823529
P464233,normal,128,4.2109375,0.7578125
P464233,oily,71,4.211267605633803,0.8591549295774648
P464234,combination,146,4.458904109589041,0.9041095890410958
P464234,dry,39,4.615384615384615,0.9743589743589743
P464234,normal,49,4.448979591836735,0.9183673469387755
P464234,oily,32,4.65625,0.96875
P464235,combination,162,4.537037037037037,0.9629629629629629
P464235,dry,31,4.32258064516129,0.9032258064516129
P464235,normal,42,4.523809523809524,0.9285714285714286
P464235,oily,22,4.136363636363637,0.9090909090909091
P464237,combination,49,3.8979591836734695,0.7755102040816326
P464237,dry,13,4.0,0.6923076923076923
P464237,normal,25,3.88,0.76
P464237,oily,13,3.769230769230769,0.6923076923076923
P464238,combination,284,4.672535211267606,0.9577464788732394
P464238,dry,112,4.758928571428571,0.9732142857142857
P464238,normal,71,4.633802816901408,0.971830985915493
P464238,oily,49,4.571428571428571,0.9387755102040817
P464239,combination,240,4.570833333333334,0.95
P464239,dry,42,4.738095238095238,0.9761904761904762
P464239,normal,34,4.617647058823529,0.9411764705882353
P464239,oily,57,4.526315789473684,0.9122807017543859
P464240,combination,68,4.323529411764706,0.8676470588235294
P464240,dry,11,4.818181818181818,1.0
P464240,normal,7,4.571428571428571,1.0
P464240,oily,19,4.421052631578948,0.9473684210526315
P464241,combination,189,4.386243386243386,0.9153439153439153
P464241,dry,33,4.545454545454546,0.9696969696969697
P464241,normal,20,4.7,1.0
P464241,oily,43,4.3023255813953485,0.8837209302325582
P464242,combination,67,4.582089552238806,0.9701492537313433
P464242,dry,16,4.5,1.0
P464242,normal,23,4.391304347826087,0.9130434782608695
P464242,oily,15,4.333333333333333,0.8666666666666667
P464243,combination,262,4.5038167938931295,0.9312977099236641
P464243,dry,55,4.363636363636363,0.9272727272727272
P464243,normal,41,4.560975609756097,0.926829268292683
P464243,oily,74,4.54054054054054,0.918918918918919
P464244,combination,58,4.5,0.9482758620689655
P464244,dry,15,4.533333333333333,0.9333333333333333
P464244,normal,21,4.857142857142857,0.9523809523809523
P464244,oily,12,4.75,0.9166666666666666
P464245,combination,188,4.5,0.9202127659574468
P464245,dry,55,4.4,0.9272727272727272
P464245,normal,32,4.6875,0.9375
P464245,oily,24,4.5,0.9166666666666666
P464799,combination,10,2.8,0.4
P464799,dry,2,1.0,0.0
P464799,normal,10,2.9,0.5
P464799,oily,6,2.5,0.3333333333333333
P465365,combination,90,4.2555555555555555,0.8333333333333334
P465365,dry,38,4.0,0.7894736842105263
P465365,normal,23,4.565217391304348,0.9130434782608695
P465365,oily,19,4.2105263157894735,0.8947368421052632
P465368,combination,645,4.0635658914728685,0.7627906976744186
P465368,dry,257,4.237354085603113,0.8132295719844358
P465368,normal,150,4.086666666666667,0.7533333333333333
P465368,oily,172,4.3604651162790695,0.8546511627906976
P465741,combination,190,4.621052631578947,0.9368421052631579
P465741,dry,75,4.8,0.9466666666666667
P465741,normal,44,4.909090909090909,0.9772727272727273
P465741,oily,30,4.566666666666666,0.9333333333333333
P465752,combination,86,4.0,0.7674418604651163
P465752,dry,36,3.611111111111111,0.6666666666666666
P465752,normal,18,3.611111111111111,0.5555555555555556
P465752,oily,19,3.6315789473684212,0.5789473684210527
P465803,combination,71,4.887323943661972,0.9859154929577465
P465803,dry,31,4.806451612903226,0.967741935483871
P465803,normal,24,4.916666666666667,1.0
P465803,oily,17,5.0,1.0
P465808,combination,42,3.4047619047619047,0.5476190476190477
P465808,dry,19,3.9473684210526314,0.7368421052631579
P465808,normal,4,2.5,0.5
P465808,oily,7,3.0,0.5714285714285714
P466114,combination,207,4.531400966183575,0.9178743961352657
P466114,dry,58,4.637931034482759,0.9310344827586207
P466114,normal,62,4.758064516129032,0.9516129032258065
P466114,oily,25,4.52,0.92
P466117,combination,360,3.8694444444444445,0.7444444444444445
P466117,dry,197,4.0152284263959395,0.817258883248731
P466117,normal,76,3.6447368421052633,0.6578947368421053
P466117,oily,35,3.7714285714285714,0.7142857142857143
P466122,combination,404,4.423267326732673,0.9306930693069307
P466122,dry,112,4.553571428571429,0.9375
P466122,normal,97,4.350515463917525,0.9175257731958762
P466122,oily,95,4.3578947368421055,0.8947368421052632
P466123,combination,1135,4.423788546255507,0.8687224669603524
P466123,dry,478,4.439330543933054,0.8744769874476988
P466123,normal,309,4.385113268608414,0.8511326860841424
P466123,oily,231,4.3852813852813854,0.8874458874458875
P466134,combination,342,4.4678362573099415,0.8801169590643275
P466134,dry,128,4.6015625,0.9140625
P466134,normal,86,4.383720930232558,0.8604651162790697
P466134,oily,64,4.515625,0.875
P466142,combination,725,4.613793103448276,0.9489655172413793
P466142,dry,182,4.5,0.9175824175824175
P466142,normal,194,4.520618556701031,0.9123711340206185
P466142,oily,161,4.614906832298137,0.9503105590062112
P466153,combination,379,4.535620052770448,0.8970976253298153
P466153,dry,149,4.416107382550336,0.8590604026845637
P466153,normal,90,4.488888888888889,0.8777777777777778
P466153,oily,65,4.2615384615384615,0.8461538461538461
P466154,combination,301,3.7541528239202657,0.6710963455149501
P466154,dry,113,3.84070796460177,0.6991150442477876
P466154,normal,101,3.5346534653465347,0.5742574257425742
P466154,oily,48,3.2083333333333335,0.4583333333333333
P466155,combination,776,4.64819587628866,0.9510309278350515
P466155,dry,290,4.627586206896551,0.9379310344827586
P466155,normal,174,4.632183908045977,0.9195402298850575
P466155,oily,142,4.633802816901408,0.9225352112676056
P466163,combination,222,4.608108108108108,0.9279279279279279
P466163,dry,85,4.529411764705882,0.9176470588235294
P466163,normal,55,4.618181818181818,0.8909090909090909
P466163,oily,71,4.704225352112676,0.9295774647887324
P466164,combination,571,4.422066549912435,0.861646234676007
P466164,dry,189,4.248677248677248,0.8095238095238095
P466164,normal,132,4.363636363636363,0.8333333333333334
P466164,oily,93,4.537634408602151,0.9032258064516129
P466661,combination,322,4.605590062111801,0.8944099378881988
P466661,dry,46,4.5,0.8695652173913043
P466661,normal,41,4.536585365853658,0.8780487804878049
P466661,oily,68,4.485294117647059,0.9117647058823529
P466673,combination,369,4.384823848238482,0.8997289972899729
P466673,dry,112,4.357142857142857,0.9107142857142857
P466673,normal,93,4.376344086021505,0.9139784946236559
P466673,oily,81,4.407407407407407,0.8888888888888888
P467028,combination,58,4.913793103448276,0.9827586206896551
P467028,dry,6,4.666666666666667,1.0
P467028,normal,7,5.0,1.0
P467028,oily,4,5.0,1.0
P467038,combination,722,4.1689750692520775,0.7922437673130194
P467038,dry,243,4.275720164609053,0.8353909465020576
P467038,normal,205,4.2,0.7902439024390244
P467038,oily,124,4.298387096774194,0.8064516129032258
P467110,combination,346,4.367052023121388,0.8786127167630058
P467110,dry,117,4.3931623931623935,0.8717948717948718
P467110,normal,94,4.26595744680851,0.851063829787234
P467110,oily,75,4.266666666666667,0.8533333333333334
P467111,combination,206,4.412621359223301,0.8980582524271845
P467111,dry,13,4.230769230769231,0.8461538461538461
P467111,normal,25,4.48,0.96
P467111,oily,68,4.397058823529412,0.9117647058823529
P467115,combination,91,3.8461538461538463,0.6703296703296703
P467115,dry,31,3.7096774193548385,0.7419354838709677
P467115,normal,30,3.433333333333333,0.5
P467115,oily,30,3.1333333333333333,0.43333333333333335
P467118,combination,173,4.098265895953757,0.8034682080924855
P467118,dry,38,3.9473684210526314,0.7368421052631579
P467118,normal,50,3.7,0.68
P467118,oily,40,4.175,0.775
P467120,combination,220,4.036363636363636,0.7772727272727272
P467120,dry,56,4.428571428571429,0.9107142857142857
P467120,normal,47,4.23404255319149,0.8723404255319149
P467120,oily,34,3.8823529411764706,0.7058823529411765
P467122,combination,257,4.097276264591439,0.8015564202334631
P467122,dry,60,4.183333333333334,0.8
P467122,normal,64,4.234375,0.828125
P467122,oily,58,4.327586206896552,0.896551724137931
P467123,combination,272,4.180147058823529,0.8198529411764706
P467123,dry,83,4.0120481927710845,0.7951807228915663
P467123,normal,50,4.08,0.74
P467123,oily,57,4.280701754385965,0.8245614035087719
P467124,combination,269,4.115241635687732,0.79182156133829
P467124,dry,119,4.3277310924369745,0.8487394957983193
P467124,normal,83,4.120481927710843,0.7951807228915663
P467124,oily,74,4.081081081081081,0.7702702702702703
P467126,combination,307,3.970684039087948,0.745928338762215
P467126,dry,109,4.1192660550458715,0.7614678899082569
P467126,normal,101,3.712871287128713,0.6336633663366337
P467126,oily,76,3.8815789473684212,0.6710526315789473
P467137,combination,272,4.448529411764706,0.8970588235294118
P467137,dry,101,4.475247524752476,0.9108910891089109
P467137,normal,67,4.492537313432836,0.8955223880597015
P467137,oily,38,4.315789473684211,0.868421052631579
P467247,combination,229,4.078602620087336,0.7554585152838428
P467247,dry,56,4.267857142857143,0.875
P467247,normal,52,3.9423076923076925,0.6923076923076923
P467247,oily,83,4.108433734939759,0.7951807228915663
P467248,combination,261,4.203065134099617,0.7931034482758621
P467248,dry,72,4.152777777777778,0.7638888888888888
P467248,normal,53,3.9245283018867925,0.6981132075471698
P467248,oily,89,3.9101123595505616,0.7191011235955056
P467249,combination,403,4.05955334987593,0.7543424317617866
P467249,dry,131,4.122137404580153,0.8091603053435115
P467249,normal,114,3.973684210526316,0.7456140350877193
P467249,oily,124,3.7661290322580645,0.717741935483871
P467250,combination,88,4.136363636363637,0.7954545454545454
P467250,dry,26,3.8461538461538463,0.6923076923076923
P467250,normal,18,4.666666666666667,0.9444444444444444
P467250,oily,32,4.46875,0.9375
P467251,combination,145,4.103448275862069,0.8206896551724138
P467251,dry,44,3.977272727272727,0.75
P467251,normal,27,4.2592592592592595,0.8518518518518519
P467251,oily,54,3.9444444444444446,0.7592592592592593
P467602,combination,640,4.5484375,0.9390625
P467602,dry,201,4.527363184079602,0.9402985074626866
P467602,normal,147,4.523809523809524,0.9251700680272109
P467602,oily,130,4.484615384615385,0.9615384615384616
P467614,combination,83,4.698795180722891,0.9156626506024096
P467614,dry,25,4.76,0.92
P467614,normal,19,4.7894736842105265,0.9473684210526315
P467614,oily,19,4.894736842105263,0.9473684210526315
P467615,combination,426,4.577464788732394,0.9248826291079812
P467615,dry,165,4.533333333333333,0.896969696969697
P467615,normal,87,4.494252873563219,0.9080459770114943
P467615,oily,59,4.47457627118644,0.9491525423728814
P467617,combination,198,4.454545454545454,0.9040404040404041
P467617,dry,28,4.678571428571429,0.9642857142857143
P467617,normal,29,4.586206896551724,0.9655172413793104
P467617,oily,39,4.564102564102564,0.9487179487179487
P467630,combination,177,4.694915254237288,0.943502824858757
P467630,dry,53,4.716981132075472,0.9433962264150944
P467630,normal,36,4.666666666666667,0.9444444444444444
P467630,oily,32,4.15625,0.78125
P467647,combination,179,3.558659217877095,0.6201117318435754
P467647,dry,63,3.857142857142857,0.7301587301587301
P467647,normal,50,3.66,0.66
P467647,oily,36,3.5555555555555554,0.6111111111111112
P467650,combination,16,3.875,0.6875
P467650,dry,4,3.75,0.75
P467650,normal,6,3.0,0.5
P467650,oily,5,2.6,0.4
P467651,combination,35,3.942857142857143,0.7142857142857143
P467651,dry,5,4.6,0.8
P467651,normal,4,4.25,0.75
P467651,oily,12,4.75,0.9166666666666666
P467652,combination,152,3.5065789473684212,0.6118421052631579
P467652,dry,65,3.523076923076923,0.6615384615384615
P467652,normal,46,3.6956521739130435,0.6304347826086957
P467652,oily,37,3.7027027027027026,0.6756756756756757
P467655,combination,513,3.8966861598440548,0.7368421052631579
P467655,dry,138,3.8260869565217392,0.6956521739130435
P467655,normal,71,3.76056338028169,0.6901408450704225
P467655,oily,177,3.8192090395480225,0.7062146892655368
P467748,combination,102,4.382352941176471,0.8333333333333334
P467748,dry,28,4.357142857142857,0.8571428571428571
P467748,normal,22,4.363636363636363,0.8181818181818182
P467748,oily,17,3.8823529411764706,0.7647058823529411
P467749,combination,102,4.411764705882353,0.8921568627450981
P467749,dry,27,4.333333333333333,0.8888888888888888
P467749,normal,19,4.526315789473684,0.8947368421052632
P467749,oily,17,4.352941176470588,0.8823529411764706
P467750,combination,194,4.618556701030927,0.9278350515463918
P467750,dry,47,4.595744680851064,0.9361702127659575
P467750,normal,65,4.8,0.9230769230769231
P467750,oily,27,4.592592592592593,0.9629629629629629
P467762,combination,1887,4.388447270800212,0.8664546899841018
P467762,dry,519,4.350674373795761,0.8420038535645472
P467762,normal,394,4.49238578680203,0.8781725888324873
P467762,oily,465,4.264516129032258,0.8279569892473119
P467945,combination,390,4.535897435897436,0.9512820512820512
P467945,dry,113,4.6371681415929205,0.9380530973451328
P467945,normal,111,4.45045045045045,0.9009009009009009
P467945,oily,57,4.614035087719298,0.9649122807017544
P467969,combination,37,4.72972972972973,0.9459459459459459
P467969,dry,7,4.285714285714286,0.7142857142857143
P467969,normal,2,3.0,0.5
P467969,oily,13,4.923076923076923,1.0
P467970,combination,29,4.517241379310345,0.8620689655172413
P467970,dry,6,5.0,1.0
P467970,normal,9,4.777777777777778,1.0
P467970,oily,13,4.923076923076923,1.0
P467971,combination,191,4.371727748691099,0.9109947643979057
P467971,dry,62,4.129032258064516,0.7741935483870968
P467971,normal,69,4.188405797101449,0.7971014492753623
P467971,oily,46,4.391304347826087,0.9347826086956522
P467972,combination,53,4.773584905660377,0.9811320754716981
P467972,dry,19,5.0,1.0
P467972,normal,17,4.647058823529412,0.8823529411764706
P467972,oily,8,4.125,0.875
P467973,combination,140,4.235714285714286,0.8071428571428572
P467973,dry,50,4.2,0.82
P467973,normal,41,4.219512195121951,0.8048780487804879
P467973,oily,20,4.15,0.8
P467976,combination,196,4.0561224489795915,0.7959183673469388
P467976,dry,58,4.189655172413793,0.8275862068965517
P467976,normal,49,3.857142857142857,0.6938775510204082
P467976,oily,62,4.032258064516129,0.7903225806451613
P468143,combination,23,3.4347826086956523,0.5652173913043478
P468143,dry,7,3.4285714285714284,0.5714285714285714
P468143,normal,7,4.142857142857143,0.8571428571428571
P468149,combination,59,4.288135593220339,0.864406779661017
P468149,dry,18,4.277777777777778,0.7777777777777778
P468149,normal,10,4.2,0.9
P468149,oily,18,3.888888888888889,0.6666666666666666
P468211,combination,79,4.253164556962025,0.7974683544303798
P468211,dry,55,3.9454545454545453,0.6909090909090909
P468211,normal,37,3.945945945945946,0.7027027027027027
P468211,oily,12,4.333333333333333,0.8333333333333334
P468351,combination,985,4.257868020304569,0.8720812182741117
P468351,dry,340,4.223529411764706,0.8911764705882353
P468351,normal,212,4.316037735849057,0.9009433962264151
P468351,oily,164,4.2439024390243905,0.8658536585365854
P468369,combination,94,4.553191489361702,0.9680851063829787
P468369,dry,38,4.2368421052631575,0.8421052631578947
P468369,normal,28,4.428571428571429,0.9285714285714286
P468369,oily,10,4.3,1.0
P468396,combination,131,4.374045801526718,0.8778625954198473
P468396,dry,33,4.575757575757576,0.9393939393939394
P468396,normal,33,4.484848484848484,0.9090909090909091
P468396,oily,29,4.517241379310345,0.9310344827586207
P468408,combination,434,4.336405529953917,0.8525345622119815
P468408,dry,132,4.075757575757576,0.7651515151515151
P468408,normal,107,4.5607476635514015,0.9252336448598131
P468408,oily,68,4.352941176470588,0.8382352941176471
P468409,combination,507,4.260355029585799,0.8086785009861933
P468409,dry,132,4.106060606060606,0.7954545454545454
P468409,normal,99,4.494949494949495,0.8484848484848485
P468409,oily,88,4.295454545454546,0.8409090909090909
P468411,combination,254,4.169291338582677,0.7992125984251969
P468411,dry,69,3.9420289855072466,0.7971014492753623
P468411,normal,70,4.457142857142857,0.9
P468411,oily,46,4.3478260869565215,0.8913043478260869
P468634,combination,10,4.6,1.0
P468634,dry,10,5.0,1.0
P468634,normal,2,5.0,1.0
P468634,oily,4,5.0,1.0
P468637,combination,211,4.241706161137441,0.774869109947644
P468637,dry,77,4.454545454545454,0.8507462686567164
P468637,normal,49,4.387755102040816,0.8
P468637,oily,51,4.196078431372549,0.7755102040816326
P468640,combination,146,4.575342465753424,0.952054794520548
P468640,dry,42,4.690476190476191,0.9523809523809523
P468640,normal,46,4.521739130434782,0.9130434782608695
P468640,oily,31,4.580645161290323,0.8709677419354839
P468652,combination,18,4.777777777777778,0.9444444444444444
P468652,dry,7,3.4285714285714284,0.5714285714285714
P468652,normal,7,4.857142857142857,1.0
P468652,oily,5,4.4,1.0
P468658,combination,660,4.637878787878788,0.9318181818181818
P468658,dry,194,4.644329896907217,0.9329896907216495
P468658,normal,141,4.531914893617022,0.900709219858156
P468658,oily,185,4.578378378378378,0.9297297297297298
P468671,combination,22,4.545454545454546,0.8181818181818182
P468671,dry,5,3.6,0.6
P468671,normal,3,3.6666666666666665,0.6666666666666666
P468671,oily,5,3.4,0.4
P468672,combination,59,4.576271186440678,0.9322033898305084
P468672,dry,12,4.416666666666667,1.0
P468672,normal,11,4.454545454545454,0.9090909090909091
P468672,oily,16,4.4375,0.9375
P468684,combination,246,4.532520325203252,0.9186991869918699
P468684,dry,101,4.396039603960396,0.8514851485148515
P468684,normal,48,4.3125,0.8333333333333334
P468684,oily,61,4.491803278688525,0.9016393442622951
P468709,combination,52,4.461538461538462,0.8461538461538461
P468709,dry,9,3.6666666666666665,0.8888888888888888
P468709,normal,7,4.428571428571429,0.8571428571428571
P468709,oily,20,4.45,0.95
P468813,combination,111,4.45945945945946,0.8828828828828829
P468813,dry,29,4.137931034482759,0.7931034482758621
P468813,normal,11,3.909090909090909,0.6363636363636364
P468813,oily,22,4.2727272727272725,0.8636363636363636
P468818,combination,31,4.354838709677419,0.9032258064516129
P468818,dry,8,4.25,0.875
P468818,normal,7,4.285714285714286,0.8571428571428571
P468818,oily,8,3.625,0.625
P468821,combination,266,4.586466165413534,0.9135338345864662
P468821,dry,151,4.437086092715232,0.8543046357615894
P468821,normal,55,4.418181818181818,0.8545454545454545
P468821,oily,53,4.6415094339622645,0.9433962264150944
P468850,combination,56,4.607142857142857,0.9107142857142857
P468850,dry,32,4.75,0.96875
P468850,normal,18,4.777777777777778,1.0
P468850,oily,13,4.846153846153846,0.9230769230769231
P469085,combination,22,4.2272727272727275,0.7272727272727273
P469085,dry,7,5.0,1.0
P469085,normal,2,3.5,1.0
P469085,oily,5,4.0,0.8
P469086,combination,59,4.728813559322034,0.9491525423728814
P469086,dry,19,4.684210526315789,0.9473684210526315
P469086,normal,12,4.583333333333333,0.8333333333333334
P469086,oily,7,5.0,1.0
P469087,combination,32,3.5625,0.6875
P469087,dry,12,3.4166666666666665,0.5833333333333334
P469087,normal,9,4.0,0.6666666666666666
P469087,oily,15,3.0,0.4
P469088,combination,173,4.433526011560693,0.9017341040462428
P469088,dry,77,4.376623376623376,0.8831168831168831
P469088,normal,47,4.319148936170213,0.8085106382978723
P469088,oily,45,4.555555555555555,0.9333333333333333
P469110,combination,46,4.869565217391305,1.0
P469110,dry,17,4.882352941176471,1.0
P469110,normal,8,5.0,1.0
P469110,oily,9,4.777777777777778,1.0
P469111,combination,56,4.625,0.9285714285714286
P469111,dry,17,4.705882352941177,0.9411764705882353
P469111,normal,10,4.5,0.9
P469111,oily,10,4.6,0.9
P469112,combination,58,4.689655172413793,0.9482758620689655
P469112,dry,15,4.8,0.9333333333333333
P469112,normal,5,5.0,1.0
P469112,oily,10,4.5,0.9
P469118,combination,155,4.664516129032258,0.9612903225806452
P469118,dry,92,4.739130434782608,0.9565217391304348
P469118,normal,40,4.625,0.95
P469118,oily,11,4.818181818181818,1.0
P469196,combination,59,4.0,0.7796610169491526
P469196,dry,16,3.6875,0.625
P469196,normal,15,3.466666666666667,0.4666666666666667
P469196,oily,15,3.6,0.6666666666666666
P469213,combination,525,4.377142857142857,0.900952380952381
P469213,dry,124,4.451612903225806,0.9112903225806451
P469213,normal,140,4.357142857142857,0.8785714285714286
P469213,oily,92,4.445652173913044,0.9239130434782609
P469439,combination,144,3.7847222222222223,0.6597222222222222
P469439,dry,52,4.269230769230769,0.8269230769230769
P469439,normal,40,3.925,0.7
P469439,oily,29,3.586206896551724,0.5862068965517241
P469444,combination,108,4.481481481481482,0.9259259259259259
P469444,dry,30,4.2,0.8333333333333334
P469444,normal,14,3.7857142857142856,0.6428571428571429
P469444,oily,20,4.35,0.85
P469454,combination,40,4.725,0.9
P469454,dry,12,4.333333333333333,0.8333333333333334
P469454,normal,3,5.0,1.0
P469454,oily,11,4.454545454545454,0.8181818181818182
P469478,combination,37,3.5135135135135136,0.5675675675675675
P469478,dry,13,4.076923076923077,0.7692307692307693
P469478,normal,15,3.533333333333333,0.6
P469478,oily,7,3.7142857142857144,0.5714285714285714
P469482,combination,246,3.658536585365854,0.6504065040650406
P469482,dry,128,3.6171875,0.6328125
P469482,normal,108,3.8518518518518516,0.7129629629629629
P469482,oily,57,4.105263157894737,0.8070175438596491
P469490,combination,372,4.266129032258065,0.8198924731182796
P469490,dry,154,4.181818181818182,0.7727272727272727
P469490,normal,88,4.125,0.7386363636363636
P469490,oily,84,4.2976190476190474,0.7619047619047619
P469502,combination,630,4.4,0.8587301587301587
P469502,dry,219,4.415525114155251,0.8767123287671232
P469502,normal,125,4.6,0.912
P469502,oily,202,4.49009900990099,0.8861386138613861
P469503,combination,220,4.2681818181818185,0.8318181818181818
P469503,dry,64,4.125,0.8125
P469503,normal,46,4.369565217391305,0.8478260869565217
P469503,oily,62,4.241935483870968,0.8548387096774194
P469504,combination,27,4.666666666666667,0.9259259259259259
P469504,dry,8,4.625,1.0
P469504,normal,3,5.0,1.0
P469504,oily,9,4.333333333333333,0.7777777777777778
P469505,combination,89,4.775280898876405,0.9775280898876404
P469505,dry,15,4.466666666666667,0.8666666666666667
P469505,normal,23,4.434782608695652,0.8695652173913043
P469505,oily,15,4.933333333333334,1.0
P469506,combination,240,4.158333333333333,0.8041666666666667
P469506,dry,94,4.372340425531915,0.8297872340425532
P469506,normal,45,3.977777777777778,0.7111111111111111
P469506,oily,47,4.340425531914893,0.8723404255319149
P469507,combination,116,4.7844827586206895,0.9655172413793104
P469507,dry,46,4.630434782608695,0.9347826086956522
P469507,normal,22,4.954545454545454,1.0
P469507,oily,26,4.615384615384615,0.9230769230769231
P469508,combination,23,4.434782608695652,0.9130434782608695
P469508,dry,13,4.461538461538462,0.8461538461538461
P469508,normal,5,4.4,0.8
P469508,oily,6,4.333333333333333,0.8333333333333334
P469510,combination,141,4.581560283687943,0.8936170212765957
P469510,dry,49,4.653061224489796,0.9183673469387755
P469510,normal,32,4.5,0.90625
P469510,oily,38,4.315789473684211,0.8947368421052632
P469511,combination,129,4.511627906976744,0.875968992248062
P469511,dry,32,4.65625,0.90625
P469511,normal,26,4.461538461538462,0.8846153846153846
P469511,oily,30,4.533333333333333,0.9
P469512,combination,24,4.291666666666667,0.8333333333333334
P469512,dry,9,4.555555555555555,1.0
P469512,normal,4,4.0,0.75
P469512,oily,6,2.8333333333333335,0.5
P469513,combination,46,4.130434782608695,0.782608695652174
P469513,dry,6,4.166666666666667,0.8333333333333334
P469513,normal,5,4.0,0.8
P469513,oily,14,4.571428571428571,0.8571428571428571
P469514,combination,33,4.575757575757576,0.9090909090909091
P469514,dry,9,4.777777777777778,1.0
P469514,normal,6,5.0,1.0
P469514,oily,6,5.0,1.0
P469515,combination,37,4.8108108108108105,0.9459459459459459
P469515,dry,10,5.0,1.0
P469515,normal,5,5.0,1.0
P469515,oily,13,4.6923076923076925,0.9230769230769231
P469516,combination,33,4.636363636363637,0.9090909090909091
P469516,dry,9,4.222222222222222,0.7777777777777778
P469516,normal,5,4.2,0.8
P469516,oily,10,4.3,0.9
P469517,combination,50,4.42,0.86
P469517,dry,14,4.642857142857143,0.9285714285714286
P469517,normal,9,4.888888888888889,1.0
P469517,oily,17,4.588235294117647,1.0
P469518,combination,16,4.375,0.875
P469518,dry,13,4.076923076923077,0.6923076923076923
P469518,normal,4,5.0,1.0
P469518,oily,4,4.25,0.75
P469519,combination,114,4.692982456140351,0.9385964912280702
P469519,dry,64,4.765625,0.953125
P469519,normal,40,4.725,0.95
P469519,oily,15,4.866666666666666,1.0
P469520,combination,101,4.772277227722772,0.9603960396039604
P469520,dry,37,4.621621621621622,0.918918918918919
P469520,normal,33,4.848484848484849,0.9696969696969697
P469520,oily,24,4.541666666666667,0.875
P469521,combination,15,3.8666666666666667,0.7333333333333333
P469521,normal,3,4.666666666666667,1.0
P469521,oily,7,3.2857142857142856,0.7142857142857143
P469522,combination,238,4.315126050420168,0.8487394957983193
P469522,dry,55,4.2,0.7272727272727273
P469522,normal,42,4.071428571428571,0.8095238095238095
P469522,oily,64,4.1875,0.8125
P469523,combination,16,3.5,0.5625
P469523,dry,3,3.3333333333333335,0.6666666666666666
P469523,normal,3,3.0,0.3333333333333333
P469523,oily,3,3.3333333333333335,0.6666666666666666
P469524,combination,67,4.3283582089552235,0.7910447761194029
P469524,dry,18,3.6666666666666665,0.7777777777777778
P469524,normal,15,3.8666666666666667,0.6
P469524,oily,33,4.606060606060606,0.9090909090909091
P469525,combination,23,4.478260869565218,0.8695652173913043
P469525,dry,20,4.0,0.75
P469525,normal,3,3.3333333333333335,0.3333333333333333
P469525,oily,6,3.1666666666666665,0.5
P469526,combination,21,3.9047619047619047,0.7142857142857143
P469526,dry,10,3.7,0.5
P469526,normal,7,3.5714285714285716,0.5714285714285714
P469526,oily,6,3.3333333333333335,0.5
P469527,combination,28,4.714285714285714,0.9642857142857143
P469527,dry,12,4.5,0.9166666666666666
P469527,normal,10,4.4,0.9
P469527,oily,12,4.333333333333333,0.8333333333333334
P469528,combination,80,4.5875,0.925
P469528,dry,25,4.48,0.84
P469528,normal,15,4.4,0.8666666666666667
P469528,oily,11,4.636363636363637,1.0
P469530,combination,145,4.586206896551724,0.9172413793103448
P469530,dry,34,4.735294117647059,0.9411764705882353
P469530,normal,27,4.481481481481482,0.9259259259259259
P469530,oily,35,4.285714285714286,0.8571428571428571
P469537,combination,184,4.739130434782608,0.9565217391304348
P469537,dry,67,4.641791044776119,0.9253731343283582
P469537,normal,27,4.555555555555555,0.9259259259259259
P469537,oily,15,4.733333333333333,0.9333333333333333
P469538,combination,547,4.621572212065813,0.9360146252285192
P469538,dry,217,4.529953917050691,0.9078341013824884
P469538,normal,120,4.541666666666667,0.9166666666666666
P469538,oily,67,4.313432835820896,0.8208955223880597
P469544,combination,35,4.285714285714286,0.8571428571428571
P469544,dry,7,4.428571428571429,0.7142857142857143
P469544,normal,6,3.0,0.5
P469544,oily,10,4.5,0.9
P469818,combination,127,4.574803149606299,0.937007874015748
P469818,dry,24,4.416666666666667,0.9166666666666666
P469818,normal,16,4.5625,0.875
P469818,oily,36,4.5,0.9166666666666666
P469831,combination,36,4.611111111111111,0.9166666666666666
P469831,dry,19,4.2631578947368425,0.7894736842105263
P469831,normal,5,4.6,1.0
P469831,oily,6,4.833333333333333,1.0
P469832,combination,36,4.583333333333333,0.9166666666666666
P469832,dry,6,4.0,0.6666666666666666
P469832,normal,7,3.857142857142857,0.8571428571428571
P469832,oily,6,4.333333333333333,1.0
P469833,combination,28,4.928571428571429,1.0
P469833,dry,13,4.769230769230769,0.9230769230769231
P469833,normal,4,4.5,1.0
P469833,oily,6,4.166666666666667,0.8333333333333334
P469862,combination,122,4.352459016393443,0.8524590163934426
P469862,dry,54,4.5,0.9259259259259259
P469862,normal,24,4.291666666666667,0.8333333333333334
P469862,oily,18,4.277777777777778,0.8333333333333334
P470007,combination,82,4.121951219512195,0.7682926829268293
P470007,dry,30,4.266666666666667,0.8333333333333334
P470007,normal,29,4.344827586206897,0.7586206896551724
P470007,oily,13,3.923076923076923,0.8461538461538461
P470024,combination,420,4.402380952380953,0.8833333333333333
P470024,dry,121,4.305785123966942,0.8429752066115702
P470024,normal,81,4.271604938271605,0.8271604938271605
P470024,oily,80,4.3375,0.8375
P470040,combination,65,4.615384615384615,0.9384615384615385
P470040,dry,7,3.2857142857142856,0.5714285714285714
P470040,normal,31,4.612903225806452,0.9354838709677419
P470040,oily,98,4.448979591836735,0.8775510204081632
P470041,combination,572,4.29020979020979,0.8776223776223776
P470041,dry,184,4.032608695652174,0.7880434782608695
P470041,normal,120,4.308333333333334,0.875
P470041,oily,162,4.246913580246914,0.8641975308641975
P470048,combination,28,4.142857142857143,0.75
P470048,dry,2,5.0,1.0
P470048,normal,6,3.6666666666666665,0.6666666666666666
P470048,oily,1,3.0,1.0
P470049,combination,16,4.3125,0.8125
P470049,dry,10,4.5,0.9
P470049,normal,7,5.0,1.0
P470049,oily,6,5.0,1.0
P470057,combination,248,3.9475806451612905,0.7540322580645161
P470057,dry,72,4.0,0.75
P470057,normal,49,4.040816326530612,0.7142857142857143
P470057,oily,69,3.8260869565217392,0.7101449275362319
P470058,combination,151,4.516556291390729,0.8874172185430463
P470058,dry,47,4.23404255319149,0.8297872340425532
P470058,normal,32,4.25,0.875
P470058,oily,26,4.5,0.8846153846153846
P470065,combination,197,4.441624365482234,0.8730964467005076
P470065,dry,58,4.4655172413793105,0.896551724137931
P470065,normal,48,4.4375,0.875
P470065,oily,41,4.390243902439025,0.9024390243902439
P470217,combination,93,4.225806451612903,0.8279569892473119
P470217,dry,46,4.195652173913044,0.7608695652173914
P470217,normal,28,4.392857142857143,0.8928571428571429
P470217,oily,24,4.458333333333333,0.9166666666666666
P470221,combination,176,4.704545454545454,0.9431818181818182
P470221,dry,63,4.603174603174603,0.9523809523809523
P470221,normal,25,4.84,1.0
P470221,oily,40,4.6,0.875
P470227,combination,204,4.784313725490196,0.9754901960784313
P470227,dry,50,4.64,0.96
P470227,normal,56,4.660714285714286,0.9285714285714286
P470227,oily,51,4.7254901960784315,0.9803921568627451
P470240,combination,62,4.145161290322581,0.7096774193548387
P470240,dry,27,4.185185185185185,0.7777777777777778
P470240,normal,24,4.333333333333333,0.875
P470240,oily,14,4.285714285714286,0.7857142857142857
P470243,combination,279,4.483870967741935,0.9247311827956989
P470243,dry,49,4.63265306122449,0.9795918367346939
P470243,normal,50,4.46,0.96
P470243,oily,82,4.463414634146342,0.9634146341463414
P470245,combination,18,4.166666666666667,0.8333333333333334
P470245,dry,6,4.833333333333333,1.0
P470245,normal,6,5.0,1.0
P470245,oily,4,4.75,1.0
P470247,combination,20,4.75,0.95
P470247,dry,2,5.0,1.0
P470247,normal,2,5.0,1.0
P470247,oily,9,4.888888888888889,1.0
P470255,combination,1740,4.281034482758621,0.8143678160919541
P470255,dry,564,4.2712765957446805,0.8226950354609929
P470255,normal,443,4.205417607223477,0.7923250564334086
P470255,oily,479,4.2045929018789145,0.7974947807933194
P470259,combination,454,3.66079295154185,0.6828193832599119
P470259,dry,156,3.782051282051282,0.7243589743589743
P470259,normal,114,3.6403508771929824,0.6666666666666666
P470259,oily,172,3.7267441860465116,0.7093023255813954
P470506,combination,353,4.526912181303116,0.9291784702549575
P470506,dry,143,4.34965034965035,0.8811188811188811
P470506,normal,98,4.571428571428571,0.9285714285714286
P470506,oily,64,4.390625,0.859375
P470507,combination,278,4.370503597122302,0.8669064748201439
P470507,dry,39,4.3076923076923075,0.8717948717948718
P470507,normal,44,4.204545454545454,0.7954545454545454
P470507,oily,64,4.40625,0.859375
P470509,combination,197,4.258883248730965,0.8477157360406091
P470509,dry,174,4.17816091954023,0.7816091954022989
P470509,normal,90,4.366666666666666,0.8777777777777778
P470509,oily,28,4.107142857142857,0.75
P470510,combination,15,3.8,0.6666666666666666
P470510,dry,9,3.4444444444444446,0.4444444444444444
P470510,normal,5,3.8,0.6
P470510,oily,2,3.0,0.5
P470529,combination,804,4.532338308457711,0.8942786069651741
P470529,dry,289,4.366782006920415,0.8235294117647058
P470529,normal,140,4.485714285714286,0.8857142857142857
P470529,oily,151,4.317880794701987,0.847682119205298
P470533,combination,20,4.75,0.95
P470533,dry,5,4.6,0.8
P470533,normal,5,5.0,1.0
P470533,oily,6,5.0,1.0
P470535,combination,63,4.7936507936507935,0.9841269841269841
P470535,dry,23,4.739130434782608,0.9130434782608695
P470535,normal,19,4.631578947368421,0.8947368421052632
P470535,oily,12,4.583333333333333,0.9166666666666666
P470536,combination,464,4.644396551724138,0.959051724137931
P470536,dry,142,4.669014084507042,0.9577464788732394
P470536,normal,135,4.622222222222222,0.9629629629629629
P470536,oily,102,4.617647058823529,0.9411764705882353
P471000,combination,102,4.6568627450980395,0.9117647058823529
P471000,dry,24,4.75,0.9583333333333334
P471000,normal,24,4.875,1.0
P471000,oily,15,4.6,0.9333333333333333
P471003,combination,331,4.398791540785498,0.8942598187311178
P471003,dry,94,4.6063829787234045,0.9468085106382979
P471003,normal,92,4.478260869565218,0.9130434782608695
P471003,oily,78,4.3076923076923075,0.8589743589743589
P471009,combination,123,4.617886178861789,0.9512195121951219
P471009,dry,27,4.2592592592592595,0.8148148148148148
P471009,normal,19,4.684210526315789,0.9473684210526315
P471009,oily,16,4.4375,0.8125
P471025,combination,456,4.350877192982456,0.8618421052631579
P471025,dry,231,4.354978354978355,0.8831168831168831
P471025,normal,127,4.118110236220472,0.7952755905511811
P471025,oily,83,4.36144578313253,0.8554216867469879
P471029,combination,410,4.060975609756097,0.7804878048780488
P471029,dry,173,4.063583815028902,0.8034682080924855
P471029,normal,126,4.031746031746032,0.8015873015873016
P471029,oily,98,4.112244897959184,0.7755102040816326
P471033,combination,74,4.445945945945946,0.8648648648648649
P471033,dry,93,4.473118279569892,0.8709677419354839
P471033,normal,25,4.0,0.76
P471033,oily,13,4.153846153846154,0.7692307692307693
P471037,combination,187,4.577540106951871,0.893048128342246
P471037,dry,68,4.485294117647059,0.8823529411764706
P471037,normal,72,4.652777777777778,0.9027777777777778
P471037,oily,44,4.7272727272727275,0.9545454545454546
P471038,combination,93,4.537634408602151,0.8709677419354839
P471038,dry,39,4.17948717948718,0.7692307692307693
P471038,normal,33,4.606060606060606,0.8787878787878788
P471038,oily,22,4.090909090909091,0.8181818181818182
P471039,combination,128,4.046875,0.8203125
P471039,dry,45,4.2444444444444445,0.8222222222222222
P471039,normal,28,4.428571428571429,0.8571428571428571
P471039,oily,35,4.057142857142857,0.8
P471040,combination,45,4.133333333333334,0.8
P471040,dry,5,4.8,1.0
P471040,normal,15,4.666666666666667,0.8666666666666667
P471040,oily,10,4.2,0.8
P471041,combination,61,4.147540983606557,0.8032786885245902
P471041,dry,18,3.888888888888889,0.7222222222222222
P471041,normal,17,4.764705882352941,0.9411764705882353
P471041,oily,15,4.6,0.9333333333333333
P471042,combination,42,4.5,0.8571428571428571
P471042,dry,14,4.142857142857143,0.7142857142857143
P471042,normal,15,4.6,0.8666666666666667
P471042,oily,9,4.111111111111111,0.7777777777777778
P471043,combination,343,4.524781341107872,0.9067055393586005
P471043,dry,136,4.455882352941177,0.8897058823529411
P471043,normal,92,4.413043478260869,0.8586956521739131
P471043,oily,60,4.383333333333334,0.8666666666666667
P471045,combination,62,4.483870967741935,0.9193548387096774
P471045,dry,11,4.363636363636363,0.8181818181818182
P471045,normal,7,3.857142857142857,0.7142857142857143
P471045,oily,13,4.384615384615385,0.9230769230769231
P471046,combination,568,4.507042253521127,0.9190140845070423
P471046,dry,197,4.50253807106599,0.9086294416243654
P471046,normal,133,4.496240601503759,0.9097744360902256
P471046,oily,108,4.453703703703703,0.8981481481481481
P471062,combination,28,4.571428571428571,0.8928571428571429
P471062,dry,5,5.0,1.0
P471062,normal,7,4.428571428571429,0.8571428571428571
P471064,combination,19,2.736842105263158,0.42105263157894735
P471064,dry,1,5.0,1.0
P471064,normal,4,2.25,0.25
P471064,oily,13,2.0,0.15384615384615385
P471065,combination,426,4.326291079812207,0.8661971830985915
P471065,dry,145,4.268965517241379,0.8275862068965517
P471065,normal,118,4.364406779661017,0.8813559322033898
P471065,oily,98,4.295918367346939,0.8673469387755102
P471085,combination,23,3.5652173913043477,0.7391304347826086
P471085,dry,3,3.6666666666666665,0.6666666666666666
P471085,normal,7,3.7142857142857144,0.5714285714285714
P471085,oily,3,3.6666666666666665,1.0
P471086,combination,15,4.2,0.8
P471086,dry,8,4.25,0.875
P471086,normal,3,5.0,1.0
P471086,oily,1,5.0,1.0
P471097,combination,74,4.472972972972973,0.8783783783783784
P471097,dry,27,4.666666666666667,0.9629629629629629
P471097,normal,17,4.647058823529412,0.8823529411764706
P471097,oily,10,4.6,0.9
P471101,combination,264,4.420454545454546,0.9015151515151515
P471101,dry,94,4.26595744680851,0.8723404255319149
P471101,normal,68,4.4411764705882355,0.8823529411764706
P471101,oily,62,4.161290322580645,0.8387096774193549
P471111,combination,261,4.766283524904215,0.9731800766283525
P471111,dry,77,4.766233766233766,0.974025974025974
P471111,normal,43,4.790697674418604,0.9534883720930233
P471111,oily,79,4.6835443037974684,0.9746835443037974
P471226,combination,421,4.403800475059382,0.8669833729216152
P471226,dry,117,4.478632478632479,0.8974358974358975
P471226,normal,71,4.197183098591549,0.8028169014084507
P471226,oily,80,4.3375,0.8875
P471227,combination,145,4.537931034482758,0.8896551724137931
P471227,dry,46,4.521739130434782,0.9130434782608695
P471227,normal,28,4.428571428571429,0.7857142857142857
P471227,oily,17,3.7058823529411766,0.6470588235294118
P471237,combination,962,4.604989604989605,0.920997920997921
P471237,dry,374,4.521390374331551,0.8770053475935828
P471237,normal,245,4.563265306122449,0.9142857142857143
P471237,oily,184,4.646739130434782,0.9402173913043478
P471535,combination,688,4.524709302325581,0.9375
P471535,dry,204,4.450980392156863,0.8970588235294118
P471535,normal,175,4.457142857142857,0.92
P471535,oily,163,4.5030674846625764,0.9325153374233128
P471541,combination,113,4.336283185840708,0.8053097345132744
P471541,dry,32,4.0,0.75
P471541,normal,16,3.6875,0.6875
P471541,oily,21,4.571428571428571,0.9047619047619048
P471546,combination,2552,4.006269592476489,0.7542198435570193
P471546,dry,1062,4.0386064030131825,0.7705882352941177
P471546,normal,500,4.04,0.7583333333333333
P471546,oily,524,3.8301526717557253,0.7163265306122449
P471547,combination,17,4.352941176470588,0.8235294117647058
P471547,dry,8,3.75,0.625
P471547,normal,5,4.0,0.8
P471547,oily,2,5.0,1.0
P471566,combination,27,4.296296296296297,0.8518518518518519
P471566,dry,10,3.9,0.7
P471566,normal,6,4.5,0.8333333333333334
P471566,oily,9,4.0,0.7777777777777778
P471567,combination,61,4.409836065573771,0.8852459016393442
P471567,dry,14,4.285714285714286,0.7857142857142857
P471567,normal,9,4.888888888888889,0.8888888888888888
P471567,oily,8,4.75,0.875
P471761,combination,70,4.385714285714286,0.8571428571428571
P471761,dry,18,4.333333333333333,0.8888888888888888
P471761,normal,16,4.4375,0.9375
P471761,oily,7,4.0,0.7142857142857143
P471788,combination,352,4.497159090909091,0.8561151079136691
P471788,dry,83,4.506024096385542,0.868421052631579
P471788,normal,61,4.704918032786885,0.896551724137931
P471788,oily,102,4.411764705882353,0.7954545454545454
P471793,combination,92,4.695652173913044,0.9347826086956522
P471793,dry,41,4.609756097560975,0.926829268292683
P471793,normal,23,4.565217391304348,0.8695652173913043
P471793,oily,9,4.666666666666667,0.8888888888888888
P472021,combination,173,4.676300578034682,0.9421965317919075
P472021,dry,82,4.646341463414634,0.9146341463414634
P472021,normal,38,4.657894736842105,0.9210526315789473
P472021,oily,31,4.645161290322581,0.967741935483871
P472022,combination,22,4.545454545454546,0.9090909090909091
P472022,dry,3,5.0,1.0
P472022,normal,9,4.0,1.0
P472022,oily,5,5.0,1.0
P472023,combination,115,4.791304347826087,0.9652173913043478
P472023,dry,36,4.833333333333333,0.9722222222222222
P472023,normal,32,4.84375,1.0
P472023,oily,13,4.538461538461538,0.9230769230769231
P472024,combination,31,4.67741935483871,0.9354838709677419
P472024,dry,18,4.666666666666667,1.0
P472024,normal,8,5.0,1.0
P472024,oily,4,5.0,1.0
P472025,combination,53,4.679245283018868,0.9245283018867925
P472025,dry,78,4.858974358974359,0.9743589743589743
P472025,normal,46,4.630434782608695,0.9130434782608695
P472025,oily,11,4.818181818181818,1.0
P472028,combination,585,4.3760683760683765,0.882051282051282
P472028,dry,195,4.4051282051282055,0.9128205128205128
P472028,normal,198,4.414141414141414,0.9191919191919192
P472028,oily,105,4.333333333333333,0.8857142857142857
P472031,combination,21,4.476190476190476,0.8571428571428571
P472031,dry,7,4.714285714285714,0.8571428571428571
P472031,normal,5,4.6,0.8
P472031,oily,7,4.571428571428571,0.8571428571428571
P472050,combination,679,4.4300441826215025,0.9410898379970545
P472050,dry,97,4.505154639175258,0.9484536082474226
P472050,normal,97,4.247422680412371,0.865979381443299
P472050,oily,152,4.243421052631579,0.8486842105263158
P472052,combination,194,4.139175257731959,0.8298969072164949
P472052,dry,55,3.981818181818182,0.8
P472052,normal,61,3.721311475409836,0.7049180327868853
P472052,oily,35,4.2,0.8285714285714286
P472057,combination,124,4.25,0.8467741935483871
P472057,dry,51,4.450980392156863,0.8431372549019608
P472057,normal,27,4.518518518518518,0.8888888888888888
P472057,oily,34,4.5,0.8823529411764706
P472302,combination,138,4.760869565217392,0.9637681159420289
P472302,dry,64,4.78125,0.984375
P472302,normal,56,4.839285714285714,0.9464285714285714
P472302,oily,22,4.454545454545454,0.9090909090909091
P472341,combination,25,4.68,0.92
P472341,dry,13,4.538461538461538,0.8461538461538461
P472341,normal,5,3.8,0.6
P472341,oily,5,5.0,1.0
P472343,combination,25,4.88,1.0
P472343,dry,11,3.6363636363636362,0.5454545454545454
P472343,normal,3,4.666666666666667,1.0
P472343,oily,6,4.5,0.8333333333333334
P472448,combination,95,4.631578947368421,0.968421052631579
P472448,dry,33,4.515151515151516,0.9090909090909091
P472448,normal,28,4.642857142857143,0.9642857142857143
P472448,oily,22,4.7727272727272725,1.0
P472451,combination,101,4.742574257425742,0.9603960396039604
P472451,dry,27,4.777777777777778,0.9629629629629629
P472451,normal,11,5.0,1.0
P472451,oily,19,4.684210526315789,0.9473684210526315
P472453,combination,212,4.179245283018868,0.7783018867924528
P472453,dry,180,4.011111111111111,0.7222222222222222
P472453,normal,71,3.8732394366197185,0.676056338028169
P472453,oily,29,3.9310344827586206,0.7241379310344828
P472454,combination,924,4.311688311688312,0.8349056603773585
P472454,dry,305,4.098360655737705,0.8267326732673267
P472454,normal,189,4.1798941798941796,0.8602941176470589
P472454,oily,168,4.2976190476190474,0.8428571428571429
P472455,combination,109,4.752293577981652,0.963302752293578
P472455,dry,46,4.586956521739131,0.8913043478260869
P472455,normal,13,4.076923076923077,0.6923076923076923
P472455,oily,17,4.823529411764706,1.0
P472466,combination,26,3.923076923076923,0.7307692307692307
P472466,dry,11,3.909090909090909,0.6363636363636364
P472466,normal,8,3.875,0.625
P472466,oily,2,5.0,1.0
P472467,combination,41,4.487804878048781,0.8780487804878049
P472467,dry,16,4.125,0.75
P472467,normal,11,4.636363636363637,1.0
P472467,oily,11,4.7272727272727275,1.0
P472468,combination,545,4.611009174311927,0.9467889908256881
P472468,dry,157,4.528662420382165,0.9235668789808917
P472468,normal,132,4.613636363636363,0.9318181818181818
P472468,oily,132,4.5606060606060606,0.9318181818181818
P472469,combination,214,4.4485981308411215,0.8598130841121495
P472469,dry,77,4.298701298701299,0.8441558441558441
P472469,normal,43,4.534883720930233,0.9069767441860465
P472469,oily,35,4.2,0.7714285714285715
P472472,combination,301,4.578073089700997,0.9335548172757475
P472472,dry,83,4.650602409638554,0.927710843373494
P472472,normal,73,4.52054794520548,0.8904109589041096
P472472,oily,54,4.407407407407407,0.8333333333333334
P472810,combination,203,4.763546798029557,0.9704433497536946
P472810,dry,63,4.809523809523809,1.0
P472810,normal,46,4.934782608695652,1.0
P472810,oily,31,4.67741935483871,0.967741935483871
P472981,combination,403,4.607940446650124,0.9404466501240695
P472981,dry,110,4.627272727272727,0.9454545454545454
P472981,normal,108,4.62962962962963,0.9351851851851852
P472981,oily,86,4.5813953488372094,0.9534883720930233
P473126,combination,73,4.726027397260274,0.9726027397260274
P473126,dry,29,4.310344827586207,0.8620689655172413
P473126,normal,17,4.882352941176471,0.9411764705882353
P473126,oily,15,4.733333333333333,0.9333333333333333
P473133,combination,107,4.644859813084112,0.9626168224299065
P473133,dry,34,4.676470588235294,0.9117647058823529
P473133,normal,25,4.48,0.96
P473133,oily,24,4.375,0.8333333333333334
P473148,combination,67,4.432835820895522,0.8955223880597015
P473148,dry,29,4.344827586206897,0.8620689655172413
P473148,normal,18,4.277777777777778,0.8333333333333334
P473148,oily,9,4.222222222222222,0.7777777777777778
P473160,combination,1350,4.468148148148148,0.894074074074074
P473160,dry,434,4.357142857142857,0.868663594470046
P473160,normal,319,4.476489028213166,0.9028213166144201
P473160,oily,268,4.402985074626866,0.8731343283582089
P473172,combination,60,4.7,0.95
P473172,dry,97,4.484536082474227,0.9175257731958762
P473172,normal,29,4.724137931034483,1.0
P473172,oily,7,4.285714285714286,0.8571428571428571
P473267,combination,969,4.17750257997936,0.8968008255933952
P473267,dry,324,4.172839506172839,0.8734567901234568
P473267,normal,237,4.29957805907173,0.9029535864978903
P473267,oily,105,4.133333333333334,0.9047619047619048
P473268,combination,16,3.75,0.6875
P473268,dry,3,5.0,1.0
P473268,normal,3,2.3333333333333335,0.3333333333333333
P473268,oily,3,4.666666666666667,1.0
P473304,combination,83,3.6987951807228914,0.6746987951807228
P473304,dry,31,3.7096774193548385,0.5806451612903226
P473304,normal,28,3.2857142857142856,0.5714285714285714
P473304,oily,14,4.142857142857143,0.7142857142857143
P473322,combination,838,4.558472553699284,0.9379474940334129
P473322,dry,198,4.621212121212121,0.9545454545454546
P473322,normal,249,4.5582329317269075,0.9357429718875502
P473322,oily,173,4.531791907514451,0.930635838150289
P473336,combination,36,4.694444444444445,0.9444444444444444
P473336,dry,14,4.214285714285714,0.8571428571428571
P473336,normal,16,4.0625,0.75
P473336,oily,10,4.9,1.0
P473723,combination,37,4.324324324324325,0.8108108108108109
P473723,dry,20,4.5,0.85
P473723,normal,16,5.0,1.0
P473723,oily,2,5.0,1.0
P473724,combination,28,4.607142857142857,0.9642857142857143
P473724,dry,4,4.75,1.0
P473724,normal,7,4.571428571428571,1.0
P473724,oily,8,5.0,1.0
P473725,combination,120,4.775,0.975
P473725,dry,47,4.808510638297872,0.9574468085106383
P473725,normal,42,4.833333333333333,1.0
P473725,oily,27,4.962962962962963,1.0
P473726,combination,85,4.576470588235294,0.8941176470588236
P473726,dry,30,4.7,0.9333333333333333
P473726,normal,23,4.434782608695652,0.9130434782608695
P473726,oily,20,4.85,1.0
P473728,combination,24,3.8333333333333335,0.6666666666666666
P473728,dry,11,3.727272727272727,0.6363636363636364
P473728,normal,13,3.769230769230769,0.6153846153846154
P473728,oily,5,4.0,0.8
P473729,combination,91,4.483516483516484,0.8681318681318682
P473729,dry,32,4.625,0.9375
P473729,normal,40,4.4,0.775
P473729,oily,28,4.392857142857143,0.8571428571428571
P473820,combination,644,4.302795031055901,0.8928571428571429
P473820,dry,169,4.349112426035503,0.8875739644970414
P473820,normal,169,4.408284023668639,0.8994082840236687
P473820,oily,92,4.173913043478261,0.8586956521739131
P473828,combination,199,4.49748743718593,0.9246231155778895
P473828,dry,105,4.580952380952381,0.9428571428571428
P473828,normal,74,4.635135135135135,0.972972972972973
P473828,oily,45,4.533333333333333,0.9333333333333333
P474060,combination,287,4.512195121951219,0.8815331010452961
P474060,dry,52,4.269230769230769,0.7884615384615384
P474060,normal,55,4.6,0.9090909090909091
P474060,oily,103,4.70873786407767,0.9223300970873787
P474068,combination,90,4.655555555555556,0.9555555555555556
P474068,dry,46,4.326086956521739,0.8913043478260869
P474068,normal,23,4.521739130434782,0.9565217391304348
P474068,oily,22,4.2727272727272725,0.9090909090909091
P474075,combination,201,4.746268656716418,0.9751243781094527
P474075,dry,58,4.793103448275862,1.0
P474075,normal,29,4.793103448275862,0.9655172413793104
P474075,oily,49,4.612244897959184,0.9183673469387755
P474078,combination,282,4.280141843971631,0.7894736842105263
P474078,dry,26,4.076923076923077,0.6363636363636364
P474078,normal,41,4.487804878048781,0.875
P474078,oily,146,4.205479452054795,0.7878787878787878
P474079,combination,259,4.231660231660232,0.8918918918918919
P474079,dry,75,4.413333333333333,0.96
P474079,normal,59,4.406779661016949,0.9661016949152542
P474079,oily,63,4.126984126984127,0.8571428571428571
P474107,combination,26,4.653846153846154,0.8461538461538461
P474107,dry,9,5.0,1.0
P474107,normal,6,4.166666666666667,0.5
P474107,oily,4,5.0,1.0
P474109,combination,36,4.694444444444445,0.9166666666666666
P474109,dry,14,4.928571428571429,1.0
P474109,normal,4,4.5,1.0
P474109,oily,8,4.75,1.0
P474110,combination,72,4.541666666666667,0.9027777777777778
P474110,dry,29,4.827586206896552,0.9655172413793104
P474110,normal,8,4.875,1.0
P474110,oily,3,4.666666666666667,1.0
P474111,combination,29,4.862068965517241,1.0
P474111,dry,11,4.454545454545454,0.9090909090909091
P474111,normal,9,4.333333333333333,0.8888888888888888
P474111,oily,3,4.333333333333333,1.0
P474113,combination,91,3.989010989010989,0.7692307692307693
P474113,dry,29,4.379310344827586,0.8620689655172413
P474113,normal,20,4.0,0.7
P474113,oily,11,3.8181818181818183,0.7272727272727273
P474115,combination,24,4.833333333333333,1.0
P474115,dry,13,4.923076923076923,1.0
P474115,normal,7,4.428571428571429,1.0
P474115,oily,3,5.0,1.0
P474116,combination,24,4.5,0.9166666666666666
P474116,dry,13,4.538461538461538,0.9230769230769231
P474116,normal,6,5.0,1.0
P474116,oily,4,3.5,0.75
P474117,combination,91,3.989010989010989,0.7692307692307693
P474117,dry,29,4.379310344827586,0.8620689655172413
P474117,normal,20,4.0,0.7
P474117,oily,11,3.8181818181818183,0.7272727272727273
P474118,combination,26,4.269230769230769,0.8076923076923077
P474118,dry,8,4.75,1.0
P474118,normal,1,5.0,1.0
P474118,oily,2,4.5,1.0
P474121,combination,55,4.581818181818182,0.9454545454545454
P474121,dry,14,4.928571428571429,1.0
P474121,normal,16,4.6875,0.9375
P474121,oily,5,5.0,1.0
P474122,combination,35,4.857142857142857,1.0
P474122,dry,11,4.818181818181818,1.0
P474122,normal,11,4.545454545454546,0.9090909090909091
P474122,oily,7,4.857142857142857,1.0
P474125,combination,19,4.631578947368421,0.8947368421052632
P474125,dry,2,5.0,1.0
P474125,normal,1,5.0,1.0
P474125,oily,3,4.666666666666667,1.0
P474304,combination,286,4.381118881118881,0.8916083916083916
P474304,dry,98,4.408163265306122,0.8979591836734694
P474304,normal,66,4.4393939393939394,0.9242424242424242
P474304,oily,72,4.527777777777778,0.9027777777777778
P474325,combination,136,4.3161764705882355,0.8455882352941176
P474325,dry,22,4.5,0.9090909090909091
P474325,normal,16,4.3125,0.75
P474325,oily,33,4.2727272727272725,0.8181818181818182
P474326,combination,105,3.8095238095238093,0.638095238095238
P474326,dry,61,3.6065573770491803,0.639344262295082
P474326,normal,46,3.9347826086956523,0.6956521739130435
P474326,oily,11,4.0,0.7272727272727273
P474329,combination,97,4.711340206185567,0.9381443298969072
P474329,dry,48,4.520833333333333,0.8958333333333334
P474329,normal,29,4.344827586206897,0.8620689655172413
P474329,oily,17,4.882352941176471,1.0
P474330,combination,163,4.288343558282208,0.8711656441717791
P474330,dry,58,4.206896551724138,0.8793103448275862
P474330,normal,31,4.290322580645161,0.8064516129032258
P474330,oily,32,4.125,0.8125
P474332,combination,166,4.403614457831325,0.9156626506024096
P474332,dry,53,4.433962264150943,0.9056603773584906
P474332,normal,46,4.391304347826087,0.9565217391304348
P474332,oily,31,4.516129032258065,0.9354838709677419
P474333,combination,161,4.391304347826087,0.906832298136646
P474333,dry,41,4.024390243902439,0.7804878048780488
P474333,normal,38,4.342105263157895,0.8947368421052632
P474333,oily,40,4.4,0.925
P474340,combination,247,4.550607287449393,0.9311740890688259
P474340,dry,63,4.650793650793651,0.9206349206349206
P474340,normal,66,4.681818181818182,0.9393939393939394
P474340,oily,54,4.592592592592593,0.9814814814814815
P474371,combination,58,4.293103448275862,0.8620689655172413
P474371,dry,49,4.224489795918367,0.8367346938775511
P474371,normal,45,4.488888888888889,0.9555555555555556
P474371,oily,7,4.285714285714286,1.0
P474376,combination,19,4.105263157894737,0.7894736842105263
P474376,dry,9,3.2222222222222223,0.5555555555555556
P474376,normal,4,3.5,0.5
P474376,oily,4,3.75,0.75
P474377,combination,581,4.5524956970740105,0.9001721170395869
P474377,dry,217,4.529953917050691,0.8847926267281107
P474377,normal,161,4.540372670807454,0.8944099378881988
P474377,oily,129,4.612403100775194,0.9302325581395349
P474809,combination,103,4.699029126213592,0.9514563106796117
P474809,dry,50,4.52,0.9
P474809,normal,24,4.708333333333333,0.9583333333333334
P474809,oily,29,4.344827586206897,0.7931034482758621
P474822,combination,224,4.776785714285714,0.9776785714285714
P474822,dry,33,4.818181818181818,1.0
P474822,normal,44,4.75,0.9772727272727273
P474822,oily,43,4.837209302325581,1.0
P474823,combination,91,4.6923076923076925,0.945054945054945
P474823,dry,25,4.84,0.96
P474823,normal,16,4.875,1.0
P474823,oily,11,4.909090909090909,1.0
P474824,combination,152,4.730263157894737,0.9671052631578947
P474824,dry,39,4.82051282051282,1.0
P474824,normal,28,4.642857142857143,0.9285714285714286
P474824,oily,21,4.666666666666667,1.0
P474825,combination,173,4.46242774566474,0.884393063583815
P474825,dry,50,4.38,0.84
P474825,normal,45,4.5777777777777775,0.9111111111111111
P474825,oily,28,4.75,0.9642857142857143
P474826,combination,171,4.491228070175438,0.9122807017543859
P474826,dry,41,4.439024390243903,0.8780487804878049
P474826,normal,30,4.4,0.8333333333333334
P474826,oily,38,4.368421052631579,0.9210526315789473
P474832,combination,303,4.702970297029703,0.9438943894389439
P474832,dry,162,4.672839506172839,0.9382716049382716
P474832,normal,77,4.753246753246753,0.961038961038961
P474832,oily,48,4.604166666666667,0.9375
P474838,combination,42,4.904761904761905,0.9761904761904762
P474838,dry,17,4.9411764705882355,1.0
P474838,normal,12,4.833333333333333,0.9166666666666666
P474838,oily,13,4.6923076923076925,1.0
P474839,combination,56,4.410714285714286,0.8928571428571429
P474839,dry,20,4.6,0.95
P474839,normal,7,4.285714285714286,1.0
P474839,oily,8,4.0,0.75
P474840,combination,331,4.540785498489426,0.9365558912386707
P474840,dry,101,4.435643564356436,0.8910891089108911
P474840,normal,86,4.511627906976744,0.9302325581395349
P474840,oily,71,4.436619718309859,0.8591549295774648
P474843,combination,83,4.698795180722891,0.9759036144578314
P474843,dry,21,4.809523809523809,1.0
P474843,normal,17,4.705882352941177,0.8823529411764706
P474843,oily,17,4.352941176470588,0.8823529411764706
P474844,combination,57,4.543859649122807,0.8947368421052632
P474844,dry,30,4.666666666666667,0.9
P474844,normal,28,4.714285714285714,0.9642857142857143
P474844,oily,11,4.7272727272727275,1.0
P474936,combination,63,4.26984126984127,0.8095238095238095
P474936,dry,8,4.375,0.875
P474936,normal,3,4.666666666666667,1.0
P474936,oily,62,4.483870967741935,0.8548387096774194
P474937,combination,548,4.4726277372262775,0.8959854014598541
P474937,dry,112,4.294642857142857,0.875
P474937,normal,87,4.666666666666667,0.9310344827586207
P474937,oily,184,4.451086956521739,0.875
P474938,combination,819,4.336996336996337,0.8559218559218559
P474938,dry,123,4.227642276422764,0.8048780487804879
P474938,normal,113,4.3097345132743365,0.8407079646017699
P474938,oily,292,4.390410958904109,0.8732876712328768
P474939,combination,290,4.041379310344827,0.7689655172413793
P474939,dry,41,4.073170731707317,0.7317073170731707
P474939,normal,46,4.195652173913044,0.8043478260869565
P474939,oily,84,3.9047619047619047,0.75
P474940,combination,44,3.409090909090909,0.6136363636363636
P474940,dry,15,3.8,0.6666666666666666
P474940,normal,14,4.285714285714286,0.8571428571428571
P474940,oily,18,3.2777777777777777,0.5
P474953,combination,650,4.352307692307693,0.8784615384615385
P474953,dry,277,4.353790613718411,0.8989169675090253
P474953,normal,248,4.294354838709677,0.8588709677419355
P474953,oily,41,4.341463414634147,0.926829268292683
P474956,combination,22,4.090909090909091,0.8181818181818182
P474956,dry,18,4.5,0.8888888888888888
P474956,normal,8,3.625,0.75
P474956,oily,4,4.5,1.0
P474957,combination,29,3.5517241379310347,0.6206896551724138
P474957,dry,15,3.7333333333333334,0.7333333333333333
P474957,normal,11,3.727272727272727,0.6363636363636364
P474957,oily,13,4.3076923076923075,0.8461538461538461
P474970,combination,26,4.1923076923076925,0.6923076923076923
P474970,dry,11,4.181818181818182,0.8181818181818182
P474970,normal,8,4.5,0.875
P474970,oily,6,3.8333333333333335,0.6666666666666666
P474971,combination,123,4.333333333333333,0.8943089430894309
P474971,dry,27,3.962962962962963,0.8148148148148148
P474971,normal,28,4.607142857142857,0.9642857142857143
P474971,oily,33,4.0,0.7272727272727273
P474972,combination,32,3.34375,0.5625
P474972,dry,19,3.3684210526315788,0.5789473684210527
P474972,normal,11,3.272727272727273,0.6363636363636364
P474972,oily,9,3.2222222222222223,0.4444444444444444
P475084,combination,118,4.279661016949152,0.864406779661017
P475084,dry,28,4.642857142857143,1.0
P475084,normal,35,4.4,0.8571428571428571
P475084,oily,23,4.217391304347826,0.8695652173913043
P475086,combination,149,4.630872483221476,0.959731543624161
P475086,dry,54,4.703703703703703,0.9444444444444444
P475086,normal,42,4.476190476190476,0.9047619047619048
P475086,oily,25,4.8,0.96
P475112,combination,46,4.543478260869565,0.9130434782608695
P475112,dry,7,4.857142857142857,1.0
P475112,normal,13,4.769230769230769,0.9230769230769231
P475112,oily,31,4.354838709677419,0.8064516129032258
P475124,combination,202,4.6138613861386135,0.9207920792079208
P475124,dry,90,4.5777777777777775,0.9
P475124,normal,46,4.695652173913044,0.9565217391304348
P475124,oily,18,4.666666666666667,0.9444444444444444
P475135,combination,183,4.202185792349726,0.8579234972677595
P475135,dry,61,4.360655737704918,0.8688524590163934
P475135,normal,53,4.169811320754717,0.8301886792452831
P475135,oily,47,4.382978723404255,0.8723404255319149
P475143,combination,51,3.823529411764706,0.8627450980392157
P475143,dry,10,3.7,0.8
P475143,normal,4,4.0,0.5
P475143,oily,8,3.25,0.75
P475159,combination,189,4.380952380952381,0.8941798941798942
P475159,dry,28,4.535714285714286,0.8928571428571429
P475159,normal,29,4.482758620689655,0.9310344827586207
P475159,oily,25,4.28,0.88
P475172,combination,58,4.672413793103448,0.9137931034482759
P475172,dry,28,4.642857142857143,0.9285714285714286
P475172,normal,13,4.923076923076923,0.9230769230769231
P475172,oily,5,5.0,1.0
P475180,combination,59,4.135593220338983,0.8135593220338984
P475180,dry,11,4.2727272727272725,1.0
P475180,normal,11,4.7272727272727275,1.0
P475180,oily,12,4.25,0.9166666666666666
P475181,combination,191,3.93717277486911,0.7958115183246073
P475181,dry,59,4.033898305084746,0.8135593220338984
P475181,normal,38,3.736842105263158,0.7368421052631579
P475181,oily,35,3.914285714285714,0.7142857142857143
P475182,combination,232,3.853448275862069,0.7155172413793104
P475182,dry,47,3.851063829787234,0.6808510638297872
P475182,normal,58,4.017241379310345,0.8103448275862069
P475182,oily,47,4.0,0.7659574468085106
P475183,combination,33,4.303030303030303,0.9090909090909091
P475183,dry,6,5.0,1.0
P475183,normal,7,4.142857142857143,0.8571428571428571
P475183,oily,5,4.0,1.0
P475184,combination,32,4.21875,0.875
P475184,dry,8,4.625,1.0
P475184,normal,7,4.428571428571429,0.5714285714285714
P475184,oily,8,3.625,0.5
P475185,combination,215,4.2372093023255815,0.8511627906976744
P475185,dry,76,4.131578947368421,0.881578947368421
P475185,normal,55,4.0,0.8
P475185,oily,37,4.297297297297297,0.8648648648648649
P475186,combination,24,4.041666666666667,0.875
P475186,dry,10,4.6,0.8
P475186,normal,7,4.142857142857143,0.8571428571428571
P475186,oily,3,4.666666666666667,1.0
P475187,combination,23,4.086956521739131,0.782608695652174
P475187,dry,8,4.25,1.0
P475187,normal,6,4.5,1.0
P475188,combination,35,4.257142857142857,0.8285714285714286
P475188,dry,13,3.923076923076923,0.7692307692307693
P475188,normal,15,4.266666666666667,0.8
P475188,oily,9,4.777777777777778,1.0
P475189,combination,35,4.0285714285714285,0.7714285714285715
P475189,dry,12,4.5,0.9166666666666666
P475189,normal,7,4.428571428571429,0.8571428571428571
P475189,oily,12,3.9166666666666665,0.75
P475190,combination,198,4.095959595959596,0.8434343434343434
P475190,dry,55,3.963636363636364,0.7818181818181819
P475190,normal,58,4.120689655172414,0.8620689655172413
P475190,oily,40,3.925,0.725
P475192,combination,28,4.178571428571429,0.8571428571428571
P475192,dry,10,3.1,0.5
P475192,normal,7,4.428571428571429,1.0
P475192,oily,5,3.8,0.6
P475193,combination,29,4.310344827586207,0.896551724137931
P475193,dry,11,4.363636363636363,0.8181818181818182
P475193,normal,5,4.0,0.8
P475193,oily,2,4.5,1.0
P475194,combination,154,4.337662337662338,0.8896103896103896
P475194,dry,41,4.170731707317073,0.926829268292683
P475194,normal,36,4.277777777777778,0.8333333333333334
P475194,oily,32,4.0625,0.75
P475195,combination,31,3.967741935483871,0.8709677419354839
P475195,dry,15,3.8666666666666667,0.7333333333333333
P475195,normal,4,4.5,1.0
P475195,oily,3,4.333333333333333,1.0
P475196,combination,23,4.0,0.9130434782608695
P475196,dry,7,4.714285714285714,1.0
P475196,normal,2,4.5,1.0
P475196,oily,10,4.4,0.9
P475197,combination,32,3.90625,0.8125
P475197,dry,2,3.0,0.5
P475197,normal,4,4.75,1.0
P475197,oily,16,4.3125,0.8125
P475200,combination,31,3.870967741935484,0.6774193548387096
P475200,dry,3,4.333333333333333,1.0
P475200,normal,6,3.3333333333333335,0.6666666666666666
P475200,oily,1,4.0,1.0
P475201,combination,103,4.262135922330097,0.8932038834951457
P475201,dry,37,4.405405405405405,0.9459459459459459
P475201,normal,28,4.0,0.8571428571428571
P475201,oily,14,4.5,0.9285714285714286
P475203,combination,215,4.2372093023255815,0.8511627906976744
P475203,dry,76,4.131578947368421,0.881578947368421
P475203,normal,55,4.0,0.8
P475203,oily,37,4.297297297297297,0.8648648648648649
P475204,combination,34,4.235294117647059,0.9117647058823529
P475204,dry,7,3.142857142857143,0.42857142857142855
P475204,normal,3,4.333333333333333,0.6666666666666666
P475204,oily,4,4.5,1.0
P475540,combination,44,4.795454545454546,0.9772727272727273
P475540,dry,34,4.823529411764706,0.9705882352941176
P475540,normal,12,4.25,0.8333333333333334
P475540,oily,8,4.625,0.875
P475543,combination,411,4.311435523114355,0.829683698296837
P475543,dry,154,4.298701298701299,0.8246753246753247
P475543,normal,79,4.063291139240507,0.7468354430379747
P475543,oily,93,4.150537634408602,0.7849462365591398
P475589,combination,572,4.472027972027972,0.9143356643356644
P475589,dry,136,4.419117647058823,0.8970588235294118
P475589,normal,119,4.436974789915967,0.8823529411764706
P475589,oily,132,4.431818181818182,0.9166666666666666
P475590,combination,23,3.4347826086956523,0.6086956521739131
P475590,dry,3,3.0,0.3333333333333333
P475590,normal,9,3.4444444444444446,0.5555555555555556
P475590,oily,5,4.2,0.8
P475629,combination,179,4.687150837988827,0.9217877094972067
P475629,dry,62,4.467741935483871,0.8709677419354839
P475629,normal,42,4.380952380952381,0.8571428571428571
P475629,oily,43,4.4186046511627906,0.8837209302325582
P475630,combination,329,4.729483282674772,0.9544072948328267
P475630,dry,100,4.5,0.9
P475630,normal,83,4.686746987951807,0.9397590361445783
P475630,oily,66,4.712121212121212,0.9696969696969697
P475906,combination,40,4.075,0.75
P475906,dry,17,4.176470588235294,0.8235294117647058
P475906,normal,12,4.75,1.0
P475906,oily,6,4.333333333333333,0.8333333333333334
P475907,combination,44,3.977272727272727,0.7727272727272727
P475907,dry,13,4.076923076923077,0.7692307692307693
P475907,normal,15,4.066666666666666,0.7333333333333333
P475907,oily,9,3.6666666666666665,0.6666666666666666
P475908,combination,1109,4.404869251577998,0.8854824165915239
P475908,dry,311,4.35048231511254,0.864951768488746
P475908,normal,280,4.382142857142857,0.8821428571428571
P475908,oily,234,4.5,0.8931623931623932
P475921,combination,515,4.215533980582524,0.8524271844660194
P475921,dry,179,4.346368715083799,0.888268156424581
P475921,normal,123,4.186991869918699,0.8373983739837398
P475921,oily,92,4.0978260869565215,0.8260869565217391
P475932,combination,126,4.523809523809524,0.8809523809523809
P475932,dry,41,4.097560975609756,0.7804878048780488
P475932,normal,21,4.238095238095238,0.8095238095238095
P475932,oily,27,4.62962962962963,0.9259259259259259
P475951,combination,193,4.601036269430052,0.9222797927461139
P475951,dry,107,4.607476635514018,0.9439252336448598
P475951,normal,48,4.541666666666667,0.9166666666666666
P475951,oily,24,4.5,0.8333333333333334
P476009,combination,98,4.673469387755102,0.9693877551020408
P476009,dry,37,4.756756756756757,0.9459459459459459
P476009,normal,13,4.6923076923076925,0.9230769230769231
P476009,oily,15,4.533333333333333,1.0
P476010,combination,107,4.700934579439252,0.9345794392523364
P476010,dry,30,4.733333333333333,0.9333333333333333
P476010,normal,19,4.631578947368421,0.9473684210526315
P476010,oily,22,4.7272727272727275,0.9545454545454546
P476028,combination,105,4.504761904761905,0.8761904761904762
P476028,dry,49,4.510204081632653,0.8775510204081632
P476028,normal,32,4.5,0.8125
P476028,oily,23,4.086956521739131,0.782608695652174
P476414,combination,928,4.670258620689655,0.9461206896551724
P476414,dry,327,4.623853211009174,0.944954128440367
P476414,normal,236,4.610169491525424,0.9449152542372882
P476414,oily,192,4.505208333333333,0.9166666666666666
P476415,combination,264,4.632575757575758,0.9356060606060606
P476415,dry,47,4.617021276595745,0.9361702127659575
P476415,normal,43,4.534883720930233,0.9302325581395349
P476415,oily,71,4.309859154929577,0.8309859154929577
P476428,combination,92,4.619565217391305,0.9456521739130435
P476428,dry,10,4.3,0.8
P476428,normal,14,4.428571428571429,0.9285714285714286
P476428,oily,23,4.478260869565218,0.9130434782608695
P476436,combination,24,4.875,1.0
P476436,dry,4,4.0,0.75
P476436,normal,6,5.0,1.0
P476436,oily,3,5.0,1.0
P476447,combination,111,4.297297297297297,0.8738738738738738
P476447,dry,19,4.2105263157894735,0.8421052631578947
P476447,normal,23,4.3478260869565215,0.8695652173913043
P476447,oily,15,4.133333333333334,0.8
P476459,combination,125,4.256,0.824
P476459,dry,23,4.260869565217392,0.7391304347826086
P476459,normal,29,4.206896551724138,0.7931034482758621
P476459,oily,19,4.157894736842105,0.7894736842105263
P476485,combination,20,4.45,0.9
P476485,dry,5,4.0,0.6
P476485,normal,8,4.625,0.875
P476485,oily,2,5.0,1.0
P476513,combination,650,4.352307692307693,0.8784615384615385
P476513,dry,277,4.353790613718411,0.8989169675090253
P476513,normal,248,4.294354838709677,0.8588709677419355
P476513,oily,41,4.341463414634147,0.926829268292683
P476538,combination,110,4.427272727272728,0.8909090909090909
P476538,dry,20,4.6,1.0
P476538,normal,21,4.380952380952381,0.8571428571428571
P476538,oily,12,4.416666666666667,0.8333333333333334
P476540,combination,37,4.135135135135135,0.8108108108108109
P476540,dry,19,3.6842105263157894,0.6842105263157895
P476540,normal,7,4.0,0.7142857142857143
P476540,oily,8,4.625,0.875
P476553,combination,97,4.123711340206185,0.8041237113402062
P476553,dry,21,4.380952380952381,0.8571428571428571
P476553,normal,21,4.476190476190476,0.9047619047619048
P476553,oily,17,4.0,0.8235294117647058
P476554,combination,98,4.112244897959184,0.7346938775510204
P476554,dry,20,4.55,0.9
P476554,normal,21,4.523809523809524,0.9047619047619048
P476554,oily,17,3.8823529411764706,0.8235294117647058
P476674,combination,43,4.767441860465116,0.9534883720930233
P476674,dry,10,5.0,1.0
P476674,normal,13,4.769230769230769,1.0
P476674,oily,2,4.5,0.5
P476675,combination,42,4.642857142857143,0.9523809523809523
P476675,dry,10,4.7,1.0
P476675,normal,10,4.5,1.0
P476675,oily,3,4.666666666666667,1.0
P476676,combination,27,4.962962962962963,1.0
P476676,dry,13,4.923076923076923,0.9230769230769231
P476676,normal,9,5.0,1.0
P476676,oily,3,5.0,1.0
P476677,combination,16,4.25,0.8125
P476677,dry,5,4.6,1.0
P476677,normal,2,5.0,1.0
P476677,oily,1,5.0,1.0
P476678,combination,48,4.6875,0.9583333333333334
P476678,dry,15,4.6,1.0
P476678,normal,9,4.333333333333333,0.8888888888888888
P476678,oily,3,4.333333333333333,1.0
P476679,combination,52,4.846153846153846,0.9807692307692307
P476679,dry,9,4.888888888888889,1.0
P476679,normal,12,5.0,1.0
P476679,oily,7,4.857142857142857,1.0
P476680,combination,25,4.92,1.0
P476680,dry,8,3.75,0.75
P476680,normal,8,3.875,0.75
P476680,oily,7,4.714285714285714,1.0
P476681,combination,28,4.678571428571429,0.8928571428571429
P476681,dry,1,5.0,1.0
P476681,normal,4,4.75,1.0
P476681,oily,4,4.5,1.0
P476683,combination,70,4.5,0.9285714285714286
P476683,dry,30,4.566666666666666,0.9333333333333333
P476683,normal,15,4.4,1.0
P476683,oily,13,4.461538461538462,0.9230769230769231
P476726,combination,50,4.32,0.94
P476726,dry,6,4.666666666666667,1.0
P476726,normal,12,4.666666666666667,0.9166666666666666
P476726,oily,55,4.2727272727272725,0.8727272727272727
P476729,combination,547,4.621572212065813,0.9360146252285192
P476729,dry,217,4.529953917050691,0.9078341013824884
P476729,normal,120,4.541666666666667,0.9166666666666666
P476729,oily,67,4.313432835820896,0.8208955223880597
P476730,combination,226,4.424778761061947,0.8716814159292036
P476730,dry,80,4.4125,0.8375
P476730,normal,52,4.634615384615385,0.9230769230769231
P476730,oily,39,4.487179487179487,0.9230769230769231
P476731,combination,167,4.5568862275449105,0.9161676646706587
P476731,dry,43,4.627906976744186,0.9302325581395349
P476731,normal,34,4.5,0.9117647058823529
P476731,oily,28,4.535714285714286,0.9285714285714286
P476733,combination,63,4.174603174603175,0.7936507936507936
P476733,dry,13,3.769230769230769,0.7692307692307693
P476733,normal,13,3.8461538461538463,0.6923076923076923
P476733,oily,39,4.0256410256410255,0.7435897435897436
P476736,combination,17,4.882352941176471,1.0
P476736,dry,12,4.583333333333333,1.0
P476736,normal,8,4.625,0.875
P476736,oily,5,4.6,1.0
P476842,combination,12,3.0,0.5
P476842,dry,5,3.0,0.4
P476842,normal,6,2.5,0.3333333333333333
P476842,oily,1,3.0,1.0
P476843,combination,292,4.294520547945205,0.8424657534246576
P476843,dry,85,4.423529411764706,0.8823529411764706
P476843,normal,62,4.258064516129032,0.7741935483870968
P476843,oily,70,4.385714285714286,0.8857142857142857
P476876,combination,226,4.623893805309734,0.9026548672566371
P476876,dry,78,4.653846153846154,0.9487179487179487
P476876,normal,43,4.651162790697675,0.9534883720930233
P476876,oily,46,4.565217391304348,0.9347826086956522
P476893,combination,44,4.318181818181818,0.9090909090909091
P476893,dry,13,4.384615384615385,0.9230769230769231
P476893,normal,7,4.0,0.8571428571428571
P476893,oily,8,4.0,0.75
P476894,combination,52,4.365384615384615,0.9038461538461539
P476894,dry,13,4.6923076923076925,1.0
P476894,normal,9,4.777777777777778,1.0
P476894,oily,6,4.333333333333333,0.8333333333333334
P477157,combination,332,4.623493975903615,0.8945783132530121
P477157,dry,137,4.7153284671532845,0.9343065693430657
P477157,normal,74,4.6891891891891895,0.9324324324324325
P477157,oily,62,4.693548387096774,0.9354838709677419
P477202,combination,30,4.633333333333334,0.9
P477202,dry,10,4.5,0.9
P477202,normal,11,4.454545454545454,0.9090909090909091
P477202,oily,6,4.666666666666667,0.8333333333333334
P477413,combination,30,4.7,0.9666666666666667
P477413,dry,10,4.4,0.9
P477413,normal,4,4.75,0.75
P477413,oily,4,5.0,1.0
P477492,combination,117,4.504273504273504,0.905982905982906
P477492,dry,52,4.576923076923077,0.9423076923076923
P477492,normal,24,4.875,0.9583333333333334
P477492,oily,25,4.28,0.92
P477714,combination,15,3.6,0.6666666666666666
P477714,dry,16,4.25,0.8125
P477714,normal,5,4.4,0.8
P477714,oily,4,5.0,1.0
P477830,combination,337,4.421364985163205,0.8456973293768546
P477830,dry,121,4.43801652892562,0.8429752066115702
P477830,normal,95,4.273684210526316,0.8315789473684211
P477830,oily,65,4.292307692307692,0.8307692307692308
P477961,combination,92,4.771739130434782,0.967391304347826
P477961,dry,31,4.741935483870968,0.9354838709677419
P477961,normal,28,4.5,0.8928571428571429
P477961,oily,15,4.8,0.9333333333333333
P477985,combination,266,4.593984962406015,0.943609022556391
P477985,dry,94,4.5,0.8829787234042553
P477985,normal,63,4.444444444444445,0.8888888888888888
P477985,oily,63,4.523809523809524,0.9682539682539683
P478020,combination,38,4.578947368421052,0.868421052631579
P478020,dry,13,4.384615384615385,0.8461538461538461
P478020,normal,10,4.8,1.0
P478020,oily,2,3.0,0.5
P478021,combination,37,4.891891891891892,1.0
P478021,dry,12,4.333333333333333,0.8333333333333334
P478021,normal,9,4.777777777777778,1.0
P478021,oily,4,4.75,1.0
P478029,combination,173,4.433526011560693,0.9017341040462428
P478029,dry,77,4.376623376623376,0.8831168831168831
P478029,normal,47,4.319148936170213,0.8085106382978723
P478029,oily,45,4.555555555555555,0.9333333333333333
P478030,combination,1532,3.6201044386422976,0.6527415143603134
P478030,dry,655,3.66412213740458,0.650381679389313
P478030,normal,370,3.535135135135135,0.6054054054054054
P478030,oily,391,3.5626598465473145,0.6214833759590793
P478239,combination,97,4.670103092783505,0.9381443298969072
P478239,dry,9,4.777777777777778,1.0
P478239,normal,8,4.5,1.0
P478239,oily,29,4.482758620689655,0.9310344827586207
P478274,combination,12,3.75,0.5
P478274,dry,6,3.6666666666666665,0.5
P478274,normal,7,2.7142857142857144,0.2857142857142857
P478731,combination,134,4.597014925373134,0.9402985074626866
P478731,dry,45,4.533333333333333,0.9111111111111111
P478731,normal,49,4.714285714285714,0.9795918367346939
P478731,oily,23,4.782608695652174,0.9565217391304348
P479125,combination,379,4.535620052770448,0.8970976253298153
P479125,dry,149,4.416107382550336,0.8590604026845637
P479125,normal,90,4.488888888888889,0.8777777777777778
P479125,oily,65,4.2615384615384615,0.8461538461538461
P479304,combination,263,4.524714828897339,0.8897338403041825
P479304,dry,119,4.352941176470588,0.8319327731092437
P479304,normal,75,4.386666666666667,0.8933333333333333
P479304,oily,55,4.472727272727273,0.8545454545454545
P479313,combination,72,4.694444444444445,0.9305555555555556
P479313,dry,34,4.735294117647059,0.9411764705882353
P479313,normal,21,4.809523809523809,0.9523809523809523
P479313,oily,9,4.444444444444445,0.8888888888888888
P479318,combination,520,4.684615384615385,0.9403846153846154
P479318,dry,159,4.6918238993710695,0.9685534591194969
P479318,normal,104,4.6826923076923075,0.9519230769230769
P479318,oily,96,4.604166666666667,0.9479166666666666
P479319,combination,94,4.457446808510638,0.9148936170212766
P479319,dry,29,4.241379310344827,0.896551724137931
P479319,normal,23,4.565217391304348,0.9130434782608695
P479319,oily,34,4.411764705882353,0.8823529411764706
P479327,combination,742,4.510781671159029,0.8921832884097035
P479327,dry,373,4.428954423592494,0.8659517426273459
P479327,normal,212,4.367924528301887,0.839622641509434
P479327,oily,96,4.46875,0.8854166666666666
P479329,combination,206,4.567961165048544,0.9320388349514563
P479329,dry,141,4.475177304964539,0.9078014184397163
P479329,normal,61,4.590163934426229,0.9344262295081968
P479329,oily,20,4.65,0.95
P479330,combination,227,4.3744493392070485,0.8766519823788547
P479330,dry,102,4.235294117647059,0.803921568627451
P479330,normal,59,4.4576271186440675,0.864406779661017
P479330,oily,58,4.362068965517241,0.8793103448275862
P479339,combination,437,4.524027459954233,0.9107551487414187
P479339,dry,167,4.502994011976048,0.9041916167664671
P479339,normal,111,4.45945945945946,0.8918918918918919
P479339,oily,77,4.6103896103896105,0.922077922077922
P479340,combination,154,4.6103896103896105,0.9285714285714286
P479340,dry,43,4.651162790697675,0.9534883720930233
P479340,normal,44,4.318181818181818,0.8409090909090909
P479340,oily,25,4.44,0.92
P479348,combination,244,4.610655737704918,0.930327868852459
P479348,dry,69,4.681159420289855,0.9855072463768116
P479348,normal,49,4.673469387755102,0.9591836734693877
P479348,oily,58,4.586206896551724,0.9137931034482759
P479351,combination,107,4.373831775700935,0.8598130841121495
P479351,dry,92,4.423913043478261,0.8804347826086957
P479351,normal,41,4.219512195121951,0.7804878048780488
P479351,oily,12,4.333333333333333,0.9166666666666666
P479352,combination,126,4.73015873015873,0.9523809523809523
P479352,dry,21,4.619047619047619,0.9523809523809523
P479352,normal,23,4.608695652173913,0.9565217391304348
P479352,oily,44,4.568181818181818,0.9090909090909091
P479353,combination,88,4.056818181818182,0.7954545454545454
P479353,dry,74,4.283783783783784,0.8918918918918919
P479353,normal,45,4.222222222222222,0.8222222222222222
P479353,oily,12,4.0,0.75
P479354,combination,307,4.071661237785016,0.7719869706840391
P479354,dry,84,4.059523809523809,0.7738095238095238
P479354,normal,75,4.173333333333333,0.8133333333333334
P479354,oily,119,4.084033613445378,0.7899159663865546
P479362,combination,248,4.495967741935484,0.8830645161290323
P479362,dry,95,4.463157894736842,0.8947368421052632
P479362,normal,60,4.683333333333334,0.9333333333333333
P479362,oily,57,4.421052631578948,0.8771929824561403
P479632,combination,255,4.247058823529412,0.8862745098039215
P479632,dry,75,3.973333333333333,0.84
P479632,normal,44,4.136363636363637,0.8636363636363636
P479632,oily,52,4.115384615384615,0.7884615384615384
P479633,combination,202,4.2227722772277225,0.8712871287128713
P479633,dry,49,3.8979591836734695,0.7755102040816326
P479633,normal,31,4.064516129032258,0.7741935483870968
P479633,oily,38,4.394736842105263,0.8157894736842105
P479645,combination,251,4.752988047808765,0.9681274900398407
P479645,dry,119,4.6722689075630255,0.957983193277311
P479645,normal,59,4.661016949152542,0.9491525423728814
P479645,oily,43,4.767441860465116,1.0
P479688,combination,16,3.25,0.625
P479688,dry,3,4.666666666666667,1.0
P479688,normal,11,4.090909090909091,0.8181818181818182
P479688,oily,5,3.8,0.6
P479692,combination,141,4.75177304964539,0.9645390070921985
P479692,dry,58,4.706896551724138,0.9482758620689655
P479692,normal,36,4.694444444444445,0.9444444444444444
P479692,oily,29,4.724137931034483,0.9655172413793104
P479701,combination,42,4.738095238095238,0.9523809523809523
P479701,dry,17,4.882352941176471,1.0
P479701,normal,13,4.384615384615385,0.8461538461538461
P479701,oily,11,4.818181818181818,1.0
P479703,combination,56,4.839285714285714,1.0
P479703,dry,6,4.5,1.0
P479703,normal,4,4.75,1.0
P479703,oily,10,3.8,0.8
P479705,combination,248,4.580645161290323,0.9475806451612904
P479705,dry,77,4.4935064935064934,0.8961038961038961
P479705,normal,62,4.725806451612903,1.0
P479705,oily,51,4.686274509803922,0.9803921568627451
P479706,combination,256,4.5390625,0.93359375
P479706,dry,82,4.536585365853658,0.9390243902439024
P479706,normal,71,4.746478873239437,0.971830985915493
P479706,oily,54,4.592592592592593,0.9444444444444444
P479722,combination,100,4.47,0.92
P479722,dry,38,4.342105263157895,0.868421052631579
P479722,normal,27,4.62962962962963,0.9259259259259259
P479722,oily,25,4.48,0.92
P479732,combination,172,3.866279069767442,0.75
P479732,dry,56,4.196428571428571,0.8035714285714286
P479732,normal,38,3.5789473684210527,0.6842105263157895
P479732,oily,56,3.642857142857143,0.6785714285714286
P479734,combination,1166,4.237564322469983,0.9099485420240138
P479734,dry,376,4.25,0.9095744680851063
P479734,normal,299,4.2441471571906355,0.9063545150501672
P479734,oily,136,4.264705882352941,0.9117647058823529
P479839,combination,1594,4.320577164366374,0.8895859473023839
P479839,dry,469,4.313432835820896,0.8933901918976546
P479839,normal,453,4.311258278145695,0.8719646799116998
P479839,oily,248,4.354838709677419,0.8830645161290323
P479840,combination,38,3.5789473684210527,0.6842105263157895
P479840,dry,11,4.181818181818182,0.8181818181818182
P479840,normal,14,4.142857142857143,0.7142857142857143
P479840,oily,4,3.75,0.75
P479841,combination,594,4.806397306397306,0.9781144781144782
P479841,dry,243,4.732510288065844,0.9506172839506173
P479841,normal,156,4.852564102564102,0.9935897435897436
P479841,oily,112,4.803571428571429,0.9821428571428571
P479860,combination,1240,4.299193548387096,0.8233870967741935
P479860,dry,724,4.292817679558011,0.8204419889502762
P479860,normal,277,4.23826714801444,0.7906137184115524
P479860,oily,167,4.341317365269461,0.8383233532934131
P479903,combination,133,4.473684210526316,0.849624060150376
P479903,dry,90,4.233333333333333,0.7777777777777778
P479903,normal,30,4.433333333333334,0.9
P479903,oily,15,3.933333333333333,0.7333333333333333
P479904,combination,448,4.205357142857143,0.796875
P479904,dry,76,4.355263157894737,0.8552631578947368
P479904,normal,64,4.21875,0.84375
P479904,oily,157,3.929936305732484,0.7070063694267515
P479971,combination,340,4.41764705882353,0.9058823529411765
P479971,dry,106,4.471698113207547,0.9339622641509434
P479971,normal,96,4.416666666666667,0.8958333333333334
P479971,oily,55,4.509090909090909,0.9272727272727272
P480160,combination,135,4.614814814814815,0.9333333333333333
P480160,dry,46,4.521739130434782,0.8913043478260869
P480160,normal,34,4.823529411764706,0.9411764705882353
P480160,oily,21,4.666666666666667,0.9523809523809523
P480162,combination,338,4.606508875739645,0.9437869822485208
P480162,dry,120,4.733333333333333,0.9666666666666667
P480162,normal,111,4.666666666666667,0.9279279279279279
P480162,oily,38,4.578947368421052,0.9736842105263158
P480165,combination,48,4.770833333333333,0.9583333333333334
P480165,dry,22,4.909090909090909,1.0
P480165,normal,14,4.857142857142857,1.0
P480165,oily,10,4.4,0.9
P480177,combination,341,4.527859237536657,0.9266862170087976
P480177,dry,92,4.739130434782608,0.967391304347826
P480177,normal,93,4.612903225806452,0.946236559139785
P480177,oily,49,4.530612244897959,0.8979591836734694
P480191,combination,21,4.761904761904762,1.0
P480191,dry,15,4.933333333333334,1.0
P480191,normal,9,4.777777777777778,1.0
P480191,oily,1,3.0,0.0
P480192,combination,188,4.335106382978723,0.8404255319148937
P480192,dry,81,4.246913580246914,0.8148148148148148
P480192,normal,59,4.661016949152542,0.9152542372881356
P480192,oily,43,4.162790697674419,0.8372093023255814
P480274,combination,96,4.802083333333333,0.9895833333333334
P480274,dry,30,4.733333333333333,0.9666666666666667
P480274,normal,18,4.888888888888889,1.0
P480274,oily,18,4.722222222222222,1.0
P480278,combination,75,4.266666666666667,0.8266666666666667
P480278,dry,31,4.161290322580645,0.7096774193548387
P480278,normal,14,3.857142857142857,0.7857142857142857
P480278,oily,9,4.333333333333333,0.8888888888888888
P480280,combination,12,3.5833333333333335,0.75
P480280,dry,11,2.8181818181818183,0.36363636363636365
P480280,normal,2,4.0,1.0
P480280,oily,3,3.6666666666666665,0.6666666666666666
P480284,combination,122,4.762295081967213,0.9836065573770492
P480284,dry,33,4.606060606060606,0.9393939393939394
P480284,normal,33,4.787878787878788,1.0
P480284,oily,20,4.8,1.0
P480285,combination,243,4.666666666666667,0.9547325102880658
P480285,dry,72,4.541666666666667,0.9444444444444444
P480285,normal,47,4.468085106382978,0.8936170212765957
P480285,oily,34,4.676470588235294,1.0
P480300,combination,19,4.473684210526316,0.8947368421052632
P480300,dry,11,4.545454545454546,0.9090909090909091
P480300,normal,2,5.0,1.0
P480300,oily,3,4.333333333333333,1.0
P480301,combination,499,4.5030060120240485,0.8717434869739479
P480301,dry,80,4.3875,0.8625
P480301,normal,92,4.554347826086956,0.8804347826086957
P480301,oily,136,4.470588235294118,0.875
P480358,combination,10,4.6,0.9
P480358,dry,10,5.0,1.0
P480358,normal,5,5.0,1.0
P480358,oily,5,3.8,0.6
P480444,combination,39,4.102564102564102,0.7435897435897436
P480444,dry,15,3.533333333333333,0.6
P480444,normal,9,3.3333333333333335,0.4444444444444444
P480444,oily,4,5.0,1.0
P480447,combination,157,4.6687898089171975,0.9363057324840764
P480447,dry,66,4.454545454545454,0.8787878787878788
P480447,normal,38,4.657894736842105,0.9473684210526315
P480447,oily,25,4.04,0.76
P480461,combination,205,4.639024390243902,0.9414634146341463
P480461,dry,56,4.589285714285714,0.9464285714285714
P480461,normal,65,4.553846153846154,0.9230769230769231
P480461,oily,35,4.628571428571429,0.9142857142857143
P480600,combination,21,3.857142857142857,0.6190476190476191
P480600,dry,4,2.5,0.25
P480600,normal,3,1.3333333333333333,0.0
P480600,oily,1,2.0,0.0
P480603,combination,36,3.3333333333333335,0.5555555555555556
P480603,dry,25,3.56,0.6
P480603,normal,8,4.5,0.875
P480603,oily,4,4.25,0.75
P480606,combination,245,4.061224489795919,0.8244897959183674
P480606,dry,66,4.151515151515151,0.8333333333333334
P480606,normal,57,3.8947368421052633,0.7543859649122807
P480606,oily,42,3.8095238095238093,0.7857142857142857
P480608,combination,45,4.733333333333333,0.9555555555555556
P480608,dry,18,4.555555555555555,1.0
P480608,normal,14,3.9285714285714284,0.7857142857142857
P480608,oily,12,4.0,0.6666666666666666
P480612,combination,1857,4.417878298330641,0.9186860527732903
P480612,dry,511,4.350293542074364,0.9178082191780822
P480612,normal,460,4.3826086956521735,0.9152173913043479
P480612,oily,322,4.428571428571429,0.9316770186335404
P480613,combination,228,4.697368421052632,0.9473684210526315
P480613,dry,82,4.646341463414634,0.926829268292683
P480613,normal,59,4.440677966101695,0.8813559322033898
P480613,oily,47,4.680851063829787,0.9574468085106383
P480628,combination,102,4.754901960784314,0.9607843137254902
P480628,dry,40,4.625,0.925
P480628,normal,25,4.8,1.0
P480628,oily,21,4.857142857142857,1.0
P480629,combination,134,4.3283582089552235,0.8805970149253731
P480629,dry,40,3.8,0.725
P480629,normal,34,4.117647058823529,0.7941176470588235
P480629,oily,35,4.3428571428571425,0.9142857142857143
P480630,combination,2357,4.050063640220619,0.7607127704709377
P480630,dry,961,3.9979188345473466,0.7419354838709677
P480630,normal,625,3.9488,0.7328
P480630,oily,417,4.083932853717027,0.7769784172661871
P480986,combination,24,3.9583333333333335,0.75
P480986,dry,7,4.142857142857143,0.7142857142857143
P480986,normal,7,4.428571428571429,1.0
P480986,oily,5,4.4,0.8
P481058,combination,18,4.611111111111111,0.8888888888888888
P481058,dry,4,5.0,1.0
P481058,normal,7,4.142857142857143,0.8571428571428571
P481058,oily,1,5.0,1.0
P481060,combination,25,4.8,1.0
P481060,dry,14,4.571428571428571,0.8571428571428571
P481060,normal,11,4.909090909090909,1.0
P481060,oily,4,4.0,0.75
P481084,combination,1594,4.320577164366374,0.8895859473023839
P481084,dry,469,4.313432835820896,0.8933901918976546
P481084,normal,453,4.311258278145695,0.8719646799116998
P481084,oily,248,4.354838709677419,0.8830645161290323
P481086,combination,45,4.822222222222222,0.9777777777777777
P481086,dry,13,4.0,0.6153846153846154
P481086,normal,11,4.818181818181818,1.0
P481086,oily,4,4.75,1.0
P481096,combination,134,4.447761194029851,0.8582089552238806
P481096,dry,59,4.576271186440678,0.8983050847457628
P481096,normal,30,4.666666666666667,0.9
P481096,oily,20,4.1,0.85
P481142,combination,99,4.757575757575758,0.9797979797979798
P481142,dry,35,4.742857142857143,0.9714285714285714
P481142,normal,16,4.6875,0.9375
P481142,oily,19,4.7368421052631575,1.0
P481145,combination,103,4.669902912621359,0.941747572815534
P481145,dry,52,4.5,0.9038461538461539
P481145,normal,13,5.0,1.0
P481145,oily,19,4.7368421052631575,1.0
P481161,combination,505,4.566336633663366,0.9227722772277228
P481161,dry,123,4.544715447154472,0.9105691056910569
P481161,normal,133,4.406015037593985,0.9022556390977443
P481161,oily,107,4.635514018691588,0.9439252336448598
P481162,combination,247,4.57085020242915,0.9554655870445344
P481162,dry,111,4.504504504504505,0.8918918918918919
P481162,normal,49,4.489795918367347,0.9387755102040817
P481162,oily,43,4.558139534883721,0.9534883720930233
P481164,combination,512,4.53515625,0.947265625
P481164,dry,232,4.594827586206897,0.9439655172413793
P481164,normal,103,4.572815533980583,0.912621359223301
P481164,oily,72,4.541666666666667,0.9444444444444444
P481169,combination,226,3.4469026548672566,0.5796460176991151
P481169,dry,121,3.4132231404958677,0.5619834710743802
P481169,normal,80,3.4,0.55
P481169,oily,34,3.4705882352941178,0.6470588235294118
P481335,combination,110,4.8090909090909095,0.9545454545454546
P481335,dry,35,4.542857142857143,0.8857142857142857
P481335,normal,41,4.878048780487805,0.9512195121951219
P481335,oily,19,4.7368421052631575,0.8947368421052632
P481336,combination,95,4.663157894736842,0.9263157894736842
P481336,dry,32,4.6875,0.96875
P481336,normal,31,4.580645161290323,0.9032258064516129
P481336,oily,13,4.538461538461538,0.9230769230769231
P481339,combination,16,4.6875,0.9375
P481339,dry,4,5.0,1.0
P481339,normal,2,3.0,0.5
P481339,oily,4,3.75,0.75
P481340,combination,261,4.3486590038314175,0.8199233716475096
P481340,dry,54,4.277777777777778,0.7962962962962963
P481340,normal,47,4.170212765957447,0.7872340425531915
P481340,oily,73,4.438356164383562,0.821917808219178
P481341,combination,47,4.51063829787234,0.9361702127659575
P481341,dry,19,4.7368421052631575,1.0
P481341,normal,9,4.666666666666667,0.8888888888888888
P481341,oily,8,4.375,0.75
P481348,combination,83,4.843373493975903,1.0
P481348,dry,39,4.717948717948718,0.9487179487179487
P481348,normal,30,4.933333333333334,1.0
P481348,oily,14,4.857142857142857,1.0
P481354,combination,104,4.240384615384615,0.8269230769230769
P481354,dry,36,4.638888888888889,0.9722222222222222
P481354,normal,37,4.486486486486487,0.8648648648648649
P481354,oily,15,4.4,1.0
P481363,combination,90,4.655555555555556,0.9444444444444444
P481363,dry,32,4.59375,0.96875
P481363,normal,31,4.645161290322581,1.0
P481363,oily,13,4.461538461538462,0.9230769230769231
P481366,combination,235,4.319148936170213,0.8595744680851064
P481366,dry,95,4.189473684210526,0.8105263157894737
P481366,normal,68,4.117647058823529,0.7794117647058824
P481366,oily,38,4.421052631578948,0.868421052631579
P481367,combination,108,4.027777777777778,0.7407407407407407
P481367,dry,46,4.413043478260869,0.8695652173913043
P481367,normal,35,4.085714285714285,0.7428571428571429
P481367,oily,28,4.178571428571429,0.8571428571428571
P481371,combination,90,4.411111111111111,0.8777777777777778
P481371,dry,30,4.666666666666667,0.9666666666666667
P481371,normal,31,4.580645161290323,0.9354838709677419
P481371,oily,12,4.416666666666667,0.9166666666666666
P481390,combination,32,4.59375,0.875
P481390,dry,14,4.285714285714286,0.8571428571428571
P481390,normal,11,4.181818181818182,0.8181818181818182
P481390,oily,6,3.1666666666666665,0.5
P481401,combination,21,4.285714285714286,0.8571428571428571
P481401,dry,7,4.857142857142857,1.0
P481401,normal,6,4.5,0.8333333333333334
P481401,oily,1,5.0,1.0
P481408,combination,24,4.375,0.8333333333333334
P481408,dry,22,4.2272727272727275,0.7727272727272727
P481408,normal,12,4.666666666666667,0.9166666666666666
P481408,oily,6,4.666666666666667,1.0
P481697,combination,193,4.782383419689119,0.9792746113989638
P481697,dry,107,4.766355140186916,0.9813084112149533
P481697,normal,49,4.673469387755102,0.9795918367346939
P481697,oily,15,4.866666666666666,1.0
P481699,combination,13,4.153846153846154,0.8461538461538461
P481699,dry,5,5.0,1.0
P481699,normal,5,4.6,0.8
P481699,oily,2,3.5,0.5
P481700,combination,79,4.3924050632911396,0.9367088607594937
P481700,dry,31,4.193548387096774,0.8387096774193549
P481700,normal,17,4.176470588235294,0.7647058823529411
P481700,oily,17,4.0588235294117645,0.8235294117647058
P481701,combination,67,4.776119402985074,0.9552238805970149
P481701,dry,41,4.7317073170731705,0.9512195121951219
P481701,normal,25,4.72,1.0
P481701,oily,14,4.642857142857143,0.9285714285714286
P481703,combination,54,3.925925925925926,0.7083333333333334
P481703,dry,31,4.193548387096774,0.6666666666666666
P481703,normal,18,3.8333333333333335,0.6470588235294118
P481703,oily,13,3.230769230769231,0.7
P481710,combination,31,4.483870967741935,0.9032258064516129
P481710,dry,16,4.75,0.9375
P481710,normal,7,4.571428571428571,1.0
P481710,oily,8,3.75,0.625
P481732,combination,232,4.737068965517241,0.9655172413793104
P481732,dry,73,4.5479452054794525,0.9452054794520548
P481732,normal,58,4.620689655172414,0.9827586206896551
P481732,oily,42,4.690476190476191,0.9523809523809523
P481739,combination,412,4.580097087378641,0.8980582524271845
P481739,dry,139,4.517985611510792,0.8776978417266187
P481739,normal,107,4.570093457943925,0.9252336448598131
P481739,oily,87,4.241379310344827,0.7931034482758621
P481742,combination,25,4.68,0.92
P481742,dry,3,4.666666666666667,1.0
P481742,normal,7,4.857142857142857,1.0
P481742,oily,5,4.8,1.0
P481743,combination,30,4.766666666666667,0.9666666666666667
P481743,dry,3,5.0,1.0
P481743,normal,9,4.888888888888889,1.0
P481743,oily,2,4.5,1.0
P481748,combination,113,4.451327433628318,0.9469026548672567
P481748,dry,42,4.4523809523809526,0.9523809523809523
P481748,normal,41,4.341463414634147,0.8780487804878049
P481748,oily,24,4.166666666666667,0.875
P481817,combination,1241,4.323932312651088,0.8038834951456311
P481817,dry,326,4.211656441717792,0.75
P481817,normal,349,4.406876790830945,0.8536585365853658
P481817,oily,236,4.211864406779661,0.6868686868686869
P481825,combination,71,4.352112676056338,0.8309859154929577
P481825,dry,39,4.076923076923077,0.7948717948717948
P481825,normal,12,4.25,0.75
P481825,oily,22,4.2272727272727275,0.8181818181818182
P481828,combination,82,4.0,0.8292682926829268
P481828,dry,33,4.151515151515151,0.8484848484848485
P481828,normal,20,4.15,0.85
P481828,oily,17,4.0588235294117645,0.8235294117647058
P481830,combination,266,4.665413533834586,0.9586466165413534
P481830,dry,99,4.575757575757576,0.9494949494949495
P481830,normal,83,4.686746987951807,0.9397590361445783
P481830,oily,42,4.595238095238095,0.9047619047619048
P481831,combination,554,4.6516245487364625,0.9386281588447654
P481831,dry,191,4.670157068062827,0.9214659685863874
P481831,normal,165,4.666666666666667,0.9454545454545454
P481831,oily,106,4.764150943396227,0.9622641509433962
P481832,combination,194,4.314432989690721,0.8814432989690721
P481832,dry,72,4.458333333333333,0.9444444444444444
P481832,normal,60,4.333333333333333,0.9333333333333333
P481832,oily,52,4.326923076923077,0.8653846153846154
P481833,combination,199,4.49748743718593,0.9246231155778895
P481833,dry,70,4.5285714285714285,0.9428571428571428
P481833,normal,48,4.458333333333333,0.9791666666666666
P481833,oily,19,4.315789473684211,0.8947368421052632
P481834,combination,43,4.813953488372093,0.9534883720930233
P481834,dry,18,5.0,1.0
P481834,normal,10,4.6,1.0
P481834,oily,1,4.0,1.0
P481972,combination,284,4.429577464788732,0.8908450704225352
P481972,dry,106,4.3584905660377355,0.8867924528301887
P481972,normal,86,4.348837209302325,0.8488372093023255
P481972,oily,76,4.552631578947368,0.9605263157894737
P481973,combination,19,4.842105263157895,0.9473684210526315
P481973,dry,3,5.0,1.0
P481973,normal,6,5.0,1.0
P481973,oily,1,4.0,1.0
P481975,combination,19,4.473684210526316,0.9473684210526315
P481975,dry,4,5.0,1.0
P481975,normal,1,5.0,1.0
P481975,oily,2,5.0,1.0
P481989,combination,675,3.834074074074074,0.6814814814814815
P481989,dry,249,3.6947791164658637,0.6104417670682731
P481989,normal,179,3.659217877094972,0.6312849162011173
P481989,oily,166,3.63855421686747,0.6204819277108434
P482005,combination,51,4.8431372549019605,1.0
P482005,dry,14,4.857142857142857,1.0
P482005,normal,7,4.857142857142857,1.0
P482005,oily,8,4.625,1.0
P482006,combination,163,4.411042944785276,0.8650306748466258
P482006,dry,29,3.8275862068965516,0.7241379310344828
P482006,normal,35,4.428571428571429,0.9142857142857143
P482006,oily,36,4.638888888888889,0.8611111111111112
P482007,combination,20,4.25,0.9
P482007,dry,15,4.6,0.9333333333333333
P482007,normal,5,4.0,0.8
P482007,oily,2,3.5,0.5
P482008,combination,165,4.557575757575758,0.9151515151515152
P482008,dry,61,4.491803278688525,0.9016393442622951
P482008,normal,61,4.114754098360656,0.7868852459016393
P482008,oily,26,3.923076923076923,0.7307692307692307
P482024,combination,228,4.697368421052632,0.9473684210526315
P482024,dry,82,4.646341463414634,0.926829268292683
P482024,normal,59,4.440677966101695,0.8813559322033898
P482024,oily,47,4.680851063829787,0.9574468085106383
P482025,combination,63,4.809523809523809,0.9841269841269841
P482025,dry,32,4.78125,0.96875
P482025,normal,21,4.857142857142857,1.0
P482025,oily,11,4.7272727272727275,1.0
P482061,combination,128,4.5078125,0.890625
P482061,dry,63,4.4603174603174605,0.8571428571428571
P482061,normal,47,4.382978723404255,0.8723404255319149
P482061,oily,29,4.344827586206897,0.8275862068965517
P482068,combination,28,4.821428571428571,0.9642857142857143
P482068,dry,13,4.846153846153846,1.0
P482068,normal,12,4.583333333333333,0.9166666666666666
P482068,oily,3,5.0,1.0
P482074,combination,238,4.6722689075630255,0.9159663865546218
P482074,dry,122,4.786885245901639,0.9508196721311475
P482074,normal,74,4.797297297297297,0.9594594594594594
P482074,oily,41,4.878048780487805,1.0
P482260,combination,112,4.875,0.9910714285714286
P482260,dry,31,4.774193548387097,0.9354838709677419
P482260,normal,25,4.88,1.0
P482260,oily,11,4.909090909090909,1.0
P482264,combination,222,4.653153153153153,0.963963963963964
P482264,dry,46,4.739130434782608,0.9347826086956522
P482264,normal,44,4.636363636363637,0.9318181818181818
P482264,oily,75,4.76,0.96
P482269,combination,154,4.779220779220779,0.961038961038961
P482269,dry,77,4.64935064935065,0.935064935064935
P482269,normal,43,4.744186046511628,0.9767441860465116
P482269,oily,20,4.25,0.85
P482298,combination,329,4.4407294832826745,0.9148936170212766
P482298,dry,93,4.236559139784946,0.8387096774193549
P482298,normal,65,4.523076923076923,0.9538461538461539
P482298,oily,81,4.345679012345679,0.8271604938271605
P482312,combination,17,4.470588235294118,0.8823529411764706
P482312,dry,11,4.2727272727272725,0.8181818181818182
P482312,normal,6,4.5,0.8333333333333334
P482312,oily,5,4.2,0.8
P482320,combination,669,3.9626307922272046,0.7279521674140508
P482320,dry,363,3.8732782369146004,0.696969696969697
P482320,normal,273,4.062271062271062,0.7289377289377289
P482320,oily,120,3.9916666666666667,0.7416666666666667
P482321,combination,248,3.9475806451612905,0.7540322580645161
P482321,dry,72,4.0,0.75
P482321,normal,49,4.040816326530612,0.7142857142857143
P482321,oily,69,3.8260869565217392,0.7101449275362319
P482323,combination,206,3.766990291262136,0.7475728155339806
P482323,dry,46,2.9347826086956523,0.5
P482323,normal,51,3.8823529411764706,0.7450980392156863
P482323,oily,61,3.6721311475409837,0.639344262295082
P482325,combination,196,4.290816326530612,0.8163265306122449
P482325,dry,64,4.296875,0.796875
P482325,normal,46,4.434782608695652,0.8695652173913043
P482325,oily,41,4.048780487804878,0.7560975609756098
P482327,combination,57,3.8771929824561404,0.7368421052631579
P482327,dry,28,4.0,0.7142857142857143
P482327,normal,10,4.8,1.0
P482327,oily,8,4.0,0.625
P482328,combination,43,3.9069767441860463,0.813953488372093
P482328,dry,19,4.2631578947368425,0.8421052631578947
P482328,normal,16,4.0625,0.8125
P482328,oily,6,3.3333333333333335,0.3333333333333333
P482329,combination,190,4.626315789473685,0.9473684210526315
P482329,dry,46,4.434782608695652,0.9130434782608695
P482329,normal,49,4.653061224489796,0.9591836734693877
P482329,oily,31,4.451612903225806,0.9032258064516129
P482510,combination,57,4.666666666666667,0.9473684210526315
P482510,dry,12,4.583333333333333,0.8333333333333334
P482510,normal,22,4.7727272727272725,1.0
P482510,oily,9,4.555555555555555,0.8888888888888888
P482529,combination,122,4.008196721311475,0.7786885245901639
P482529,dry,31,4.161290322580645,0.7419354838709677
P482529,normal,37,4.1891891891891895,0.8108108108108109
P482529,oily,24,4.0,0.7916666666666666
P482535,combination,517,4.572533849129594,0.9206963249516441
P482535,dry,203,4.596059113300493,0.9064039408866995
P482535,normal,117,4.401709401709402,0.8888888888888888
P482535,oily,156,4.461538461538462,0.8717948717948718
P482540,combination,242,4.74793388429752,0.9669421487603306
P482540,dry,86,4.813953488372093,0.9767441860465116
P482540,normal,74,4.797297297297297,0.9864864864864865
P482540,oily,52,4.519230769230769,0.9038461538461539
P482551,combination,274,4.631386861313868,0.9306569343065694
P482551,dry,114,4.719298245614035,0.9736842105263158
P482551,normal,72,4.652777777777778,0.9444444444444444
P482551,oily,43,4.674418604651163,1.0
P482552,combination,126,4.753968253968254,0.9603174603174603
P482552,dry,20,4.2,0.8
P482552,normal,23,4.695652173913044,0.9565217391304348
P482552,oily,26,4.615384615384615,0.9230769230769231
P482675,combination,64,4.65625,0.921875
P482675,dry,20,4.7,0.95
P482675,normal,7,4.857142857142857,1.0
P482675,oily,4,4.75,1.0
P482676,combination,415,4.52289156626506,0.8939759036144578
P482676,dry,188,4.329787234042553,0.8457446808510638
P482676,normal,107,4.327102803738318,0.8691588785046729
P482676,oily,104,4.355769230769231,0.8846153846153846
P482681,combination,211,4.649289099526066,0.933649289099526
P482681,dry,62,4.741935483870968,0.9193548387096774
P482681,normal,53,4.754716981132075,0.9811320754716981
P482681,oily,32,4.5625,0.90625
P482692,combination,162,4.777777777777778,0.9629629629629629
P482692,dry,72,4.791666666666667,0.9444444444444444
P482692,normal,43,4.627906976744186,0.9069767441860465
P482692,oily,24,4.416666666666667,0.875
P482693,combination,353,4.0113314447592066,0.7507082152974505
P482693,dry,183,4.076502732240437,0.7431693989071039
P482693,normal,91,3.89010989010989,0.6813186813186813
P482693,oily,46,3.6739130434782608,0.6521739130434783
P482694,combination,15,3.466666666666667,0.6666666666666666
P482694,dry,11,3.4545454545454546,0.5454545454545454
P482694,normal,4,3.0,0.5
P482694,oily,4,4.25,1.0
P482695,combination,107,4.252336448598131,0.8598130841121495
P482695,dry,31,4.290322580645161,0.9032258064516129
P482695,normal,14,3.857142857142857,0.6428571428571429
P482695,oily,30,3.7666666666666666,0.6666666666666666
P482696,combination,73,4.616438356164384,0.958904109589041
P482696,dry,28,4.464285714285714,0.9642857142857143
P482696,normal,16,4.25,0.75
P482696,oily,10,4.6,0.8
P482739,combination,799,4.508135168961202,0.9236545682102628
P482739,dry,203,4.241379310344827,0.8472906403940886
P482739,normal,209,4.45933014354067,0.9090909090909091
P482739,oily,127,4.425196850393701,0.9133858267716536
P482740,combination,31,4.548387096774194,0.9354838709677419
P482740,dry,5,4.0,0.6
P482740,normal,5,4.2,0.8
P482740,oily,5,4.4,0.8
P482741,combination,289,4.280276816608996,0.8650519031141869
P482741,dry,78,4.269230769230769,0.8589743589743589
P482741,normal,67,4.507462686567164,0.9701492537313433
P482741,oily,47,4.23404255319149,0.8297872340425532
P482742,combination,719,4.66481223922114,0.9666203059805285
P482742,dry,185,4.675675675675675,0.9567567567567568
P482742,normal,178,4.51685393258427,0.9213483146067416
P482742,oily,103,4.504854368932039,0.9320388349514563
P482753,combination,117,4.47008547008547,0.905982905982906
P482753,dry,20,4.15,0.75
P482753,normal,34,4.411764705882353,0.8529411764705882
P482753,oily,17,4.235294117647059,0.8823529411764706
P482754,combination,34,4.5,0.8823529411764706
P482754,dry,9,4.0,0.8888888888888888
P482754,normal,11,4.363636363636363,0.8181818181818182
P482754,oily,8,4.125,0.875
P482755,combination,19,4.315789473684211,0.9473684210526315
P482755,dry,4,4.5,1.0
P482755,normal,11,4.181818181818182,0.8181818181818182
P482755,oily,1,5.0,1.0
P482757,combination,232,3.853448275862069,0.7155172413793104
P482757,dry,47,3.851063829787234,0.6808510638297872
P482757,normal,58,4.017241379310345,0.8103448275862069
P482757,oily,47,4.0,0.7659574468085106
P483060,combination,32,4.3125,0.84375
P483060,dry,12,4.25,0.8333333333333334
P483060,normal,9,4.0,0.6666666666666666
P483060,oily,7,4.714285714285714,0.8571428571428571
P483075,combination,10,4.0,0.8
P483075,dry,8,4.25,0.875
P483075,normal,2,5.0,1.0
P483075,oily,1,4.0,1.0
P483076,combination,274,4.631386861313868,0.9306569343065694
P483076,dry,114,4.719298245614035,0.9736842105263158
P483076,normal,72,4.652777777777778,0.9444444444444444
P483076,oily,43,4.674418604651163,1.0
P483092,combination,17,4.823529411764706,1.0
P483092,dry,2,5.0,1.0
P483092,normal,3,3.6666666666666665,0.6666666666666666
P483092,oily,5,4.6,0.8
P483127,combination,116,4.681034482758621,0.9310344827586207
P483127,dry,39,4.82051282051282,1.0
P483127,normal,27,4.814814814814815,1.0
P483127,oily,29,4.862068965517241,1.0
P483128,combination,85,4.352941176470588,0.8823529411764706
P483128,dry,15,4.066666666666666,0.8666666666666667
P483128,normal,13,4.461538461538462,0.9230769230769231
P483128,oily,22,4.409090909090909,0.9090909090909091
P483136,combination,101,4.643564356435643,0.9603960396039604
P483136,dry,47,4.553191489361702,0.9574468085106383
P483136,normal,32,4.71875,0.9375
P483136,oily,17,4.764705882352941,1.0
P483137,combination,174,4.666666666666667,0.9597701149425287
P483137,dry,49,4.612244897959184,0.9795918367346939
P483137,normal,44,4.795454545454546,1.0
P483137,oily,35,4.542857142857143,0.9142857142857143
P483138,combination,199,4.693467336683417,0.9547738693467337
P483138,dry,42,4.714285714285714,0.9761904761904762
P483138,normal,42,4.5476190476190474,0.9285714285714286
P483138,oily,44,4.7727272727272725,0.9772727272727273
P483146,combination,48,4.625,0.9166666666666666
P483146,dry,26,4.653846153846154,0.9230769230769231
P483146,normal,18,4.444444444444445,0.8888888888888888
P483146,oily,10,4.6,0.9
P483151,combination,19,3.789473684210526,0.7368421052631579
P483151,dry,5,4.8,1.0
P483151,normal,4,4.5,0.75
P483151,oily,6,3.8333333333333335,0.6666666666666666
P483453,combination,102,4.676470588235294,0.9509803921568627
P483453,dry,31,4.580645161290323,0.9032258064516129
P483453,normal,25,3.92,0.68
P483453,oily,14,4.714285714285714,0.9285714285714286
P483455,combination,75,4.72,0.9733333333333334
P483455,dry,32,4.375,0.84375
P483455,normal,19,4.842105263157895,0.9473684210526315
P483455,oily,22,4.863636363636363,1.0
P483457,combination,73,4.712328767123288,0.958904109589041
P483457,dry,34,4.735294117647059,0.9705882352941176
P483457,normal,20,4.75,0.95
P483457,oily,17,4.705882352941177,0.9411764705882353
P483496,combination,36,4.277777777777778,0.8333333333333334
P483496,dry,10,3.1,0.6
P483496,normal,11,4.363636363636363,0.9090909090909091
P483496,oily,13,4.3076923076923075,0.8461538461538461
P483643,combination,72,4.638888888888889,0.9305555555555556
P483643,dry,35,4.285714285714286,0.8
P483643,normal,19,4.842105263157895,0.9473684210526315
P483643,oily,17,4.411764705882353,0.8235294117647058
P483658,combination,128,4.484375,0.8984375
P483658,dry,57,4.666666666666667,0.9649122807017544
P483658,normal,29,4.103448275862069,0.8275862068965517
P483658,oily,27,4.592592592592593,0.9629629629629629
P483661,combination,64,4.546875,0.90625
P483661,dry,19,4.842105263157895,1.0
P483661,normal,15,4.6,0.9333333333333333
P483661,oily,7,3.0,0.42857142857142855
P483664,combination,170,4.470588235294118,0.888235294117647
P483664,dry,58,4.603448275862069,0.9482758620689655
P483664,normal,46,4.695652173913044,0.9565217391304348
P483664,oily,16,4.625,0.875
P483679,combination,349,4.8166189111747855,0.9713467048710601
P483679,dry,112,4.866071428571429,0.9821428571428571
P483679,normal,62,4.774193548387097,0.9516129032258065
P483679,oily,56,4.803571428571429,0.9821428571428571
P483692,combination,131,4.511450381679389,0.9083969465648855
P483692,dry,62,4.370967741935484,0.8064516129032258
P483692,normal,40,4.75,0.95
P483692,oily,15,4.133333333333334,0.7333333333333333
P483696,combination,63,4.650793650793651,0.9365079365079365
P483696,dry,27,4.592592592592593,0.8888888888888888
P483696,normal,12,4.833333333333333,0.9166666666666666
P483696,oily,8,4.625,1.0
P483697,combination,94,4.638297872340425,0.9361702127659575
P483697,dry,46,4.760869565217392,1.0
P483697,normal,24,4.75,0.9583333333333334
P483697,oily,19,4.7368421052631575,1.0
P483698,combination,55,4.472727272727273,0.8545454545454545
P483698,dry,29,4.758620689655173,0.9655172413793104
P483698,normal,15,4.533333333333333,0.8666666666666667
P483698,oily,11,4.818181818181818,1.0
P483699,combination,73,4.726027397260274,0.9452054794520548
P483699,dry,44,4.5,0.9090909090909091
P483699,normal,21,4.619047619047619,0.9047619047619048
P483699,oily,10,4.4,0.8
P483700,combination,53,4.245283018867925,0.8490566037735849
P483700,dry,33,4.454545454545454,0.8787878787878788
P483700,normal,31,4.548387096774194,0.9354838709677419
P483700,oily,4,4.25,0.75
P483701,combination,60,4.433333333333334,0.8166666666666667
P483701,dry,27,4.592592592592593,0.8888888888888888
P483701,normal,8,5.0,1.0
P483701,oily,8,4.875,1.0
P483708,combination,131,4.511450381679389,0.9083969465648855
P483708,dry,62,4.370967741935484,0.8064516129032258
P483708,normal,40,4.75,0.95
P483708,oily,15,4.133333333333334,0.7333333333333333
P484033,combination,20,4.15,0.75
P484033,dry,8,5.0,1.0
P484033,normal,8,3.875,0.75
P484033,oily,1,5.0,1.0
P484055,combination,19,3.8421052631578947,0.6842105263157895
P484055,dry,14,4.357142857142857,0.8571428571428571
P484055,normal,8,3.375,0.375
P484055,oily,6,4.5,0.8333333333333334
P484067,combination,144,4.819444444444445,0.9791666666666666
P484067,dry,52,4.884615384615385,1.0
P484067,normal,35,4.885714285714286,0.9714285714285714
P484067,oily,23,4.869565217391305,1.0
P484080,combination,454,3.66079295154185,0.6828193832599119
P484080,dry,156,3.782051282051282,0.7243589743589743
P484080,normal,114,3.6403508771929824,0.6666666666666666
P484080,oily,172,3.7267441860465116,0.7093023255813954
P484081,combination,66,4.515151515151516,0.9242424242424242
P484081,dry,21,4.428571428571429,0.9523809523809523
P484081,normal,15,4.733333333333333,1.0
P484081,oily,21,4.666666666666667,0.9523809523809523
P500002,combination,93,4.397849462365591,0.946236559139785
P500002,dry,3,5.0,1.0
P500002,normal,26,3.9615384615384617,0.8076923076923077
P500002,oily,11,4.0,0.8181818181818182
P500019,combination,230,4.517391304347826,0.9478260869565217
P500019,dry,74,4.5675675675675675,1.0
P500019,normal,64,4.515625,0.90625
P500019,oily,45,4.533333333333333,0.9111111111111111
P500039,combination,117,4.6923076923076925,0.9401709401709402
P500039,dry,51,4.666666666666667,0.9607843137254902
P500039,normal,39,4.743589743589744,0.9487179487179487
P500039,oily,17,4.588235294117647,0.9411764705882353
P500055,combination,111,4.7207207207207205,0.9279279279279279
P500055,dry,41,4.536585365853658,0.8536585365853658
P500055,normal,31,4.67741935483871,0.9354838709677419
P500055,oily,18,4.722222222222222,0.9444444444444444
P500094,combination,131,4.122137404580153,0.816793893129771
P500094,dry,27,4.037037037037037,0.8148148148148148
P500094,normal,22,4.045454545454546,0.7727272727272727
P500094,oily,52,4.230769230769231,0.8653846153846154
P500098,combination,136,3.3455882352941178,0.5294117647058824
P500098,dry,28,3.7142857142857144,0.7857142857142857
P500098,normal,21,3.0952380952380953,0.6190476190476191
P500098,oily,55,3.581818181818182,0.6363636363636364
P500101,combination,81,4.617283950617284,0.9135802469135802
P500101,dry,24,4.708333333333333,0.9583333333333334
P500101,normal,18,4.666666666666667,0.9444444444444444
P500101,oily,12,4.75,1.0
P500102,combination,86,4.686046511627907,0.9534883720930233
P500102,dry,35,4.6571428571428575,0.8857142857142857
P500102,normal,20,4.7,1.0
P500102,oily,19,4.631578947368421,0.8947368421052632
P500109,combination,66,4.166666666666667,0.8181818181818182
P500109,dry,21,4.095238095238095,0.7619047619047619
P500109,normal,15,4.0,0.8666666666666667
P500109,oily,11,4.2727272727272725,0.7272727272727273
P500111,combination,37,4.918918918918919,1.0
P500111,dry,17,4.9411764705882355,1.0
P500111,normal,9,4.444444444444445,1.0
P500111,oily,15,4.733333333333333,1.0
P500112,combination,106,4.490566037735849,0.8773584905660378
P500112,dry,41,4.463414634146342,0.8536585365853658
P500112,normal,36,4.472222222222222,0.8611111111111112
P500112,oily,23,4.478260869565218,0.8260869565217391
P500113,combination,65,4.046153846153846,0.8461538461538461
P500113,dry,7,3.857142857142857,0.8571428571428571
P500113,normal,3,4.333333333333333,0.6666666666666666
P500113,oily,43,4.093023255813954,0.9069767441860465
P500114,combination,136,4.110294117647059,0.8161764705882353
P500114,dry,26,4.038461538461538,0.8076923076923077
P500114,normal,22,3.8636363636363638,0.8181818181818182
P500114,oily,53,4.09433962264151,0.7924528301886793
P500117,combination,49,4.387755102040816,0.8367346938775511
P500117,dry,26,4.5,0.8461538461538461
P500117,normal,24,4.25,0.7916666666666666
P500117,oily,8,4.125,0.75
P500121,combination,93,4.161290322580645,0.8279569892473119
P500121,dry,45,4.311111111111111,0.9111111111111111
P500121,normal,11,4.363636363636363,0.9090909090909091
P500121,oily,12,3.75,0.6666666666666666
P500138,combination,212,4.433962264150943,0.9056603773584906
P500138,dry,67,4.522388059701493,0.8955223880597015
P500138,normal,60,4.533333333333333,0.9166666666666666
P500138,oily,35,4.4,0.8857142857142857
P500160,combination,35,4.428571428571429,0.8857142857142857
P500160,dry,23,4.565217391304348,0.9565217391304348
P500160,normal,9,4.111111111111111,1.0
P500160,oily,8,4.125,0.875
P500240,combination,287,4.811846689895471,0.9790940766550522
P500240,dry,131,4.847328244274809,0.9694656488549618
P500240,normal,80,4.825,0.975
P500240,oily,29,4.586206896551724,0.9655172413793104
P500244,combination,129,4.728682170542636,0.9612403100775194
P500244,dry,44,4.681818181818182,0.9318181818181818
P500244,normal,18,4.944444444444445,1.0
P500244,oily,15,4.4,0.8
P500245,combination,361,3.656509695290859,0.6814404432132964
P500245,dry,102,3.5784313725490198,0.6176470588235294
P500245,normal,100,3.63,0.66
P500245,oily,67,3.8208955223880596,0.746268656716418
P500288,combination,246,4.808943089430894,0.9796747967479674
P500288,dry,95,4.705263157894737,0.968421052631579
P500288,normal,58,4.758620689655173,0.9655172413793104
P500288,oily,44,4.636363636363637,0.9545454545454546
P500307,combination,259,4.405405405405405,0.8532818532818532
P500307,dry,100,4.56,0.91
P500307,normal,90,4.455555555555556,0.8555555555555555
P500307,oily,73,4.465753424657534,0.8356164383561644
P500318,combination,94,4.5212765957446805,0.925531914893617
P500318,dry,1,5.0,1.0
P500318,normal,22,4.318181818181818,0.8636363636363636
P500318,oily,10,3.9,0.7
P500329,combination,105,4.352380952380952,0.8571428571428571
P500329,dry,40,4.4,0.825
P500329,normal,29,4.275862068965517,0.8275862068965517
P500329,oily,17,3.8823529411764706,0.7058823529411765
P500399,combination,26,4.846153846153846,0.9615384615384616
P500399,dry,7,4.714285714285714,1.0
P500399,normal,7,3.857142857142857,0.7142857142857143
P500399,oily,5,4.2,0.8
P500412,combination,14,5.0,1.0
P500412,dry,3,3.6666666666666665,0.6666666666666666
P500412,normal,9,4.888888888888889,1.0
P500412,oily,2,5.0,1.0
P500420,combination,110,4.327272727272727,0.8909090909090909
P500420,dry,27,4.296296296296297,0.8888888888888888
P500420,normal,28,4.214285714285714,0.8928571428571429
P500420,oily,28,4.392857142857143,0.8928571428571429
P500428,combination,12,3.8333333333333335,0.5833333333333334
P500428,dry,4,3.75,0.75
P500428,normal,6,4.333333333333333,0.8333333333333334
P500428,oily,4,4.25,0.75
P500445,combination,21,4.380952380952381,0.8095238095238095
P500445,dry,6,3.5,0.6666666666666666
P500445,normal,8,4.875,1.0
P500445,oily,3,3.6666666666666665,0.6666666666666666
P500471,combination,254,4.645669291338582,0.9409448818897638
P500471,dry,74,4.716216216216216,0.9594594594594594
P500471,normal,74,4.743243243243243,0.9459459459459459
P500471,oily,47,4.553191489361702,0.9148936170212766
P500472,combination,742,4.510781671159029,0.8921832884097035
P500472,dry,373,4.428954423592494,0.8659517426273459
P500472,normal,212,4.367924528301887,0.839622641509434
P500472,oily,96,4.46875,0.8854166666666666
P500613,combination,332,4.307228915662651,0.8734939759036144
P500613,dry,97,4.288659793814433,0.865979381443299
P500613,normal,79,3.8987341772151898,0.7848101265822784
P500613,oily,52,4.038461538461538,0.8076923076923077
P500614,combination,57,4.807017543859649,0.9649122807017544
P500614,dry,9,4.666666666666667,0.8888888888888888
P500614,normal,18,4.722222222222222,0.9444444444444444
P500614,oily,11,4.545454545454546,0.8181818181818182
P500618,combination,161,4.608695652173913,0.9254658385093167
P500618,dry,57,4.666666666666667,0.9298245614035088
P500618,normal,37,4.621621621621622,0.9459459459459459
P500618,oily,28,4.535714285714286,0.8571428571428571
P500626,combination,78,4.115384615384615,0.7692307692307693
P500626,dry,33,3.9696969696969697,0.696969696969697
P500626,normal,19,4.2105263157894735,0.8421052631578947
P500626,oily,22,3.5,0.5909090909090909
P500633,combination,967,4.790072388831438,0.9720785935884177
P500633,dry,392,4.76530612244898,0.9744897959183674
P500633,normal,278,4.76978417266187,0.9784172661870504
P500633,oily,187,4.695187165775401,0.9518716577540107
P500687,combination,89,4.606741573033708,0.9550561797752809
P500687,dry,32,4.3125,0.84375
P500687,normal,19,4.473684210526316,0.9473684210526315
P500687,oily,14,4.5,0.9285714285714286
P500696,combination,93,4.698924731182796,0.946236559139785
P500696,dry,54,4.7592592592592595,0.9814814814814815
P500696,normal,25,4.6,0.96
P500696,oily,7,4.714285714285714,1.0
P500701,combination,1051,4.365366317792579,0.8981921979067554
P500701,dry,279,4.28673835125448,0.8960573476702509
P500701,normal,261,4.379310344827586,0.8735632183908046
P500701,oily,188,4.361702127659575,0.9095744680851063
P500705,combination,46,4.739130434782608,0.9565217391304348
P500705,dry,7,4.714285714285714,1.0
P500705,normal,9,4.888888888888889,1.0
P500705,oily,6,5.0,1.0
P500716,combination,133,4.849624060150376,0.9924812030075187
P500716,dry,56,4.642857142857143,0.9464285714285714
P500716,normal,42,4.809523809523809,0.9761904761904762
P500716,oily,23,4.869565217391305,1.0
P500718,combination,1119,4.190348525469169,0.8963360142984808
P500718,dry,360,4.147222222222222,0.875
P500718,normal,273,4.278388278388278,0.9230769230769231
P500718,oily,105,3.933333333333333,0.819047619047619
P500744,combination,250,4.572,0.928
P500744,dry,81,4.320987654320987,0.8148148148148148
P500744,normal,64,4.5625,0.953125
P500744,oily,53,4.415094339622642,0.8679245283018868
P500746,combination,51,4.7254901960784315,0.9607843137254902
P500746,dry,31,4.290322580645161,0.8064516129032258
P500746,normal,16,4.5625,0.9375
P500746,oily,10,4.4,1.0
P500753,combination,46,4.3478260869565215,0.8043478260869565
P500753,dry,13,4.153846153846154,0.8461538461538461
P500753,normal,13,4.461538461538462,0.9230769230769231
P500753,oily,9,4.777777777777778,1.0
P500756,combination,168,4.678571428571429,0.9642857142857143
P500756,dry,85,4.764705882352941,0.9529411764705882
P500756,normal,59,4.661016949152542,0.9491525423728814
P500756,oily,29,4.517241379310345,0.9655172413793104
P500757,combination,607,4.049423393739703,0.7973640856672158
P500757,dry,186,3.806451612903226,0.7096774193548387
P500757,normal,185,3.945945945945946,0.7189189189189189
P500757,oily,114,4.087719298245614,0.8070175438596491
P500777,combination,563,4.557726465364121,0.9076376554174067
P500777,dry,242,4.636363636363637,0.9297520661157025
P500777,normal,186,4.403225806451613,0.8763440860215054
P500777,oily,106,4.518867924528302,0.8962264150943396
P500778,combination,60,4.766666666666667,0.9666666666666667
P500778,dry,30,4.8,0.9666666666666667
P500778,normal,21,4.904761904761905,0.9523809523809523
P500778,oily,20,4.35,0.85
P500857,combination,280,4.696428571428571,0.9678571428571429
P500857,dry,77,4.636363636363637,0.935064935064935
P500857,normal,68,4.852941176470588,0.9705882352941176
P500857,oily,73,4.671232876712328,0.9178082191780822
P500894,combination,166,4.662650602409639,0.9578313253012049
P500894,dry,65,4.538461538461538,0.9538461538461539
P500894,normal,34,4.617647058823529,0.9705882352941176
P500894,oily,31,4.741935483870968,0.967741935483871
P500982,combination,18,3.7222222222222223,0.6111111111111112
P500982,dry,8,4.25,0.75
P500988,combination,79,4.189873417721519,0.7848101265822784
P500988,dry,30,4.233333333333333,0.8
P500988,normal,22,4.318181818181818,0.8181818181818182
P500988,oily,9,4.888888888888889,1.0
P500993,combination,261,4.547892720306513,0.9080459770114943
P500993,dry,101,4.544554455445544,0.9108910891089109
P500993,normal,66,4.424242424242424,0.9090909090909091
P500993,oily,17,4.470588235294118,0.8235294117647058
P501004,combination,12,4.583333333333333,0.8333333333333334
P501004,dry,14,4.5,0.8571428571428571
P501004,normal,2,4.5,1.0
P501004,oily,5,5.0,1.0
P501005,combination,354,4.293785310734464,0.864406779661017
P501005,dry,102,4.450980392156863,0.9215686274509803
P501005,normal,80,4.425,0.9
P501005,oily,70,4.171428571428572,0.8571428571428571
P501017,combination,31,4.838709677419355,1.0
P501017,dry,17,4.470588235294118,0.8823529411764706
P501017,normal,6,4.833333333333333,1.0
P501017,oily,9,5.0,1.0
P501024,combination,12,4.166666666666667,0.75
P501024,dry,11,4.2727272727272725,0.8181818181818182
P501024,normal,2,4.0,1.0
P501024,oily,4,4.75,1.0
P501028,combination,255,4.341176470588235,0.8509803921568627
P501028,dry,67,4.388059701492537,0.8805970149253731
P501028,normal,63,4.476190476190476,0.9365079365079365
P501028,oily,41,4.585365853658536,0.926829268292683
P501029,combination,339,4.528023598820059,0.9292035398230089
P501029,dry,100,4.51,0.95
P501029,normal,113,4.548672566371682,0.9469026548672567
P501029,oily,55,4.4,0.8909090909090909
P501030,combination,111,4.711711711711712,0.990990990990991
P501030,dry,43,4.72093023255814,1.0
P501030,normal,24,4.75,1.0
P501030,oily,18,4.444444444444445,1.0
P501031,combination,68,4.544117647058823,0.9852941176470589
P501031,dry,9,4.222222222222222,0.8888888888888888
P501031,normal,14,4.714285714285714,1.0
P501031,oily,16,4.8125,1.0
P501157,combination,102,4.666666666666667,0.9509803921568627
P501157,dry,37,4.8108108108108105,0.972972972972973
P501157,normal,31,4.967741935483871,1.0
P501157,oily,11,4.909090909090909,1.0
P501165,combination,299,4.688963210702341,0.959866220735786
P501165,dry,99,4.646464646464646,0.9494949494949495
P501165,normal,67,4.656716417910448,0.9402985074626866
P501165,oily,71,4.535211267605634,0.971830985915493
P501166,combination,36,4.5,0.9166666666666666
P501166,dry,13,4.615384615384615,0.9230769230769231
P501166,normal,38,4.7894736842105265,0.9736842105263158
P501166,oily,18,4.833333333333333,1.0
P501169,combination,125,4.584,0.888
P501169,dry,43,4.441860465116279,0.8837209302325582
P501169,normal,39,4.769230769230769,0.9230769230769231
P501169,oily,20,4.1,0.75
P501170,combination,288,4.173611111111111,0.8576388888888888
P501170,dry,78,4.012820512820513,0.7692307692307693
P501170,normal,54,4.296296296296297,0.9074074074074074
P501170,oily,69,4.27536231884058,0.8260869565217391
P501171,combination,279,4.555555555555555,0.9498207885304659
P501171,dry,79,4.734177215189874,0.9367088607594937
P501171,normal,56,4.696428571428571,0.9642857142857143
P501171,oily,67,4.552238805970149,0.9253731343283582
P501176,combination,266,3.9097744360902253,0.7481203007518797
P501176,dry,82,3.768292682926829,0.7073170731707317
P501176,normal,57,3.7719298245614037,0.6842105263157895
P501176,oily,48,3.6875,0.6458333333333334
P501178,combination,193,4.404145077720207,0.8756476683937824
P501178,dry,60,4.4,0.9166666666666666
P501178,normal,55,4.454545454545454,0.9272727272727272
P501178,oily,44,4.409090909090909,0.9090909090909091
P501185,combination,12,4.833333333333333,1.0
P501185,dry,6,4.666666666666667,0.8333333333333334
P501185,normal,5,4.8,1.0
P501185,oily,4,3.75,0.5
P501187,combination,293,4.382252559726963,0.8976109215017065
P501187,dry,92,4.586956521739131,0.9456521739130435
P501187,normal,52,4.403846153846154,0.9230769230769231
P501187,oily,64,4.375,0.859375
P501188,combination,291,4.625429553264605,0.9450171821305842
P501188,dry,81,4.617283950617284,0.9629629629629629
P501188,normal,52,4.480769230769231,0.9038461538461539
P501188,oily,65,4.3538461538461535,0.8615384615384616
P501189,combination,248,4.189516129032258,0.8508064516129032
P501189,dry,74,4.162162162162162,0.8108108108108109
P501189,normal,49,4.183673469387755,0.9183673469387755
P501189,oily,67,4.492537313432836,0.8805970149253731
P501190,combination,49,4.6938775510204085,0.9387755102040817
P501190,dry,158,4.791139240506329,0.9556962025316456
P501190,normal,37,4.918918918918919,0.972972972972973
P501190,oily,3,4.666666666666667,1.0
P501199,combination,191,4.403141361256544,0.9109947643979057
P501199,dry,59,4.338983050847458,0.864406779661017
P501199,normal,52,4.5,0.9615384615384616
P501199,oily,54,4.592592592592593,0.9444444444444444
P501213,combination,125,4.432,0.936
P501213,dry,31,4.483870967741935,0.967741935483871
P501213,normal,32,4.75,1.0
P501213,oily,19,4.368421052631579,0.8421052631578947
P501236,combination,232,4.616379310344827,0.9267241379310345
P501236,dry,70,4.4714285714285715,0.9285714285714286
P501236,normal,62,4.741935483870968,0.9838709677419355
P501236,oily,52,4.653846153846154,0.9807692307692307
P501243,combination,163,4.0552147239263805,0.803680981595092
P501243,dry,30,4.2,0.8333333333333334
P501243,normal,33,3.9393939393939394,0.8181818181818182
P501243,oily,25,4.08,0.76
P501254,combination,359,4.763231197771588,0.958217270194986
P501254,dry,158,4.6075949367088604,0.9177215189873418
P501254,normal,103,4.776699029126213,0.970873786407767
P501254,oily,72,4.583333333333333,0.9027777777777778
P501282,combination,144,4.701388888888889,0.9791666666666666
P501282,dry,56,4.482142857142857,0.9285714285714286
P501282,normal,46,4.869565217391305,0.9782608695652174
P501282,oily,33,4.7272727272727275,0.9696969696969697
P501288,combination,181,4.574585635359116,0.9337016574585635
P501288,dry,68,4.529411764705882,0.8970588235294118
P501288,normal,48,4.229166666666667,0.8125
P501288,oily,35,4.6,0.9142857142857143
P501316,combination,38,3.8421052631578947,0.7894736842105263
P501316,dry,15,4.066666666666666,0.8666666666666667
P501316,normal,11,4.454545454545454,0.9090909090909091
P501316,oily,7,4.285714285714286,1.0
P501321,combination,160,4.8125,0.96875
P501321,dry,59,4.88135593220339,0.9830508474576272
P501321,normal,40,4.85,1.0
P501321,oily,33,4.818181818181818,0.9393939393939394
P501421,combination,60,4.716666666666667,0.95
P501421,dry,20,4.85,1.0
P501421,normal,11,4.181818181818182,1.0
P501421,oily,13,4.769230769230769,1.0
P501518,combination,91,4.131868131868132,0.8461538461538461
P501518,dry,28,4.107142857142857,0.8571428571428571
P501518,normal,23,4.0,0.8260869565217391
P501518,oily,17,3.9411764705882355,0.7647058823529411
P501581,combination,161,4.254658385093168,0.8633540372670807
P501581,dry,20,3.8,0.75
P501581,normal,35,4.171428571428572,0.8
P501581,oily,77,4.103896103896104,0.8181818181818182
P501587,combination,24,4.541666666666667,0.9166666666666666
P501587,dry,10,4.8,0.9
P501587,normal,13,4.384615384615385,0.8461538461538461
P501587,oily,5,4.6,0.8
P501760,combination,470,4.5638297872340425,0.8936170212765957
P501760,dry,191,4.575916230366492,0.9319371727748691
P501760,normal,124,4.451612903225806,0.8870967741935484
P501760,oily,110,4.3090909090909095,0.8181818181818182
P501781,combination,137,4.62043795620438,0.9051094890510949
P501781,dry,46,4.543478260869565,0.9130434782608695
P501781,normal,36,4.833333333333333,0.9444444444444444
P501781,oily,29,4.241379310344827,0.8620689655172413
P501790,combination,29,4.379310344827586,0.896551724137931
P501790,dry,13,4.6923076923076925,0.9230769230769231
P501790,normal,12,4.333333333333333,0.9166666666666666
P501790,oily,10,4.4,0.9
P502046,combination,72,4.597222222222222,0.9305555555555556
P502046,dry,24,4.666666666666667,1.0
P502046,normal,15,4.666666666666667,0.9333333333333333
P502046,oily,8,4.25,0.875
P502169,combination,44,4.7727272727272725,0.9772727272727273
P502169,dry,16,4.5,0.875
P502169,normal,11,4.818181818181818,1.0
P502169,oily,2,4.5,1.0
P502197,combination,43,4.837209302325581,0.9767441860465116
P502197,dry,24,4.75,0.9583333333333334
P502197,normal,14,4.857142857142857,1.0
P502197,oily,4,5.0,1.0
P502200,combination,43,4.906976744186046,1.0
P502200,dry,26,4.576923076923077,0.9230769230769231
P502200,normal,13,4.846153846153846,1.0
P502200,oily,2,5.0,1.0
P502322,combination,47,4.76595744680851,0.9787234042553191
P502322,dry,20,4.8,1.0
P502322,normal,15,4.933333333333334,1.0
P502322,oily,5,4.8,1.0
P502326,combination,137,4.846715328467154,0.9927007299270073
P502326,dry,59,4.728813559322034,0.9322033898305084
P502326,normal,41,4.853658536585366,1.0
P502326,oily,19,4.842105263157895,1.0
P502395,combination,74,4.6891891891891895,0.972972972972973
P502395,dry,30,4.7,0.9666666666666667
P502395,normal,19,4.842105263157895,1.0
P502395,oily,11,4.2727272727272725,1.0
P502479,combination,46,4.869565217391305,1.0
P502479,dry,11,4.2727272727272725,0.8181818181818182
P502479,normal,14,4.142857142857143,0.7857142857142857
P502479,oily,8,4.5,1.0
P502640,combination,39,4.871794871794871,1.0
P502640,dry,10,5.0,1.0
P502640,normal,5,4.4,0.8
P502640,oily,6,4.833333333333333,1.0
P502656,combination,441,4.108843537414966,0.7818181818181819
P502656,dry,211,4.1753554502369665,0.8104265402843602
P502656,normal,174,4.011494252873563,0.7701149425287356
P502656,oily,67,4.029850746268656,0.7910447761194029
P502691,combination,44,3.9545454545454546,0.7954545454545454
P502691,dry,8,4.5,0.875
P502691,normal,11,4.0,0.7272727272727273
P502691,oily,12,4.5,0.9166666666666666
P502710,combination,40,3.875,0.75
P502710,dry,4,3.5,0.5
P502710,normal,11,4.0,0.9090909090909091
P502710,oily,13,3.769230769230769,0.6923076923076923
P502741,combination,37,3.972972972972973,0.7027027027027027
P502741,dry,9,3.5555555555555554,0.6666666666666666
P502741,normal,14,3.7857142857142856,0.6428571428571429
P502741,oily,7,3.5714285714285716,0.7142857142857143
P502745,combination,70,4.457142857142857,0.8857142857142857
P502745,dry,32,4.40625,0.875
P502745,normal,22,4.409090909090909,0.9090909090909091
P502745,oily,12,4.0,0.75
P502749,combination,45,3.8444444444444446,0.7555555555555555
P502749,dry,7,4.0,0.8571428571428571
P502749,normal,10,3.7,0.8
P502749,oily,15,3.6,0.6666666666666666
P502756,combination,28,4.071428571428571,0.7857142857142857
P502756,dry,22,4.409090909090909,0.9090909090909091
P502756,normal,9,4.222222222222222,0.8888888888888888
P502756,oily,3,3.6666666666666665,0.6666666666666666
P502758,combination,19,4.526315789473684,0.9473684210526315
P502758,dry,10,4.5,0.9
P502758,normal,9,4.888888888888889,1.0
P502758,oily,1,5.0,1.0
P502761,combination,252,4.761904761904762,0.9642857142857143
P502761,dry,86,4.767441860465116,0.9883720930232558
P502761,normal,70,4.585714285714285,0.9428571428571428
P502761,oily,50,4.58,0.96
P502848,combination,25,4.68,0.92
P502848,dry,13,4.846153846153846,0.9230769230769231
P502848,normal,10,5.0,1.0
P502848,oily,5,5.0,1.0
P502852,combination,93,4.505376344086022,0.9354838709677419
P502852,dry,24,4.541666666666667,0.9583333333333334
P502852,normal,21,4.380952380952381,0.9047619047619048
P502852,oily,15,4.6,1.0
P502966,combination,237,4.616033755274262,0.9240506329113924
P502966,dry,117,4.512820512820513,0.8974358974358975
P502966,normal,80,4.75,0.9375
P502966,oily,42,4.880952380952381,1.0
P502986,combination,68,4.911764705882353,0.9852941176470589
P502986,dry,17,4.9411764705882355,1.0
P502986,normal,25,4.76,1.0
P502986,oily,14,4.928571428571429,1.0
P502997,combination,59,3.610169491525424,0.6610169491525424
P502997,dry,21,4.0,0.7619047619047619
P502997,normal,14,4.071428571428571,0.8571428571428571
P502997,oily,19,3.0526315789473686,0.47368421052631576
P503052,combination,189,4.253968253968254,0.8491620111731844
P503052,dry,71,4.436619718309859,0.8840579710144928
P503052,normal,51,4.254901960784314,0.8666666666666667
P503052,oily,45,3.9555555555555557,0.8372093023255814
P503191,combination,581,4.5524956970740105,0.9001721170395869
P503191,dry,217,4.529953917050691,0.8847926267281107
P503191,normal,161,4.540372670807454,0.8944099378881988
P503191,oily,129,4.612403100775194,0.9302325581395349
P503197,combination,120,4.875,0.9833333333333333
P503197,dry,51,4.8431372549019605,0.9607843137254902
P503197,normal,38,4.894736842105263,0.9473684210526315
P503197,oily,23,4.913043478260869,0.9565217391304348
P503250,combination,117,4.555555555555555,0.9145299145299145
P503250,dry,30,4.6,0.9333333333333333
P503250,normal,24,4.583333333333333,1.0
P503250,oily,24,4.75,0.9583333333333334
P503562,combination,20,4.15,0.85
P503562,dry,3,5.0,1.0
P503562,normal,7,4.428571428571429,0.8571428571428571
P503562,oily,2,1.0,0.0
P503634,combination,277,4.4765342960288805,0.9133574007220217
P503634,dry,120,4.208333333333333,0.8
P503634,normal,62,4.145161290322581,0.8225806451612904
P503634,oily,51,4.254901960784314,0.8627450980392157
P503642,combination,147,4.45578231292517,0.9387755102040817
P503642,dry,58,4.482758620689655,0.8793103448275862
P503642,normal,52,4.25,0.8653846153846154
P503642,oily,27,4.111111111111111,0.8888888888888888
P503651,combination,167,4.850299401197605,0.9820359281437125
P503651,dry,82,4.7682926829268295,0.9634146341463414
P503651,normal,48,4.895833333333333,0.9791666666666666
P503651,oily,31,4.806451612903226,1.0
P503652,combination,56,4.464285714285714,0.9285714285714286
P503652,dry,23,4.3478260869565215,0.8695652173913043
P503652,normal,13,4.615384615384615,0.9230769230769231
P503652,oily,8,3.875,0.75
P503657,combination,85,4.541176470588235,0.8941176470588236
P503657,dry,27,4.481481481481482,0.8888888888888888
P503657,normal,19,4.157894736842105,0.8421052631578947
P503657,oily,15,4.733333333333333,1.0
P503668,combination,225,4.848888888888889,0.9866666666666667
P503668,dry,117,4.888888888888889,0.9829059829059829
P503668,normal,68,4.8088235294117645,0.9852941176470589
P503668,oily,31,4.580645161290323,0.967741935483871
P503683,combination,48,4.625,0.9166666666666666
P503683,dry,19,4.894736842105263,1.0
P503683,normal,9,4.555555555555555,0.8888888888888888
P503683,oily,8,4.75,0.875
P503690,combination,55,4.709090909090909,0.9272727272727272
P503690,dry,117,4.837606837606837,0.9914529914529915
P503690,normal,28,4.75,0.9285714285714286
P503690,oily,5,4.6,1.0
P503692,combination,201,4.064676616915423,0.7562189054726368
P503692,dry,61,4.229508196721311,0.8032786885245902
P503692,normal,46,4.0,0.7391304347826086
P503692,oily,49,4.346938775510204,0.8571428571428571
P503693,combination,218,4.486238532110092,0.9036697247706422
P503693,dry,49,4.489795918367347,0.9387755102040817
P503693,normal,60,4.45,0.8833333333333333
P503693,oily,50,4.58,0.94
P503721,combination,248,4.375,0.8830645161290323
P503721,dry,50,4.24,0.86
P503721,normal,52,4.461538461538462,0.9230769230769231
P503721,oily,46,4.3478260869565215,0.8913043478260869
P503726,combination,317,4.779179810725552,0.9652996845425867
P503726,dry,140,4.757142857142857,0.9785714285714285
P503726,normal,81,4.666666666666667,0.9629629629629629
P503726,oily,68,4.514705882352941,0.9264705882352942
P503747,combination,134,4.559701492537314,0.9402985074626866
P503747,dry,34,4.470588235294118,0.9117647058823529
P503747,normal,42,4.5476190476190474,0.9523809523809523
P503747,oily,21,4.619047619047619,1.0
P503809,combination,43,4.8604651162790695,0.9767441860465116
P503809,dry,19,4.684210526315789,0.9473684210526315
P503809,normal,14,4.714285714285714,0.9285714285714286
P503809,oily,9,4.666666666666667,1.0
P503814,combination,225,4.817777777777778,0.9866666666666667
P503814,dry,35,4.885714285714286,1.0
P503814,normal,47,4.702127659574468,0.9148936170212766
P503814,oily,29,4.827586206896552,1.0
P503820,combination,17,4.823529411764706,1.0
P503820,dry,5,4.8,1.0
P503820,normal,6,4.833333333333333,0.8333333333333334
P503820,oily,2,5.0,1.0
P503827,combination,63,4.603174603174603,0.9047619047619048
P503827,dry,30,4.7,0.9666666666666667
P503827,normal,10,3.9,0.8
P503827,oily,7,4.571428571428571,0.8571428571428571
P503865,combination,103,4.533980582524272,0.9029126213592233
P503865,dry,43,4.116279069767442,0.6976744186046512
P503865,normal,26,4.346153846153846,0.8461538461538461
P503865,oily,8,3.875,0.625
P503867,combination,112,4.5625,0.9910714285714286
P503867,dry,58,4.603448275862069,0.9482758620689655
P503867,normal,32,4.75,1.0
P503867,oily,24,4.375,1.0
P503878,combination,41,4.682926829268292,0.926829268292683
P503878,dry,39,4.487179487179487,0.8717948717948718
P503878,normal,20,4.8,0.95
P503878,oily,7,4.428571428571429,0.8571428571428571
P503879,combination,315,4.711111111111111,0.9555555555555556
P503879,dry,112,4.6875,0.9464285714285714
P503879,normal,70,4.628571428571429,0.9285714285714286
P503879,oily,49,4.714285714285714,0.9591836734693877
P503891,combination,248,4.794354838709677,0.9758064516129032
P503891,dry,134,4.723880597014926,0.9776119402985075
P503891,normal,58,4.793103448275862,0.9310344827586207
P503891,oily,32,4.53125,0.9375
P503913,combination,170,4.729411764705882,0.9588235294117647
P503913,dry,76,4.776315789473684,0.9736842105263158
P503913,normal,25,4.92,1.0
P503913,oily,16,4.8125,1.0
P503920,combination,64,4.890625,1.0
P503920,dry,35,4.914285714285715,1.0
P503920,normal,13,4.923076923076923,1.0
P503920,oily,9,4.555555555555555,0.8888888888888888
P503923,combination,73,4.712328767123288,0.958904109589041
P503923,dry,49,4.530612244897959,0.9387755102040817
P503923,normal,25,4.6,0.96
P503923,oily,5,4.2,0.8
P503926,combination,40,4.475,0.9
P503926,dry,21,4.380952380952381,0.8571428571428571
P503926,normal,12,4.333333333333333,0.75
P503926,oily,4,4.25,1.0
P503927,combination,23,4.478260869565218,0.8695652173913043
P503927,dry,46,4.673913043478261,0.9565217391304348
P503927,normal,33,4.575757575757576,0.9393939393939394
P503927,oily,3,4.333333333333333,1.0
P503928,combination,12,4.333333333333333,0.75
P503928,dry,9,3.7777777777777777,0.5555555555555556
P503928,normal,1,1.0,0.0
P503928,oily,2,3.5,0.5
P503936,combination,702,4.8575498575498575,0.99002849002849
P503936,dry,283,4.798586572438163,0.9752650176678446
P503936,normal,216,4.87037037037037,0.9907407407407407
P503936,oily,116,4.836206896551724,0.9568965517241379
P503991,combination,80,4.85,0.975
P503991,dry,43,4.906976744186046,1.0
P503991,normal,21,4.904761904761905,1.0
P503991,oily,8,5.0,1.0
P503992,combination,122,4.89344262295082,0.9754098360655737
P503992,dry,66,4.833333333333333,0.9848484848484849
P503992,normal,34,4.882352941176471,1.0
P503992,oily,11,4.909090909090909,1.0
P503999,combination,275,4.418181818181818,0.9127272727272727
P503999,dry,66,4.621212121212121,0.9696969696969697
P503999,normal,58,4.448275862068965,0.9482758620689655
P503999,oily,56,4.321428571428571,0.8392857142857143
P504001,combination,140,4.6571428571428575,0.9785714285714285
P504001,dry,58,4.620689655172414,0.9310344827586207
P504001,normal,33,4.636363636363637,0.9696969696969697
P504001,oily,39,4.641025641025641,0.9743589743589743
P504007,combination,219,4.502283105022831,0.908675799086758
P504007,dry,65,4.230769230769231,0.8461538461538461
P504007,normal,55,4.709090909090909,0.9454545454545454
P504007,oily,37,4.594594594594595,0.9459459459459459
P504016,combination,39,4.9743589743589745,1.0
P504016,dry,21,4.904761904761905,1.0
P504016,normal,9,4.888888888888889,1.0
P504016,oily,6,5.0,1.0
P504023,combination,9,4.666666666666667,0.8888888888888888
P504023,dry,13,4.384615384615385,0.9230769230769231
P504023,normal,3,5.0,1.0
P504023,oily,1,4.0,0.0
P504026,combination,80,4.85,0.975
P504026,dry,43,4.906976744186046,1.0
P504026,normal,21,4.904761904761905,1.0
P504026,oily,8,5.0,1.0
P504028,combination,150,3.953333333333333,0.7666666666666667
P504028,dry,26,3.923076923076923,0.8846153846153846
P504028,normal,41,4.121951219512195,0.9024390243902439
P504028,oily,30,4.0,0.8666666666666667
P504031,combination,39,4.9743589743589745,1.0
P504031,dry,21,4.904761904761905,1.0
P504031,normal,9,4.888888888888889,1.0
P504031,oily,6,5.0,1.0
P504040,combination,18,4.833333333333333,1.0
P504040,dry,10,4.9,1.0
P504040,normal,7,5.0,1.0
P504040,oily,5,4.8,1.0
P504042,combination,176,4.7102272727272725,0.9659090909090909
P504042,dry,53,4.811320754716981,1.0
P504042,normal,48,4.583333333333333,0.9375
P504042,oily,33,4.575757575757576,0.9393939393939394
P504043,combination,56,4.892857142857143,0.9821428571428571
P504043,dry,41,4.804878048780488,0.975609756097561
P504043,normal,20,4.8,0.95
P504043,oily,16,4.4375,0.875
P504044,combination,146,4.7534246575342465,0.9794520547945206
P504044,dry,60,4.783333333333333,0.95
P504044,normal,40,4.775,0.975
P504044,oily,17,4.705882352941177,0.9411764705882353
P504045,combination,214,4.714953271028038,0.9579439252336449
P504045,dry,44,4.681818181818182,0.9772727272727273
P504045,normal,68,4.838235294117647,1.0
P504045,oily,26,4.653846153846154,1.0
P504050,combination,11,4.909090909090909,1.0
P504050,dry,2,4.0,1.0
P504050,normal,5,4.6,1.0
P504050,oily,3,5.0,1.0
P504056,combination,76,4.828947368421052,0.9605263157894737
P504056,dry,25,4.72,1.0
P504056,normal,22,4.7727272727272725,0.9545454545454546
P504056,oily,8,4.375,0.875
P504059,combination,29,4.862068965517241,1.0
P504059,dry,16,4.875,1.0
P504059,normal,20,4.9,1.0
P504059,oily,8,4.875,1.0
P504064,combination,149,4.597315436241611,0.9731543624161074
P504064,dry,48,4.541666666666667,0.9375
P504064,normal,38,4.7894736842105265,1.0
P504064,oily,37,4.621621621621622,0.972972972972973
P504071,combination,222,4.382882882882883,0.8963963963963963
P504071,dry,63,4.333333333333333,0.8888888888888888
P504071,normal,67,4.507462686567164,0.9253731343283582
P504071,oily,29,4.310344827586207,0.8620689655172413
P504073,combination,84,4.773809523809524,0.9642857142857143
P504073,dry,71,4.873239436619718,0.971830985915493
P504073,normal,22,4.909090909090909,1.0
P504073,oily,10,4.9,1.0
P504076,combination,91,4.78021978021978,0.9560439560439561
P504076,dry,45,4.8,0.9555555555555556
P504076,normal,23,4.913043478260869,1.0
P504076,oily,23,4.565217391304348,0.9130434782608695
P504125,combination,326,4.711656441717792,0.9693251533742331
P504125,dry,53,4.7924528301886795,1.0
P504125,normal,48,4.333333333333333,0.8958333333333334
P504125,oily,120,4.608333333333333,0.9333333333333333
P504134,combination,13,4.615384615384615,0.8461538461538461
P504134,dry,8,4.375,0.875
P504134,normal,2,3.5,0.5
P504134,oily,5,4.4,0.8
P504171,combination,73,4.493150684931507,0.9041095890410958
P504171,dry,26,4.615384615384615,1.0
P504171,normal,24,4.5,0.875
P504171,oily,18,4.666666666666667,1.0
P504199,combination,23,4.782608695652174,0.9565217391304348
P504199,dry,16,4.875,1.0
P504199,normal,5,5.0,1.0
P504199,oily,7,4.857142857142857,1.0
P504208,combination,14,4.214285714285714,0.8571428571428571
P504208,dry,6,4.5,0.8333333333333334
P504208,normal,9,4.222222222222222,0.7777777777777778
P504208,oily,2,3.5,0.5
P504212,combination,82,4.695121951219512,0.9024390243902439
P504212,dry,35,4.714285714285714,0.9714285714285714
P504212,normal,30,4.466666666666667,0.8666666666666667
P504212,oily,20,4.4,0.85
P504218,combination,20,4.55,0.95
P504218,dry,9,4.666666666666667,0.8888888888888888
P504218,normal,5,3.8,0.6
P504218,oily,2,4.5,1.0
P504240,combination,88,4.136363636363637,0.7954545454545454
P504240,dry,26,3.8461538461538463,0.6923076923076923
P504240,normal,18,4.666666666666667,0.9444444444444444
P504240,oily,32,4.46875,0.9375
P504277,combination,76,4.723684210526316,0.9736842105263158
P504277,dry,31,4.451612903225806,0.8709677419354839
P504277,normal,22,4.636363636363637,0.9090909090909091
P504277,oily,3,5.0,1.0
P504309,combination,60,4.466666666666667,0.9
P504309,dry,131,4.33587786259542,0.8702290076335878
P504309,normal,65,4.584615384615384,0.9230769230769231
P504309,oily,5,5.0,1.0
P504313,combination,26,4.846153846153846,1.0
P504313,dry,12,4.916666666666667,1.0
P504313,normal,10,4.4,0.9
P504313,oily,2,5.0,1.0
P504315,combination,107,4.700934579439252,0.9345794392523364
P504315,dry,30,4.733333333333333,0.9333333333333333
P504315,normal,19,4.631578947368421,0.9473684210526315
P504315,oily,22,4.7272727272727275,0.9545454545454546
P504325,combination,59,4.830508474576271,0.9661016949152542
P504325,dry,28,4.857142857142857,1.0
P504325,normal,17,5.0,1.0
P504325,oily,10,4.7,1.0
P504421,combination,143,4.811188811188811,1.0
P504421,dry,79,4.8354430379746836,1.0
P504421,normal,47,4.872340425531915,0.9574468085106383
P504421,oily,16,4.8125,0.9375
P504429,combination,143,4.804195804195804,0.986013986013986
P504429,dry,88,4.784090909090909,0.9659090909090909
P504429,normal,47,4.829787234042553,1.0
P504429,oily,14,5.0,1.0
P504433,combination,148,4.77027027027027,0.9797297297297297
P504433,dry,54,4.574074074074074,0.9629629629629629
P504433,normal,36,4.916666666666667,1.0
P504433,oily,26,4.615384615384615,0.9230769230769231
P504446,combination,29,4.827586206896552,1.0
P504446,dry,12,4.333333333333333,1.0
P504446,normal,10,4.9,1.0
P504446,oily,1,5.0,1.0
P504506,combination,72,4.805555555555555,0.9861111111111112
P504506,dry,42,4.666666666666667,0.9285714285714286
P504506,normal,20,5.0,0.95
P504506,oily,8,5.0,1.0
P504523,combination,33,3.8484848484848486,0.7575757575757576
P504523,dry,40,4.25,0.875
P504523,normal,16,3.9375,0.8125
P504523,oily,9,2.6666666666666665,0.4444444444444444
P504524,combination,30,4.066666666666666,0.7666666666666667
P504524,dry,19,4.0,0.7894736842105263
P504524,normal,6,3.5,0.5
P504524,oily,11,3.909090909090909,0.8181818181818182
P504575,combination,93,4.645161290322581,0.956989247311828
P504575,dry,35,4.571428571428571,0.9428571428571428
P504575,normal,22,4.636363636363637,1.0
P504575,oily,15,5.0,1.0
P504595,combination,1259,4.519459888800635,0.9062748212867355
P504595,dry,520,4.423076923076923,0.8634615384615385
P504595,normal,344,4.575581395348837,0.9011627906976745
P504595,oily,294,4.534013605442177,0.9183673469387755
P504615,combination,1337,4.161555721765146,0.7995512341062079
P504615,dry,288,4.041666666666667,0.7465277777777778
P504615,normal,265,4.086792452830188,0.7622641509433963
P504615,oily,449,4.22271714922049,0.8195991091314031
P504637,combination,73,4.835616438356165,0.9863013698630136
P504637,dry,35,4.942857142857143,1.0
P504637,normal,11,4.909090909090909,1.0
P504637,oily,10,4.9,1.0
P504639,combination,151,4.450331125827814,0.8675496688741722
P504639,dry,71,4.746478873239437,0.9436619718309859
P504639,normal,48,4.416666666666667,0.8958333333333334
P504639,oily,24,4.666666666666667,0.9166666666666666
P504644,combination,81,4.0246913580246915,0.7654320987654321
P504644,dry,11,4.181818181818182,0.8181818181818182
P504644,normal,23,4.086956521739131,0.782608695652174
P504644,oily,21,4.095238095238095,0.7142857142857143
P504794,combination,17,4.0588235294117645,0.7647058823529411
P504794,dry,19,4.421052631578948,0.8421052631578947
P504794,normal,6,4.333333333333333,0.8333333333333334
P504794,oily,3,2.3333333333333335,0.3333333333333333
P504849,combination,55,4.890909090909091,1.0
P504849,dry,25,4.76,0.96
P504849,normal,9,4.555555555555555,1.0
P504849,oily,4,5.0,1.0
P504880,combination,20,4.65,0.9
P504880,dry,6,5.0,1.0
P504880,normal,4,5.0,1.0
P504880,oily,2,2.5,0.0
P504892,combination,47,4.680851063829787,0.9574468085106383
P504892,dry,6,5.0,1.0
P504892,normal,11,4.818181818181818,1.0
P504892,oily,18,4.777777777777778,1.0
P504986,combination,325,4.5661538461538465,0.9446153846153846
P504986,dry,111,4.4774774774774775,0.9369369369369369
P504986,normal,81,4.62962962962963,0.9753086419753086
P504986,oily,81,4.604938271604938,0.9876543209876543
P504988,combination,67,4.686567164179104,0.9850746268656716
P504988,dry,13,4.846153846153846,1.0
P504988,normal,11,4.909090909090909,1.0
P504988,oily,13,4.461538461538462,0.8461538461538461
P505009,combination,430,4.667441860465116,0.9488372093023256
P505009,dry,88,4.511363636363637,0.9318181818181818
P505009,normal,97,4.494845360824742,0.9175257731958762
P505009,oily,73,4.8493150684931505,0.9863013698630136
P505020,combination,277,4.631768953068592,0.9530685920577617
P505020,dry,27,4.444444444444445,0.8888888888888888
P505020,normal,64,4.671875,0.953125
P505020,oily,87,4.597701149425287,0.9655172413793104
P505023,combination,439,4.765375854214123,0.9840546697038725
P505023,dry,54,4.666666666666667,0.9629629629629629
P505023,normal,114,4.815789473684211,0.9824561403508771
P505023,oily,79,4.8354430379746836,1.0
P505024,combination,318,4.723270440251572,0.9591194968553459
P505024,dry,35,4.485714285714286,0.9428571428571428
P505024,normal,76,4.473684210526316,0.8947368421052632
P505024,oily,32,4.71875,0.96875
P505031,combination,442,4.624434389140271,0.9411764705882353
P505031,dry,54,4.555555555555555,0.9074074074074074
P505031,normal,101,4.544554455445544,0.9405940594059405
P505031,oily,100,4.62,0.94
P505047,combination,52,4.865384615384615,0.9615384615384616
P505047,dry,13,5.0,1.0
P505047,normal,17,5.0,1.0
P505047,oily,11,5.0,1.0
P505049,combination,150,4.846666666666667,0.98
P505049,dry,71,4.71830985915493,0.971830985915493
P505049,normal,34,4.705882352941177,1.0
P505049,oily,18,4.888888888888889,1.0
P505054,combination,310,4.703225806451613,0.964516129032258
P505054,dry,41,4.804878048780488,1.0
P505054,normal,70,4.714285714285714,0.9714285714285714
P505054,oily,36,4.666666666666667,0.9722222222222222
P505131,combination,15,4.866666666666666,1.0
P505131,dry,8,4.625,0.875
P505131,normal,5,4.6,1.0
P505131,oily,3,4.333333333333333,1.0
P505133,combination,29,4.896551724137931,1.0
P505133,dry,8,4.875,1.0
P505133,normal,13,5.0,1.0
P505133,oily,2,5.0,1.0
P505139,combination,109,4.889908256880734,0.9908256880733946
P505139,dry,39,4.743589743589744,1.0
P505139,normal,31,4.774193548387097,1.0
P505139,oily,17,4.705882352941177,1.0
P505140,combination,49,4.591836734693878,0.9183673469387755
P505140,dry,22,4.636363636363637,0.9545454545454546
P505140,normal,10,4.4,0.8
P505140,oily,11,4.2727272727272725,0.9090909090909091
P505142,combination,27,4.888888888888889,1.0
P505142,dry,13,4.923076923076923,1.0
P505142,normal,5,4.8,1.0
P505142,oily,5,4.4,0.8
P505158,combination,87,4.827586206896552,0.9770114942528736
P505158,dry,38,4.7631578947368425,0.9736842105263158
P505158,normal,25,4.84,1.0
P505158,oily,18,4.833333333333333,1.0
P505160,combination,90,4.477777777777778,0.8666666666666667
P505160,dry,65,4.461538461538462,0.8923076923076924
P505160,normal,31,4.580645161290323,0.9354838709677419
P505160,oily,11,4.363636363636363,0.9090909090909091
P505211,combination,85,4.517647058823529,0.9058823529411765
P505211,dry,26,4.423076923076923,0.8461538461538461
P505211,normal,22,4.2272727272727275,0.7727272727272727
P505211,oily,11,4.818181818181818,1.0
P505233,combination,36,4.861111111111111,0.9722222222222222
P505233,dry,23,4.913043478260869,0.9565217391304348
P505233,normal,9,5.0,1.0
P505233,oily,11,4.909090909090909,1.0
P505316,combination,34,4.970588235294118,1.0
P505316,dry,11,4.818181818181818,1.0
P505316,normal,9,4.888888888888889,1.0
P505316,oily,1,5.0,1.0
P505338,combination,55,4.945454545454545,1.0
P505338,dry,20,4.9,1.0
P505338,normal,12,4.916666666666667,1.0
P505338,oily,11,4.909090909090909,1.0
P505346,combination,540,4.624074074074074,0.937037037037037
P505346,dry,210,4.557142857142857,0.9142857142857143
P505346,normal,117,4.555555555555555,0.9230769230769231
P505346,oily,66,4.348484848484849,0.8333333333333334
P505392,combination,13,4.769230769230769,1.0
P505392,dry,6,5.0,1.0
P505392,normal,9,5.0,1.0
P505392,oily,3,5.0,1.0
P505408,combination,50,4.18,0.88
P505408,dry,13,4.230769230769231,0.8461538461538461
P505408,normal,22,4.136363636363637,0.8181818181818182
P505408,oily,13,4.3076923076923075,0.7692307692307693
P505452,combination,44,4.613636363636363,0.9772727272727273
P505452,dry,11,4.454545454545454,1.0
P505452,normal,12,4.416666666666667,1.0
P505452,oily,13,4.538461538461538,0.9230769230769231
P505711,combination,42,4.619047619047619,0.9523809523809523
P505711,dry,32,4.6875,0.96875
P505711,normal,16,4.75,1.0
P505711,oily,5,4.8,1.0
P54509,combination,766,4.543080939947781,0.9303703703703704
P54509,dry,300,4.61,0.9314516129032258
P54509,normal,215,4.586046511627907,0.9470899470899471
P54509,oily,189,4.518518518518518,0.9545454545454546
P6028,combination,82,4.195121951219512,0.7307692307692307
P6028,dry,50,4.34,0.7647058823529411
P6028,normal,27,4.555555555555555,1.0
P6028,oily,14,4.5,0.5
P7365,combination,231,4.1558441558441555,0.8
P7365,dry,17,3.764705882352941,0.0
P7365,normal,21,4.095238095238095,0.5
P7365,oily,121,3.950413223140496,0.6666666666666666
P7880,combination,3766,4.381306425916091,0.8366047745358091
P7880,dry,1159,4.366695427092321,0.8431372549019608
P7880,normal,941,4.393198724760893,0.8428874734607219
P7880,oily,737,4.271370420624152,0.7995049504950495
P91627362,combination,135,4.162962962962963,0.7925925925925926
P91627362,dry,36,4.194444444444445,0.8055555555555556
P91627362,normal,34,4.117647058823529,0.7941176470588235
P91627362,oily,43,4.186046511627907,0.8372093023255814
P94421,combination,1523,4.293499671700591,0.8475103734439834
P94421,dry,385,4.327272727272727,0.8467153284671532
P94421,normal,321,4.140186915887851,0.8181818181818182
P94421,oily,296,4.111486486486487,0.7979274611398963
P94812,combination,244,4.627049180327869,0.8363636363636363
P94812,dry,58,4.586206896551724,0.95
P94812,normal,59,4.694915254237288,0.7777777777777778
P94812,oily,34,4.5,0.6666666666666666
P9939,combination,140,4.292857142857143,0.8372093023255814
P9939,dry,22,4.363636363636363,1.0
P9939,normal,29,4.068965517241379,0.6666666666666666
P9939,oily,16,4.25,0.7272727272727273
P9940,combination,416,4.2548076923076925,0.8475836431226765
P9940,dry,125,4.312,0.8452380952380952
P9940,normal,110,4.554545454545455,0.9090909090909091
P9940,oily,80,4.2375,0.8947368421052632
P9941,combination,200,4.58,0.9263157894736842
P9941,dry,44,4.2272727272727275,0.6818181818181818
P9941,normal,43,4.534883720930233,0.8421052631578947
P9941,oily,38,4.421052631578948,0.8947368421052632
